equipment_id,equipment_type,facility_id,facility,county,failure_timestamp,failure_mode,risk_score,scenario_rationale,severity,downtime_hours,estimated_repair_cost
ME-00012,Ultrasound,24541.0,Oasis Health Sirare Medical Centre,Migori,2026-03-27 02:00:00,E-CRITICAL,0.6946,"Usage-reporting discrepancy modeled on the 2026 national MES dialysis audit finding: machine usage counters showed materially more work performed than hospitals' paper registers recorded, by more than 30% in some cases. Maintenance-neglect-to-breakdown pattern modeled on the January 2025 Naivasha sub-county hospital dialysis machine breakdown, which forced patients to seek care elsewhere.",Critical,0.0,0.0
ME-00012,Ultrasound,24541.0,Oasis Health Sirare Medical Centre,Migori,2026-03-27 10:00:00,E-CRITICAL,0.8136,"Usage-reporting discrepancy modeled on the 2026 national MES dialysis audit finding: machine usage counters showed materially more work performed than hospitals' paper registers recorded, by more than 30% in some cases. Maintenance-neglect-to-breakdown pattern modeled on the January 2025 Naivasha sub-county hospital dialysis machine breakdown, which forced patients to seek care elsewhere.",Critical,0.0,0.0
ME-00012,Ultrasound,24541.0,Oasis Health Sirare Medical Centre,Migori,2026-03-28 12:00:00,E-CRITICAL,0.7658,"Usage-reporting discrepancy modeled on the 2026 national MES dialysis audit finding: machine usage counters showed materially more work performed than hospitals' paper registers recorded, by more than 30% in some cases. Maintenance-neglect-to-breakdown pattern modeled on the January 2025 Naivasha sub-county hospital dialysis machine breakdown, which forced patients to seek care elsewhere.",Critical,0.0,0.0
ME-00012,Ultrasound,24541.0,Oasis Health Sirare Medical Centre,Migori,2026-03-28 14:00:00,E-CRITICAL,0.7735,"Usage-reporting discrepancy modeled on the 2026 national MES dialysis audit finding: machine usage counters showed materially more work performed than hospitals' paper registers recorded, by more than 30% in some cases. Maintenance-neglect-to-breakdown pattern modeled on the January 2025 Naivasha sub-county hospital dialysis machine breakdown, which forced patients to seek care elsewhere.",Critical,0.0,0.0
ME-00012,Ultrasound,24541.0,Oasis Health Sirare Medical Centre,Migori,2026-03-28 20:00:00,E-CRITICAL,0.8175,"Usage-reporting discrepancy modeled on the 2026 national MES dialysis audit finding: machine usage counters showed materially more work performed than hospitals' paper registers recorded, by more than 30% in some cases. Maintenance-neglect-to-breakdown pattern modeled on the January 2025 Naivasha sub-county hospital dialysis machine breakdown, which forced patients to seek care elsewhere.",Critical,0.0,0.0
ME-00012,Ultrasound,24541.0,Oasis Health Sirare Medical Centre,Migori,2026-03-29 03:00:00,E-CRITICAL,0.8574,"Usage-reporting discrepancy modeled on the 2026 national MES dialysis audit finding: machine usage counters showed materially more work performed than hospitals' paper registers recorded, by more than 30% in some cases. Maintenance-neglect-to-breakdown pattern modeled on the January 2025 Naivasha sub-county hospital dialysis machine breakdown, which forced patients to seek care elsewhere.",Critical,0.0,0.0
ME-00012,Ultrasound,24541.0,Oasis Health Sirare Medical Centre,Migori,2026-03-29 23:00:00,E-CRITICAL,0.8291,"Usage-reporting discrepancy modeled on the 2026 national MES dialysis audit finding: machine usage counters showed materially more work performed than hospitals' paper registers recorded, by more than 30% in some cases. Maintenance-neglect-to-breakdown pattern modeled on the January 2025 Naivasha sub-county hospital dialysis machine breakdown, which forced patients to seek care elsewhere.",Critical,0.0,0.0
ME-00012,Ultrasound,24541.0,Oasis Health Sirare Medical Centre,Migori,2026-03-30 09:00:00,E-CRITICAL,0.7826,"Usage-reporting discrepancy modeled on the 2026 national MES dialysis audit finding: machine usage counters showed materially more work performed than hospitals' paper registers recorded, by more than 30% in some cases. Maintenance-neglect-to-breakdown pattern modeled on the January 2025 Naivasha sub-county hospital dialysis machine breakdown, which forced patients to seek care elsewhere.",Critical,0.0,0.0
ME-00012,Ultrasound,24541.0,Oasis Health Sirare Medical Centre,Migori,2026-03-30 15:00:00,E-CRITICAL,0.9891,"Usage-reporting discrepancy modeled on the 2026 national MES dialysis audit finding: machine usage counters showed materially more work performed than hospitals' paper registers recorded, by more than 30% in some cases. Maintenance-neglect-to-breakdown pattern modeled on the January 2025 Naivasha sub-county hospital dialysis machine breakdown, which forced patients to seek care elsewhere.",Critical,0.0,0.0
ME-00012,Ultrasound,24541.0,Oasis Health Sirare Medical Centre,Migori,2026-03-31 00:00:00,E-CRITICAL,0.8369,"Usage-reporting discrepancy modeled on the 2026 national MES dialysis audit finding: machine usage counters showed materially more work performed than hospitals' paper registers recorded, by more than 30% in some cases. Maintenance-neglect-to-breakdown pattern modeled on the January 2025 Naivasha sub-county hospital dialysis machine breakdown, which forced patients to seek care elsewhere.",Critical,0.0,0.0
ME-00012,Ultrasound,24541.0,Oasis Health Sirare Medical Centre,Migori,2026-03-31 01:00:00,E-CRITICAL,0.9018,"Usage-reporting discrepancy modeled on the 2026 national MES dialysis audit finding: machine usage counters showed materially more work performed than hospitals' paper registers recorded, by more than 30% in some cases. Maintenance-neglect-to-breakdown pattern modeled on the January 2025 Naivasha sub-county hospital dialysis machine breakdown, which forced patients to seek care elsewhere.",Critical,0.0,0.0
ME-00012,Ultrasound,24541.0,Oasis Health Sirare Medical Centre,Migori,2026-03-31 21:00:00,E-CRITICAL,0.7628,"Usage-reporting discrepancy modeled on the 2026 national MES dialysis audit finding: machine usage counters showed materially more work performed than hospitals' paper registers recorded, by more than 30% in some cases. Maintenance-neglect-to-breakdown pattern modeled on the January 2025 Naivasha sub-county hospital dialysis machine breakdown, which forced patients to seek care elsewhere.",Critical,0.0,0.0
ME-00018,Hemodialysis,11411.0,Hola District Hospital,Tana River,2026-03-24 03:00:00,E-CRITICAL,0.9982,"Maintenance-neglect-to-breakdown pattern modeled on the January 2025 Naivasha sub-county hospital dialysis machine breakdown, which forced patients to seek care elsewhere.",Critical,0.0,0.0
ME-00018,Hemodialysis,11411.0,Hola District Hospital,Tana River,2026-03-24 06:00:00,E-CRITICAL,1.0,"Maintenance-neglect-to-breakdown pattern modeled on the January 2025 Naivasha sub-county hospital dialysis machine breakdown, which forced patients to seek care elsewhere.",Critical,0.0,0.0
ME-00018,Hemodialysis,11411.0,Hola District Hospital,Tana River,2026-03-24 10:00:00,E-CRITICAL,0.8929,"Maintenance-neglect-to-breakdown pattern modeled on the January 2025 Naivasha sub-county hospital dialysis machine breakdown, which forced patients to seek care elsewhere.",Critical,0.0,0.0
ME-00018,Hemodialysis,11411.0,Hola District Hospital,Tana River,2026-03-24 13:00:00,E-CRITICAL,0.8688,"Maintenance-neglect-to-breakdown pattern modeled on the January 2025 Naivasha sub-county hospital dialysis machine breakdown, which forced patients to seek care elsewhere.",Critical,0.0,0.0
ME-00018,Hemodialysis,11411.0,Hola District Hospital,Tana River,2026-03-25 00:00:00,E-CRITICAL,1.0,"Maintenance-neglect-to-breakdown pattern modeled on the January 2025 Naivasha sub-county hospital dialysis machine breakdown, which forced patients to seek care elsewhere.",Critical,0.0,0.0
ME-00018,Hemodialysis,11411.0,Hola District Hospital,Tana River,2026-03-25 05:00:00,E-CRITICAL,1.0,"Maintenance-neglect-to-breakdown pattern modeled on the January 2025 Naivasha sub-county hospital dialysis machine breakdown, which forced patients to seek care elsewhere.",Critical,0.0,0.0
ME-00018,Hemodialysis,11411.0,Hola District Hospital,Tana River,2026-03-25 10:00:00,E-CRITICAL,0.9766,"Maintenance-neglect-to-breakdown pattern modeled on the January 2025 Naivasha sub-county hospital dialysis machine breakdown, which forced patients to seek care elsewhere.",Critical,0.0,0.0
ME-00018,Hemodialysis,11411.0,Hola District Hospital,Tana River,2026-03-25 23:00:00,E-CRITICAL,0.7877,"Maintenance-neglect-to-breakdown pattern modeled on the January 2025 Naivasha sub-county hospital dialysis machine breakdown, which forced patients to seek care elsewhere.",Critical,0.0,0.0
ME-00018,Hemodialysis,11411.0,Hola District Hospital,Tana River,2026-03-26 04:00:00,E-CRITICAL,1.0,"Maintenance-neglect-to-breakdown pattern modeled on the January 2025 Naivasha sub-county hospital dialysis machine breakdown, which forced patients to seek care elsewhere.",Critical,0.0,0.0
ME-00018,Hemodialysis,11411.0,Hola District Hospital,Tana River,2026-03-26 10:00:00,E-CRITICAL,0.9115,"Maintenance-neglect-to-breakdown pattern modeled on the January 2025 Naivasha sub-county hospital dialysis machine breakdown, which forced patients to seek care elsewhere.",Critical,0.0,0.0
ME-00018,Hemodialysis,11411.0,Hola District Hospital,Tana River,2026-03-26 16:00:00,E-CRITICAL,0.8691,"Maintenance-neglect-to-breakdown pattern modeled on the January 2025 Naivasha sub-county hospital dialysis machine breakdown, which forced patients to seek care elsewhere.",Critical,0.0,0.0
ME-00018,Hemodialysis,11411.0,Hola District Hospital,Tana River,2026-03-26 23:00:00,E-CRITICAL,0.8135,"Maintenance-neglect-to-breakdown pattern modeled on the January 2025 Naivasha sub-county hospital dialysis machine breakdown, which forced patients to seek care elsewhere.",Critical,0.0,0.0
ME-00018,Hemodialysis,11411.0,Hola District Hospital,Tana River,2026-03-27 10:00:00,E-CRITICAL,0.8903,"Maintenance-neglect-to-breakdown pattern modeled on the January 2025 Naivasha sub-county hospital dialysis machine breakdown, which forced patients to seek care elsewhere.",Critical,0.0,0.0
ME-00018,Hemodialysis,11411.0,Hola District Hospital,Tana River,2026-03-27 17:00:00,E-CRITICAL,0.9973,"Maintenance-neglect-to-breakdown pattern modeled on the January 2025 Naivasha sub-county hospital dialysis machine breakdown, which forced patients to seek care elsewhere.",Critical,0.0,0.0
ME-00018,Hemodialysis,11411.0,Hola District Hospital,Tana River,2026-03-28 01:00:00,E-CRITICAL,0.9029,"Maintenance-neglect-to-breakdown pattern modeled on the January 2025 Naivasha sub-county hospital dialysis machine breakdown, which forced patients to seek care elsewhere.",Critical,0.0,0.0
ME-00018,Hemodialysis,11411.0,Hola District Hospital,Tana River,2026-03-28 02:00:00,E-CRITICAL,0.8574,"Maintenance-neglect-to-breakdown pattern modeled on the January 2025 Naivasha sub-county hospital dialysis machine breakdown, which forced patients to seek care elsewhere.",Critical,0.0,0.0
ME-00018,Hemodialysis,11411.0,Hola District Hospital,Tana River,2026-03-28 08:00:00,E-CRITICAL,1.0,"Maintenance-neglect-to-breakdown pattern modeled on the January 2025 Naivasha sub-county hospital dialysis machine breakdown, which forced patients to seek care elsewhere.",Critical,0.0,0.0
ME-00018,Hemodialysis,11411.0,Hola District Hospital,Tana River,2026-03-28 16:00:00,E-CRITICAL,0.9305,"Maintenance-neglect-to-breakdown pattern modeled on the January 2025 Naivasha sub-county hospital dialysis machine breakdown, which forced patients to seek care elsewhere.",Critical,0.0,0.0
ME-00018,Hemodialysis,11411.0,Hola District Hospital,Tana River,2026-03-28 17:00:00,E-CRITICAL,0.9676,"Maintenance-neglect-to-breakdown pattern modeled on the January 2025 Naivasha sub-county hospital dialysis machine breakdown, which forced patients to seek care elsewhere.",Critical,0.0,0.0
ME-00018,Hemodialysis,11411.0,Hola District Hospital,Tana River,2026-03-28 19:00:00,E-CRITICAL,1.0,"Maintenance-neglect-to-breakdown pattern modeled on the January 2025 Naivasha sub-county hospital dialysis machine breakdown, which forced patients to seek care elsewhere.",Critical,0.0,0.0
ME-00018,Hemodialysis,11411.0,Hola District Hospital,Tana River,2026-03-29 00:00:00,E-CRITICAL,1.0,"Maintenance-neglect-to-breakdown pattern modeled on the January 2025 Naivasha sub-county hospital dialysis machine breakdown, which forced patients to seek care elsewhere.",Critical,0.0,0.0
ME-00018,Hemodialysis,11411.0,Hola District Hospital,Tana River,2026-03-29 03:00:00,E-CRITICAL,1.0,"Maintenance-neglect-to-breakdown pattern modeled on the January 2025 Naivasha sub-county hospital dialysis machine breakdown, which forced patients to seek care elsewhere.",Critical,0.0,0.0
ME-00018,Hemodialysis,11411.0,Hola District Hospital,Tana River,2026-03-29 10:00:00,E-CRITICAL,1.0,"Maintenance-neglect-to-breakdown pattern modeled on the January 2025 Naivasha sub-county hospital dialysis machine breakdown, which forced patients to seek care elsewhere.",Critical,0.0,0.0
ME-00018,Hemodialysis,11411.0,Hola District Hospital,Tana River,2026-03-29 22:00:00,E-CRITICAL,1.0,"Maintenance-neglect-to-breakdown pattern modeled on the January 2025 Naivasha sub-county hospital dialysis machine breakdown, which forced patients to seek care elsewhere.",Critical,0.0,0.0
ME-00018,Hemodialysis,11411.0,Hola District Hospital,Tana River,2026-03-30 03:00:00,E-CRITICAL,1.0,"Maintenance-neglect-to-breakdown pattern modeled on the January 2025 Naivasha sub-county hospital dialysis machine breakdown, which forced patients to seek care elsewhere.",Critical,0.0,0.0
ME-00018,Hemodialysis,11411.0,Hola District Hospital,Tana River,2026-03-30 07:00:00,E-CRITICAL,1.0,"Maintenance-neglect-to-breakdown pattern modeled on the January 2025 Naivasha sub-county hospital dialysis machine breakdown, which forced patients to seek care elsewhere.",Critical,0.0,0.0
ME-00018,Hemodialysis,11411.0,Hola District Hospital,Tana River,2026-03-30 21:00:00,E-CRITICAL,0.9413,"Maintenance-neglect-to-breakdown pattern modeled on the January 2025 Naivasha sub-county hospital dialysis machine breakdown, which forced patients to seek care elsewhere.",Critical,0.0,0.0
ME-00018,Hemodialysis,11411.0,Hola District Hospital,Tana River,2026-03-31 02:00:00,E-CRITICAL,1.0,"Maintenance-neglect-to-breakdown pattern modeled on the January 2025 Naivasha sub-county hospital dialysis machine breakdown, which forced patients to seek care elsewhere.",Critical,0.0,0.0
ME-00018,Hemodialysis,11411.0,Hola District Hospital,Tana River,2026-03-31 04:00:00,E-CRITICAL,1.0,"Maintenance-neglect-to-breakdown pattern modeled on the January 2025 Naivasha sub-county hospital dialysis machine breakdown, which forced patients to seek care elsewhere.",Critical,0.0,0.0
ME-00018,Hemodialysis,11411.0,Hola District Hospital,Tana River,2026-03-31 14:00:00,E-CRITICAL,1.0,"Maintenance-neglect-to-breakdown pattern modeled on the January 2025 Naivasha sub-county hospital dialysis machine breakdown, which forced patients to seek care elsewhere.",Critical,0.0,0.0
ME-00018,Hemodialysis,11411.0,Hola District Hospital,Tana River,2026-03-31 16:00:00,E-CRITICAL,0.9559,"Maintenance-neglect-to-breakdown pattern modeled on the January 2025 Naivasha sub-county hospital dialysis machine breakdown, which forced patients to seek care elsewhere.",Critical,0.0,0.0
ME-00018,Hemodialysis,11411.0,Hola District Hospital,Tana River,2026-03-31 21:00:00,E-CRITICAL,1.0,"Maintenance-neglect-to-breakdown pattern modeled on the January 2025 Naivasha sub-county hospital dialysis machine breakdown, which forced patients to seek care elsewhere.",Critical,0.0,0.0
ME-00021,Hemodialysis,14139.0,Tabaka Mission Hospital,Kisii,2026-03-22 21:00:00,E-CRITICAL,0.8134,"Usage-reporting discrepancy modeled on the 2026 national MES dialysis audit finding: machine usage counters showed materially more work performed than hospitals' paper registers recorded, by more than 30% in some cases. Maintenance-neglect-to-breakdown pattern modeled on the 2025 Kenyatta National Hospital radiotherapy machine failure that disrupted national oncology services.",Critical,0.0,0.0
ME-00021,Hemodialysis,14139.0,Tabaka Mission Hospital,Kisii,2026-03-23 09:00:00,E-CRITICAL,0.8952,"Usage-reporting discrepancy modeled on the 2026 national MES dialysis audit finding: machine usage counters showed materially more work performed than hospitals' paper registers recorded, by more than 30% in some cases. Maintenance-neglect-to-breakdown pattern modeled on the 2025 Kenyatta National Hospital radiotherapy machine failure that disrupted national oncology services.",Critical,0.0,0.0
ME-00021,Hemodialysis,14139.0,Tabaka Mission Hospital,Kisii,2026-03-25 22:00:00,E-CRITICAL,0.7675,"Usage-reporting discrepancy modeled on the 2026 national MES dialysis audit finding: machine usage counters showed materially more work performed than hospitals' paper registers recorded, by more than 30% in some cases. Maintenance-neglect-to-breakdown pattern modeled on the 2025 Kenyatta National Hospital radiotherapy machine failure that disrupted national oncology services.",Critical,0.0,0.0
ME-00021,Hemodialysis,14139.0,Tabaka Mission Hospital,Kisii,2026-03-26 01:00:00,E-CRITICAL,0.9486,"Usage-reporting discrepancy modeled on the 2026 national MES dialysis audit finding: machine usage counters showed materially more work performed than hospitals' paper registers recorded, by more than 30% in some cases. Maintenance-neglect-to-breakdown pattern modeled on the 2025 Kenyatta National Hospital radiotherapy machine failure that disrupted national oncology services.",Critical,0.0,0.0
ME-00021,Hemodialysis,14139.0,Tabaka Mission Hospital,Kisii,2026-03-26 10:00:00,E-CRITICAL,1.0,"Usage-reporting discrepancy modeled on the 2026 national MES dialysis audit finding: machine usage counters showed materially more work performed than hospitals' paper registers recorded, by more than 30% in some cases. Maintenance-neglect-to-breakdown pattern modeled on the 2025 Kenyatta National Hospital radiotherapy machine failure that disrupted national oncology services.",Critical,0.0,0.0
ME-00021,Hemodialysis,14139.0,Tabaka Mission Hospital,Kisii,2026-03-26 17:00:00,E-CRITICAL,1.0,"Usage-reporting discrepancy modeled on the 2026 national MES dialysis audit finding: machine usage counters showed materially more work performed than hospitals' paper registers recorded, by more than 30% in some cases. Maintenance-neglect-to-breakdown pattern modeled on the 2025 Kenyatta National Hospital radiotherapy machine failure that disrupted national oncology services.",Critical,0.0,0.0
ME-00021,Hemodialysis,14139.0,Tabaka Mission Hospital,Kisii,2026-03-26 19:00:00,E-CRITICAL,0.9689,"Usage-reporting discrepancy modeled on the 2026 national MES dialysis audit finding: machine usage counters showed materially more work performed than hospitals' paper registers recorded, by more than 30% in some cases. Maintenance-neglect-to-breakdown pattern modeled on the 2025 Kenyatta National Hospital radiotherapy machine failure that disrupted national oncology services.",Critical,0.0,0.0
ME-00021,Hemodialysis,14139.0,Tabaka Mission Hospital,Kisii,2026-03-27 01:00:00,E-CRITICAL,1.0,"Usage-reporting discrepancy modeled on the 2026 national MES dialysis audit finding: machine usage counters showed materially more work performed than hospitals' paper registers recorded, by more than 30% in some cases. Maintenance-neglect-to-breakdown pattern modeled on the 2025 Kenyatta National Hospital radiotherapy machine failure that disrupted national oncology services.",Critical,0.0,0.0
ME-00021,Hemodialysis,14139.0,Tabaka Mission Hospital,Kisii,2026-03-27 03:00:00,E-CRITICAL,0.9786,"Usage-reporting discrepancy modeled on the 2026 national MES dialysis audit finding: machine usage counters showed materially more work performed than hospitals' paper registers recorded, by more than 30% in some cases. Maintenance-neglect-to-breakdown pattern modeled on the 2025 Kenyatta National Hospital radiotherapy machine failure that disrupted national oncology services.",Critical,0.0,0.0
ME-00021,Hemodialysis,14139.0,Tabaka Mission Hospital,Kisii,2026-03-27 14:00:00,E-CRITICAL,1.0,"Usage-reporting discrepancy modeled on the 2026 national MES dialysis audit finding: machine usage counters showed materially more work performed than hospitals' paper registers recorded, by more than 30% in some cases. Maintenance-neglect-to-breakdown pattern modeled on the 2025 Kenyatta National Hospital radiotherapy machine failure that disrupted national oncology services.",Critical,0.0,0.0
ME-00021,Hemodialysis,14139.0,Tabaka Mission Hospital,Kisii,2026-03-27 15:00:00,E-CRITICAL,1.0,"Usage-reporting discrepancy modeled on the 2026 national MES dialysis audit finding: machine usage counters showed materially more work performed than hospitals' paper registers recorded, by more than 30% in some cases. Maintenance-neglect-to-breakdown pattern modeled on the 2025 Kenyatta National Hospital radiotherapy machine failure that disrupted national oncology services.",Critical,0.0,0.0
ME-00021,Hemodialysis,14139.0,Tabaka Mission Hospital,Kisii,2026-03-27 17:00:00,E-CRITICAL,0.9665,"Usage-reporting discrepancy modeled on the 2026 national MES dialysis audit finding: machine usage counters showed materially more work performed than hospitals' paper registers recorded, by more than 30% in some cases. Maintenance-neglect-to-breakdown pattern modeled on the 2025 Kenyatta National Hospital radiotherapy machine failure that disrupted national oncology services.",Critical,0.0,0.0
ME-00021,Hemodialysis,14139.0,Tabaka Mission Hospital,Kisii,2026-03-27 18:00:00,E-CRITICAL,1.0,"Usage-reporting discrepancy modeled on the 2026 national MES dialysis audit finding: machine usage counters showed materially more work performed than hospitals' paper registers recorded, by more than 30% in some cases. Maintenance-neglect-to-breakdown pattern modeled on the 2025 Kenyatta National Hospital radiotherapy machine failure that disrupted national oncology services.",Critical,0.0,0.0
ME-00021,Hemodialysis,14139.0,Tabaka Mission Hospital,Kisii,2026-03-27 19:00:00,E-CRITICAL,0.9642,"Usage-reporting discrepancy modeled on the 2026 national MES dialysis audit finding: machine usage counters showed materially more work performed than hospitals' paper registers recorded, by more than 30% in some cases. Maintenance-neglect-to-breakdown pattern modeled on the 2025 Kenyatta National Hospital radiotherapy machine failure that disrupted national oncology services.",Critical,0.0,0.0
ME-00021,Hemodialysis,14139.0,Tabaka Mission Hospital,Kisii,2026-03-27 22:00:00,E-CRITICAL,1.0,"Usage-reporting discrepancy modeled on the 2026 national MES dialysis audit finding: machine usage counters showed materially more work performed than hospitals' paper registers recorded, by more than 30% in some cases. Maintenance-neglect-to-breakdown pattern modeled on the 2025 Kenyatta National Hospital radiotherapy machine failure that disrupted national oncology services.",Critical,0.0,0.0
ME-00021,Hemodialysis,14139.0,Tabaka Mission Hospital,Kisii,2026-03-28 11:00:00,E-CRITICAL,0.9985,"Usage-reporting discrepancy modeled on the 2026 national MES dialysis audit finding: machine usage counters showed materially more work performed than hospitals' paper registers recorded, by more than 30% in some cases. Maintenance-neglect-to-breakdown pattern modeled on the 2025 Kenyatta National Hospital radiotherapy machine failure that disrupted national oncology services.",Critical,0.0,0.0
ME-00021,Hemodialysis,14139.0,Tabaka Mission Hospital,Kisii,2026-03-28 12:00:00,E-CRITICAL,1.0,"Usage-reporting discrepancy modeled on the 2026 national MES dialysis audit finding: machine usage counters showed materially more work performed than hospitals' paper registers recorded, by more than 30% in some cases. Maintenance-neglect-to-breakdown pattern modeled on the 2025 Kenyatta National Hospital radiotherapy machine failure that disrupted national oncology services.",Critical,0.0,0.0
ME-00021,Hemodialysis,14139.0,Tabaka Mission Hospital,Kisii,2026-03-28 13:00:00,E-CRITICAL,1.0,"Usage-reporting discrepancy modeled on the 2026 national MES dialysis audit finding: machine usage counters showed materially more work performed than hospitals' paper registers recorded, by more than 30% in some cases. Maintenance-neglect-to-breakdown pattern modeled on the 2025 Kenyatta National Hospital radiotherapy machine failure that disrupted national oncology services.",Critical,0.0,0.0
ME-00021,Hemodialysis,14139.0,Tabaka Mission Hospital,Kisii,2026-03-28 17:00:00,E-CRITICAL,1.0,"Usage-reporting discrepancy modeled on the 2026 national MES dialysis audit finding: machine usage counters showed materially more work performed than hospitals' paper registers recorded, by more than 30% in some cases. Maintenance-neglect-to-breakdown pattern modeled on the 2025 Kenyatta National Hospital radiotherapy machine failure that disrupted national oncology services.",Critical,0.0,0.0
ME-00021,Hemodialysis,14139.0,Tabaka Mission Hospital,Kisii,2026-03-28 19:00:00,E-CRITICAL,0.9589,"Usage-reporting discrepancy modeled on the 2026 national MES dialysis audit finding: machine usage counters showed materially more work performed than hospitals' paper registers recorded, by more than 30% in some cases. Maintenance-neglect-to-breakdown pattern modeled on the 2025 Kenyatta National Hospital radiotherapy machine failure that disrupted national oncology services.",Critical,0.0,0.0
ME-00021,Hemodialysis,14139.0,Tabaka Mission Hospital,Kisii,2026-03-28 22:00:00,E-CRITICAL,0.9688,"Usage-reporting discrepancy modeled on the 2026 national MES dialysis audit finding: machine usage counters showed materially more work performed than hospitals' paper registers recorded, by more than 30% in some cases. Maintenance-neglect-to-breakdown pattern modeled on the 2025 Kenyatta National Hospital radiotherapy machine failure that disrupted national oncology services.",Critical,0.0,0.0
ME-00021,Hemodialysis,14139.0,Tabaka Mission Hospital,Kisii,2026-03-28 23:00:00,E-CRITICAL,0.9929,"Usage-reporting discrepancy modeled on the 2026 national MES dialysis audit finding: machine usage counters showed materially more work performed than hospitals' paper registers recorded, by more than 30% in some cases. Maintenance-neglect-to-breakdown pattern modeled on the 2025 Kenyatta National Hospital radiotherapy machine failure that disrupted national oncology services.",Critical,0.0,0.0
ME-00021,Hemodialysis,14139.0,Tabaka Mission Hospital,Kisii,2026-03-29 00:00:00,E-CRITICAL,0.9218,"Usage-reporting discrepancy modeled on the 2026 national MES dialysis audit finding: machine usage counters showed materially more work performed than hospitals' paper registers recorded, by more than 30% in some cases. Maintenance-neglect-to-breakdown pattern modeled on the 2025 Kenyatta National Hospital radiotherapy machine failure that disrupted national oncology services.",Critical,0.0,0.0
ME-00021,Hemodialysis,14139.0,Tabaka Mission Hospital,Kisii,2026-03-29 03:00:00,E-CRITICAL,1.0,"Usage-reporting discrepancy modeled on the 2026 national MES dialysis audit finding: machine usage counters showed materially more work performed than hospitals' paper registers recorded, by more than 30% in some cases. Maintenance-neglect-to-breakdown pattern modeled on the 2025 Kenyatta National Hospital radiotherapy machine failure that disrupted national oncology services.",Critical,0.0,0.0
ME-00021,Hemodialysis,14139.0,Tabaka Mission Hospital,Kisii,2026-03-29 08:00:00,E-CRITICAL,1.0,"Usage-reporting discrepancy modeled on the 2026 national MES dialysis audit finding: machine usage counters showed materially more work performed than hospitals' paper registers recorded, by more than 30% in some cases. Maintenance-neglect-to-breakdown pattern modeled on the 2025 Kenyatta National Hospital radiotherapy machine failure that disrupted national oncology services.",Critical,0.0,0.0
ME-00021,Hemodialysis,14139.0,Tabaka Mission Hospital,Kisii,2026-03-29 21:00:00,E-CRITICAL,0.9576,"Usage-reporting discrepancy modeled on the 2026 national MES dialysis audit finding: machine usage counters showed materially more work performed than hospitals' paper registers recorded, by more than 30% in some cases. Maintenance-neglect-to-breakdown pattern modeled on the 2025 Kenyatta National Hospital radiotherapy machine failure that disrupted national oncology services.",Critical,0.0,0.0
ME-00021,Hemodialysis,14139.0,Tabaka Mission Hospital,Kisii,2026-03-30 02:00:00,E-CRITICAL,1.0,"Usage-reporting discrepancy modeled on the 2026 national MES dialysis audit finding: machine usage counters showed materially more work performed than hospitals' paper registers recorded, by more than 30% in some cases. Maintenance-neglect-to-breakdown pattern modeled on the 2025 Kenyatta National Hospital radiotherapy machine failure that disrupted national oncology services.",Critical,0.0,0.0
ME-00021,Hemodialysis,14139.0,Tabaka Mission Hospital,Kisii,2026-03-30 15:00:00,E-CRITICAL,1.0,"Usage-reporting discrepancy modeled on the 2026 national MES dialysis audit finding: machine usage counters showed materially more work performed than hospitals' paper registers recorded, by more than 30% in some cases. Maintenance-neglect-to-breakdown pattern modeled on the 2025 Kenyatta National Hospital radiotherapy machine failure that disrupted national oncology services.",Critical,0.0,0.0
ME-00021,Hemodialysis,14139.0,Tabaka Mission Hospital,Kisii,2026-03-30 16:00:00,E-CRITICAL,0.9973,"Usage-reporting discrepancy modeled on the 2026 national MES dialysis audit finding: machine usage counters showed materially more work performed than hospitals' paper registers recorded, by more than 30% in some cases. Maintenance-neglect-to-breakdown pattern modeled on the 2025 Kenyatta National Hospital radiotherapy machine failure that disrupted national oncology services.",Critical,0.0,0.0
ME-00021,Hemodialysis,14139.0,Tabaka Mission Hospital,Kisii,2026-03-31 02:00:00,E-CRITICAL,0.9664,"Usage-reporting discrepancy modeled on the 2026 national MES dialysis audit finding: machine usage counters showed materially more work performed than hospitals' paper registers recorded, by more than 30% in some cases. Maintenance-neglect-to-breakdown pattern modeled on the 2025 Kenyatta National Hospital radiotherapy machine failure that disrupted national oncology services.",Critical,0.0,0.0
ME-00021,Hemodialysis,14139.0,Tabaka Mission Hospital,Kisii,2026-03-31 05:00:00,E-CRITICAL,1.0,"Usage-reporting discrepancy modeled on the 2026 national MES dialysis audit finding: machine usage counters showed materially more work performed than hospitals' paper registers recorded, by more than 30% in some cases. Maintenance-neglect-to-breakdown pattern modeled on the 2025 Kenyatta National Hospital radiotherapy machine failure that disrupted national oncology services.",Critical,0.0,0.0
ME-00021,Hemodialysis,14139.0,Tabaka Mission Hospital,Kisii,2026-03-31 10:00:00,E-CRITICAL,1.0,"Usage-reporting discrepancy modeled on the 2026 national MES dialysis audit finding: machine usage counters showed materially more work performed than hospitals' paper registers recorded, by more than 30% in some cases. Maintenance-neglect-to-breakdown pattern modeled on the 2025 Kenyatta National Hospital radiotherapy machine failure that disrupted national oncology services.",Critical,0.0,0.0
ME-00021,Hemodialysis,14139.0,Tabaka Mission Hospital,Kisii,2026-03-31 15:00:00,E-CRITICAL,1.0,"Usage-reporting discrepancy modeled on the 2026 national MES dialysis audit finding: machine usage counters showed materially more work performed than hospitals' paper registers recorded, by more than 30% in some cases. Maintenance-neglect-to-breakdown pattern modeled on the 2025 Kenyatta National Hospital radiotherapy machine failure that disrupted national oncology services.",Critical,0.0,0.0
ME-00021,Hemodialysis,14139.0,Tabaka Mission Hospital,Kisii,2026-03-31 16:00:00,E-CRITICAL,1.0,"Usage-reporting discrepancy modeled on the 2026 national MES dialysis audit finding: machine usage counters showed materially more work performed than hospitals' paper registers recorded, by more than 30% in some cases. Maintenance-neglect-to-breakdown pattern modeled on the 2025 Kenyatta National Hospital radiotherapy machine failure that disrupted national oncology services.",Critical,0.0,0.0
ME-00021,Hemodialysis,14139.0,Tabaka Mission Hospital,Kisii,2026-03-31 23:00:00,E-CRITICAL,1.0,"Usage-reporting discrepancy modeled on the 2026 national MES dialysis audit finding: machine usage counters showed materially more work performed than hospitals' paper registers recorded, by more than 30% in some cases. Maintenance-neglect-to-breakdown pattern modeled on the 2025 Kenyatta National Hospital radiotherapy machine failure that disrupted national oncology services.",Critical,0.0,0.0
ME-00026,X-Ray,13461.0,Abidha Health Centre,Siaya,2026-03-23 06:00:00,E-CRITICAL,0.7383,Maintenance-neglect-to-breakdown pattern modeled on the 2025 Kenyatta National Hospital radiotherapy machine failure that disrupted national oncology services.,Critical,0.0,0.0
ME-00026,X-Ray,13461.0,Abidha Health Centre,Siaya,2026-03-23 08:00:00,E-CRITICAL,0.7552,Maintenance-neglect-to-breakdown pattern modeled on the 2025 Kenyatta National Hospital radiotherapy machine failure that disrupted national oncology services.,Critical,0.0,0.0
ME-00026,X-Ray,13461.0,Abidha Health Centre,Siaya,2026-03-23 12:00:00,E-CRITICAL,0.7296,Maintenance-neglect-to-breakdown pattern modeled on the 2025 Kenyatta National Hospital radiotherapy machine failure that disrupted national oncology services.,Critical,0.0,0.0
ME-00026,X-Ray,13461.0,Abidha Health Centre,Siaya,2026-03-24 23:00:00,E-CRITICAL,0.7403,Maintenance-neglect-to-breakdown pattern modeled on the 2025 Kenyatta National Hospital radiotherapy machine failure that disrupted national oncology services.,Critical,0.0,0.0
ME-00026,X-Ray,13461.0,Abidha Health Centre,Siaya,2026-03-25 12:00:00,E-CRITICAL,0.7757,Maintenance-neglect-to-breakdown pattern modeled on the 2025 Kenyatta National Hospital radiotherapy machine failure that disrupted national oncology services.,Critical,0.0,0.0
ME-00026,X-Ray,13461.0,Abidha Health Centre,Siaya,2026-03-26 05:00:00,E-CRITICAL,0.729,Maintenance-neglect-to-breakdown pattern modeled on the 2025 Kenyatta National Hospital radiotherapy machine failure that disrupted national oncology services.,Critical,0.0,0.0
ME-00026,X-Ray,13461.0,Abidha Health Centre,Siaya,2026-03-27 14:00:00,E-CRITICAL,0.7525,Maintenance-neglect-to-breakdown pattern modeled on the 2025 Kenyatta National Hospital radiotherapy machine failure that disrupted national oncology services.,Critical,0.0,0.0
ME-00026,X-Ray,13461.0,Abidha Health Centre,Siaya,2026-03-28 08:00:00,E-CRITICAL,0.8032,Maintenance-neglect-to-breakdown pattern modeled on the 2025 Kenyatta National Hospital radiotherapy machine failure that disrupted national oncology services.,Critical,0.0,0.0
ME-00026,X-Ray,13461.0,Abidha Health Centre,Siaya,2026-03-28 18:00:00,E-CRITICAL,0.9626,Maintenance-neglect-to-breakdown pattern modeled on the 2025 Kenyatta National Hospital radiotherapy machine failure that disrupted national oncology services.,Critical,0.0,0.0
ME-00026,X-Ray,13461.0,Abidha Health Centre,Siaya,2026-03-30 05:00:00,E-CRITICAL,0.9656,Maintenance-neglect-to-breakdown pattern modeled on the 2025 Kenyatta National Hospital radiotherapy machine failure that disrupted national oncology services.,Critical,0.0,0.0
ME-00026,X-Ray,13461.0,Abidha Health Centre,Siaya,2026-03-30 07:00:00,E-CRITICAL,0.927,Maintenance-neglect-to-breakdown pattern modeled on the 2025 Kenyatta National Hospital radiotherapy machine failure that disrupted national oncology services.,Critical,0.0,0.0
ME-00026,X-Ray,13461.0,Abidha Health Centre,Siaya,2026-03-30 09:00:00,E-CRITICAL,0.8534,Maintenance-neglect-to-breakdown pattern modeled on the 2025 Kenyatta National Hospital radiotherapy machine failure that disrupted national oncology services.,Critical,0.0,0.0
ME-00026,X-Ray,13461.0,Abidha Health Centre,Siaya,2026-03-30 23:00:00,E-CRITICAL,0.8419,Maintenance-neglect-to-breakdown pattern modeled on the 2025 Kenyatta National Hospital radiotherapy machine failure that disrupted national oncology services.,Critical,0.0,0.0
ME-00026,X-Ray,13461.0,Abidha Health Centre,Siaya,2026-03-31 09:00:00,E-CRITICAL,0.9801,Maintenance-neglect-to-breakdown pattern modeled on the 2025 Kenyatta National Hospital radiotherapy machine failure that disrupted national oncology services.,Critical,0.0,0.0
ME-00027,Ultrasound,25723.0,Mimosa Cottage Hospital,Nairobi,2026-03-23 10:00:00,E-CRITICAL,0.7527,"Usage-reporting discrepancy modeled on the 2026 national MES dialysis audit finding: machine usage counters showed materially more work performed than hospitals' paper registers recorded, by more than 30% in some cases. Maintenance-neglect-to-breakdown pattern modeled on the MES 125-hospital equipment-halt case, where machines across facilities ground to a halt due to lack of maintenance.",Critical,0.0,0.0
ME-00027,Ultrasound,25723.0,Mimosa Cottage Hospital,Nairobi,2026-03-23 21:00:00,E-CRITICAL,0.737,"Usage-reporting discrepancy modeled on the 2026 national MES dialysis audit finding: machine usage counters showed materially more work performed than hospitals' paper registers recorded, by more than 30% in some cases. Maintenance-neglect-to-breakdown pattern modeled on the MES 125-hospital equipment-halt case, where machines across facilities ground to a halt due to lack of maintenance.",Critical,0.0,0.0
ME-00027,Ultrasound,25723.0,Mimosa Cottage Hospital,Nairobi,2026-03-23 23:00:00,E-CRITICAL,0.8285,"Usage-reporting discrepancy modeled on the 2026 national MES dialysis audit finding: machine usage counters showed materially more work performed than hospitals' paper registers recorded, by more than 30% in some cases. Maintenance-neglect-to-breakdown pattern modeled on the MES 125-hospital equipment-halt case, where machines across facilities ground to a halt due to lack of maintenance.",Critical,0.0,0.0
ME-00027,Ultrasound,25723.0,Mimosa Cottage Hospital,Nairobi,2026-03-24 00:00:00,E-CRITICAL,0.7104,"Usage-reporting discrepancy modeled on the 2026 national MES dialysis audit finding: machine usage counters showed materially more work performed than hospitals' paper registers recorded, by more than 30% in some cases. Maintenance-neglect-to-breakdown pattern modeled on the MES 125-hospital equipment-halt case, where machines across facilities ground to a halt due to lack of maintenance.",Critical,0.0,0.0
ME-00027,Ultrasound,25723.0,Mimosa Cottage Hospital,Nairobi,2026-03-24 08:00:00,E-CRITICAL,0.7996,"Usage-reporting discrepancy modeled on the 2026 national MES dialysis audit finding: machine usage counters showed materially more work performed than hospitals' paper registers recorded, by more than 30% in some cases. Maintenance-neglect-to-breakdown pattern modeled on the MES 125-hospital equipment-halt case, where machines across facilities ground to a halt due to lack of maintenance.",Critical,0.0,0.0
ME-00027,Ultrasound,25723.0,Mimosa Cottage Hospital,Nairobi,2026-03-25 16:00:00,E-CRITICAL,0.7667,"Usage-reporting discrepancy modeled on the 2026 national MES dialysis audit finding: machine usage counters showed materially more work performed than hospitals' paper registers recorded, by more than 30% in some cases. Maintenance-neglect-to-breakdown pattern modeled on the MES 125-hospital equipment-halt case, where machines across facilities ground to a halt due to lack of maintenance.",Critical,0.0,0.0
ME-00027,Ultrasound,25723.0,Mimosa Cottage Hospital,Nairobi,2026-03-28 00:00:00,E-CRITICAL,0.7445,"Usage-reporting discrepancy modeled on the 2026 national MES dialysis audit finding: machine usage counters showed materially more work performed than hospitals' paper registers recorded, by more than 30% in some cases. Maintenance-neglect-to-breakdown pattern modeled on the MES 125-hospital equipment-halt case, where machines across facilities ground to a halt due to lack of maintenance.",Critical,0.0,0.0
ME-00027,Ultrasound,25723.0,Mimosa Cottage Hospital,Nairobi,2026-03-28 13:00:00,E-CRITICAL,0.8752,"Usage-reporting discrepancy modeled on the 2026 national MES dialysis audit finding: machine usage counters showed materially more work performed than hospitals' paper registers recorded, by more than 30% in some cases. Maintenance-neglect-to-breakdown pattern modeled on the MES 125-hospital equipment-halt case, where machines across facilities ground to a halt due to lack of maintenance.",Critical,0.0,0.0
ME-00027,Ultrasound,25723.0,Mimosa Cottage Hospital,Nairobi,2026-03-28 22:00:00,E-CRITICAL,0.8305,"Usage-reporting discrepancy modeled on the 2026 national MES dialysis audit finding: machine usage counters showed materially more work performed than hospitals' paper registers recorded, by more than 30% in some cases. Maintenance-neglect-to-breakdown pattern modeled on the MES 125-hospital equipment-halt case, where machines across facilities ground to a halt due to lack of maintenance.",Critical,0.0,0.0
ME-00027,Ultrasound,25723.0,Mimosa Cottage Hospital,Nairobi,2026-03-29 10:00:00,E-CRITICAL,0.8764,"Usage-reporting discrepancy modeled on the 2026 national MES dialysis audit finding: machine usage counters showed materially more work performed than hospitals' paper registers recorded, by more than 30% in some cases. Maintenance-neglect-to-breakdown pattern modeled on the MES 125-hospital equipment-halt case, where machines across facilities ground to a halt due to lack of maintenance.",Critical,0.0,0.0
ME-00027,Ultrasound,25723.0,Mimosa Cottage Hospital,Nairobi,2026-03-29 16:00:00,E-CRITICAL,0.798,"Usage-reporting discrepancy modeled on the 2026 national MES dialysis audit finding: machine usage counters showed materially more work performed than hospitals' paper registers recorded, by more than 30% in some cases. Maintenance-neglect-to-breakdown pattern modeled on the MES 125-hospital equipment-halt case, where machines across facilities ground to a halt due to lack of maintenance.",Critical,0.0,0.0
ME-00027,Ultrasound,25723.0,Mimosa Cottage Hospital,Nairobi,2026-03-29 20:00:00,E-CRITICAL,0.8641,"Usage-reporting discrepancy modeled on the 2026 national MES dialysis audit finding: machine usage counters showed materially more work performed than hospitals' paper registers recorded, by more than 30% in some cases. Maintenance-neglect-to-breakdown pattern modeled on the MES 125-hospital equipment-halt case, where machines across facilities ground to a halt due to lack of maintenance.",Critical,0.0,0.0
ME-00027,Ultrasound,25723.0,Mimosa Cottage Hospital,Nairobi,2026-03-29 21:00:00,E-CRITICAL,0.803,"Usage-reporting discrepancy modeled on the 2026 national MES dialysis audit finding: machine usage counters showed materially more work performed than hospitals' paper registers recorded, by more than 30% in some cases. Maintenance-neglect-to-breakdown pattern modeled on the MES 125-hospital equipment-halt case, where machines across facilities ground to a halt due to lack of maintenance.",Critical,0.0,0.0
ME-00027,Ultrasound,25723.0,Mimosa Cottage Hospital,Nairobi,2026-03-30 10:00:00,E-CRITICAL,0.9459,"Usage-reporting discrepancy modeled on the 2026 national MES dialysis audit finding: machine usage counters showed materially more work performed than hospitals' paper registers recorded, by more than 30% in some cases. Maintenance-neglect-to-breakdown pattern modeled on the MES 125-hospital equipment-halt case, where machines across facilities ground to a halt due to lack of maintenance.",Critical,0.0,0.0
ME-00027,Ultrasound,25723.0,Mimosa Cottage Hospital,Nairobi,2026-03-30 17:00:00,E-CRITICAL,0.8942,"Usage-reporting discrepancy modeled on the 2026 national MES dialysis audit finding: machine usage counters showed materially more work performed than hospitals' paper registers recorded, by more than 30% in some cases. Maintenance-neglect-to-breakdown pattern modeled on the MES 125-hospital equipment-halt case, where machines across facilities ground to a halt due to lack of maintenance.",Critical,0.0,0.0
ME-00027,Ultrasound,25723.0,Mimosa Cottage Hospital,Nairobi,2026-03-31 02:00:00,E-CRITICAL,0.8506,"Usage-reporting discrepancy modeled on the 2026 national MES dialysis audit finding: machine usage counters showed materially more work performed than hospitals' paper registers recorded, by more than 30% in some cases. Maintenance-neglect-to-breakdown pattern modeled on the MES 125-hospital equipment-halt case, where machines across facilities ground to a halt due to lack of maintenance.",Critical,0.0,0.0
ME-00027,Ultrasound,25723.0,Mimosa Cottage Hospital,Nairobi,2026-03-31 07:00:00,E-CRITICAL,1.0,"Usage-reporting discrepancy modeled on the 2026 national MES dialysis audit finding: machine usage counters showed materially more work performed than hospitals' paper registers recorded, by more than 30% in some cases. Maintenance-neglect-to-breakdown pattern modeled on the MES 125-hospital equipment-halt case, where machines across facilities ground to a halt due to lack of maintenance.",Critical,0.0,0.0
ME-00032,Patient Monitor,21112.0,Salaam Hospital,Mombasa,2026-03-26 18:00:00,E-CRITICAL,0.6252,"Maintenance-neglect-to-breakdown pattern modeled on the MES 125-hospital equipment-halt case, where machines across facilities ground to a halt due to lack of maintenance.",Critical,0.0,0.0
ME-00032,Patient Monitor,21112.0,Salaam Hospital,Mombasa,2026-03-27 07:00:00,E-CRITICAL,0.7776,"Maintenance-neglect-to-breakdown pattern modeled on the MES 125-hospital equipment-halt case, where machines across facilities ground to a halt due to lack of maintenance.",Critical,0.0,0.0
ME-00032,Patient Monitor,21112.0,Salaam Hospital,Mombasa,2026-03-27 10:00:00,E-CRITICAL,0.7293,"Maintenance-neglect-to-breakdown pattern modeled on the MES 125-hospital equipment-halt case, where machines across facilities ground to a halt due to lack of maintenance.",Critical,0.0,0.0
ME-00032,Patient Monitor,21112.0,Salaam Hospital,Mombasa,2026-03-29 06:00:00,E-CRITICAL,0.7712,"Maintenance-neglect-to-breakdown pattern modeled on the MES 125-hospital equipment-halt case, where machines across facilities ground to a halt due to lack of maintenance.",Critical,0.0,0.0
ME-00032,Patient Monitor,21112.0,Salaam Hospital,Mombasa,2026-03-30 01:00:00,E-CRITICAL,0.9271,"Maintenance-neglect-to-breakdown pattern modeled on the MES 125-hospital equipment-halt case, where machines across facilities ground to a halt due to lack of maintenance.",Critical,0.0,0.0
ME-00032,Patient Monitor,21112.0,Salaam Hospital,Mombasa,2026-03-30 13:00:00,E-CRITICAL,0.8427,"Maintenance-neglect-to-breakdown pattern modeled on the MES 125-hospital equipment-halt case, where machines across facilities ground to a halt due to lack of maintenance.",Critical,0.0,0.0
ME-00032,Patient Monitor,21112.0,Salaam Hospital,Mombasa,2026-03-30 14:00:00,E-CRITICAL,0.8785,"Maintenance-neglect-to-breakdown pattern modeled on the MES 125-hospital equipment-halt case, where machines across facilities ground to a halt due to lack of maintenance.",Critical,0.0,0.0
ME-00032,Patient Monitor,21112.0,Salaam Hospital,Mombasa,2026-03-30 23:00:00,E-CRITICAL,0.9099,"Maintenance-neglect-to-breakdown pattern modeled on the MES 125-hospital equipment-halt case, where machines across facilities ground to a halt due to lack of maintenance.",Critical,0.0,0.0
ME-00032,Patient Monitor,21112.0,Salaam Hospital,Mombasa,2026-03-31 08:00:00,E-CRITICAL,0.9618,"Maintenance-neglect-to-breakdown pattern modeled on the MES 125-hospital equipment-halt case, where machines across facilities ground to a halt due to lack of maintenance.",Critical,0.0,0.0
ME-00032,Patient Monitor,21112.0,Salaam Hospital,Mombasa,2026-03-31 09:00:00,E-CRITICAL,0.8772,"Maintenance-neglect-to-breakdown pattern modeled on the MES 125-hospital equipment-halt case, where machines across facilities ground to a halt due to lack of maintenance.",Critical,0.0,0.0
ME-00032,Patient Monitor,21112.0,Salaam Hospital,Mombasa,2026-03-31 10:00:00,E-CRITICAL,0.7587,"Maintenance-neglect-to-breakdown pattern modeled on the MES 125-hospital equipment-halt case, where machines across facilities ground to a halt due to lack of maintenance.",Critical,0.0,0.0
ME-00032,Patient Monitor,21112.0,Salaam Hospital,Mombasa,2026-03-31 11:00:00,E-CRITICAL,0.8423,"Maintenance-neglect-to-breakdown pattern modeled on the MES 125-hospital equipment-halt case, where machines across facilities ground to a halt due to lack of maintenance.",Critical,0.0,0.0
ME-00032,Patient Monitor,21112.0,Salaam Hospital,Mombasa,2026-03-31 16:00:00,E-CRITICAL,0.8724,"Maintenance-neglect-to-breakdown pattern modeled on the MES 125-hospital equipment-halt case, where machines across facilities ground to a halt due to lack of maintenance.",Critical,0.0,0.0
ME-00042,X-Ray,10490.0,Karemeno Health Centre,Nyeri,2026-03-22 10:00:00,E-CRITICAL,0.7719,"Maintenance-neglect-to-breakdown pattern modeled on the MES 125-hospital equipment-halt case, where machines across facilities ground to a halt due to lack of maintenance.",Critical,0.0,0.0
ME-00042,X-Ray,10490.0,Karemeno Health Centre,Nyeri,2026-03-23 01:00:00,E-CRITICAL,0.6915,"Maintenance-neglect-to-breakdown pattern modeled on the MES 125-hospital equipment-halt case, where machines across facilities ground to a halt due to lack of maintenance.",Critical,0.0,0.0
ME-00042,X-Ray,10490.0,Karemeno Health Centre,Nyeri,2026-03-24 02:00:00,E-CRITICAL,0.7041,"Maintenance-neglect-to-breakdown pattern modeled on the MES 125-hospital equipment-halt case, where machines across facilities ground to a halt due to lack of maintenance.",Critical,0.0,0.0
ME-00042,X-Ray,10490.0,Karemeno Health Centre,Nyeri,2026-03-25 08:00:00,E-CRITICAL,0.7583,"Maintenance-neglect-to-breakdown pattern modeled on the MES 125-hospital equipment-halt case, where machines across facilities ground to a halt due to lack of maintenance.",Critical,0.0,0.0
ME-00042,X-Ray,10490.0,Karemeno Health Centre,Nyeri,2026-03-25 09:00:00,E-CRITICAL,0.7862,"Maintenance-neglect-to-breakdown pattern modeled on the MES 125-hospital equipment-halt case, where machines across facilities ground to a halt due to lack of maintenance.",Critical,0.0,0.0
ME-00042,X-Ray,10490.0,Karemeno Health Centre,Nyeri,2026-03-25 16:00:00,E-CRITICAL,0.8056,"Maintenance-neglect-to-breakdown pattern modeled on the MES 125-hospital equipment-halt case, where machines across facilities ground to a halt due to lack of maintenance.",Critical,0.0,0.0
ME-00042,X-Ray,10490.0,Karemeno Health Centre,Nyeri,2026-03-27 05:00:00,E-CRITICAL,0.8534,"Maintenance-neglect-to-breakdown pattern modeled on the MES 125-hospital equipment-halt case, where machines across facilities ground to a halt due to lack of maintenance.",Critical,0.0,0.0
ME-00042,X-Ray,10490.0,Karemeno Health Centre,Nyeri,2026-03-27 06:00:00,E-CRITICAL,0.7801,"Maintenance-neglect-to-breakdown pattern modeled on the MES 125-hospital equipment-halt case, where machines across facilities ground to a halt due to lack of maintenance.",Critical,0.0,0.0
ME-00042,X-Ray,10490.0,Karemeno Health Centre,Nyeri,2026-03-27 09:00:00,E-CRITICAL,0.779,"Maintenance-neglect-to-breakdown pattern modeled on the MES 125-hospital equipment-halt case, where machines across facilities ground to a halt due to lack of maintenance.",Critical,0.0,0.0
ME-00042,X-Ray,10490.0,Karemeno Health Centre,Nyeri,2026-03-27 12:00:00,E-CRITICAL,0.8329,"Maintenance-neglect-to-breakdown pattern modeled on the MES 125-hospital equipment-halt case, where machines across facilities ground to a halt due to lack of maintenance.",Critical,0.0,0.0
ME-00042,X-Ray,10490.0,Karemeno Health Centre,Nyeri,2026-03-28 02:00:00,E-CRITICAL,0.8012,"Maintenance-neglect-to-breakdown pattern modeled on the MES 125-hospital equipment-halt case, where machines across facilities ground to a halt due to lack of maintenance.",Critical,0.0,0.0
ME-00042,X-Ray,10490.0,Karemeno Health Centre,Nyeri,2026-03-29 00:00:00,E-CRITICAL,0.8354,"Maintenance-neglect-to-breakdown pattern modeled on the MES 125-hospital equipment-halt case, where machines across facilities ground to a halt due to lack of maintenance.",Critical,0.0,0.0
ME-00042,X-Ray,10490.0,Karemeno Health Centre,Nyeri,2026-03-29 02:00:00,E-CRITICAL,0.7104,"Maintenance-neglect-to-breakdown pattern modeled on the MES 125-hospital equipment-halt case, where machines across facilities ground to a halt due to lack of maintenance.",Critical,0.0,0.0
ME-00042,X-Ray,10490.0,Karemeno Health Centre,Nyeri,2026-03-29 16:00:00,E-CRITICAL,0.8057,"Maintenance-neglect-to-breakdown pattern modeled on the MES 125-hospital equipment-halt case, where machines across facilities ground to a halt due to lack of maintenance.",Critical,0.0,0.0
ME-00042,X-Ray,10490.0,Karemeno Health Centre,Nyeri,2026-03-30 08:00:00,E-CRITICAL,0.8812,"Maintenance-neglect-to-breakdown pattern modeled on the MES 125-hospital equipment-halt case, where machines across facilities ground to a halt due to lack of maintenance.",Critical,0.0,0.0
ME-00042,X-Ray,10490.0,Karemeno Health Centre,Nyeri,2026-03-30 11:00:00,E-CRITICAL,0.9525,"Maintenance-neglect-to-breakdown pattern modeled on the MES 125-hospital equipment-halt case, where machines across facilities ground to a halt due to lack of maintenance.",Critical,0.0,0.0
ME-00042,X-Ray,10490.0,Karemeno Health Centre,Nyeri,2026-03-30 18:00:00,E-CRITICAL,0.9682,"Maintenance-neglect-to-breakdown pattern modeled on the MES 125-hospital equipment-halt case, where machines across facilities ground to a halt due to lack of maintenance.",Critical,0.0,0.0
ME-00042,X-Ray,10490.0,Karemeno Health Centre,Nyeri,2026-03-31 05:00:00,E-CRITICAL,0.7748,"Maintenance-neglect-to-breakdown pattern modeled on the MES 125-hospital equipment-halt case, where machines across facilities ground to a halt due to lack of maintenance.",Critical,0.0,0.0
ME-00042,X-Ray,10490.0,Karemeno Health Centre,Nyeri,2026-03-31 13:00:00,E-CRITICAL,0.8405,"Maintenance-neglect-to-breakdown pattern modeled on the MES 125-hospital equipment-halt case, where machines across facilities ground to a halt due to lack of maintenance.",Critical,0.0,0.0
ME-00042,X-Ray,10490.0,Karemeno Health Centre,Nyeri,2026-03-31 18:00:00,E-CRITICAL,0.9,"Maintenance-neglect-to-breakdown pattern modeled on the MES 125-hospital equipment-halt case, where machines across facilities ground to a halt due to lack of maintenance.",Critical,0.0,0.0
ME-00042,X-Ray,10490.0,Karemeno Health Centre,Nyeri,2026-03-31 19:00:00,E-CRITICAL,0.9198,"Maintenance-neglect-to-breakdown pattern modeled on the MES 125-hospital equipment-halt case, where machines across facilities ground to a halt due to lack of maintenance.",Critical,0.0,0.0
ME-00046,X-Ray,12166.0,Kamutei Health Centre,Kitui,2026-03-23 01:00:00,E-CRITICAL,0.6561,"Usage-reporting discrepancy modeled on the 2026 national MES dialysis audit finding: machine usage counters showed materially more work performed than hospitals' paper registers recorded, by more than 30% in some cases. Maintenance-neglect-to-breakdown pattern modeled on the 2025 Kenyatta National Hospital radiotherapy machine failure that disrupted national oncology services.",Critical,0.0,0.0
ME-00046,X-Ray,12166.0,Kamutei Health Centre,Kitui,2026-03-23 15:00:00,E-CRITICAL,0.812,"Usage-reporting discrepancy modeled on the 2026 national MES dialysis audit finding: machine usage counters showed materially more work performed than hospitals' paper registers recorded, by more than 30% in some cases. Maintenance-neglect-to-breakdown pattern modeled on the 2025 Kenyatta National Hospital radiotherapy machine failure that disrupted national oncology services.",Critical,0.0,0.0
ME-00046,X-Ray,12166.0,Kamutei Health Centre,Kitui,2026-03-25 06:00:00,E-CRITICAL,0.7414,"Usage-reporting discrepancy modeled on the 2026 national MES dialysis audit finding: machine usage counters showed materially more work performed than hospitals' paper registers recorded, by more than 30% in some cases. Maintenance-neglect-to-breakdown pattern modeled on the 2025 Kenyatta National Hospital radiotherapy machine failure that disrupted national oncology services.",Critical,0.0,0.0
ME-00046,X-Ray,12166.0,Kamutei Health Centre,Kitui,2026-03-25 10:00:00,E-CRITICAL,0.7248,"Usage-reporting discrepancy modeled on the 2026 national MES dialysis audit finding: machine usage counters showed materially more work performed than hospitals' paper registers recorded, by more than 30% in some cases. Maintenance-neglect-to-breakdown pattern modeled on the 2025 Kenyatta National Hospital radiotherapy machine failure that disrupted national oncology services.",Critical,0.0,0.0
ME-00046,X-Ray,12166.0,Kamutei Health Centre,Kitui,2026-03-25 13:00:00,E-CRITICAL,0.7282,"Usage-reporting discrepancy modeled on the 2026 national MES dialysis audit finding: machine usage counters showed materially more work performed than hospitals' paper registers recorded, by more than 30% in some cases. Maintenance-neglect-to-breakdown pattern modeled on the 2025 Kenyatta National Hospital radiotherapy machine failure that disrupted national oncology services.",Critical,0.0,0.0
ME-00046,X-Ray,12166.0,Kamutei Health Centre,Kitui,2026-03-26 01:00:00,E-CRITICAL,0.6907,"Usage-reporting discrepancy modeled on the 2026 national MES dialysis audit finding: machine usage counters showed materially more work performed than hospitals' paper registers recorded, by more than 30% in some cases. Maintenance-neglect-to-breakdown pattern modeled on the 2025 Kenyatta National Hospital radiotherapy machine failure that disrupted national oncology services.",Critical,0.0,0.0
ME-00046,X-Ray,12166.0,Kamutei Health Centre,Kitui,2026-03-27 20:00:00,E-CRITICAL,0.7586,"Usage-reporting discrepancy modeled on the 2026 national MES dialysis audit finding: machine usage counters showed materially more work performed than hospitals' paper registers recorded, by more than 30% in some cases. Maintenance-neglect-to-breakdown pattern modeled on the 2025 Kenyatta National Hospital radiotherapy machine failure that disrupted national oncology services.",Critical,0.0,0.0
ME-00046,X-Ray,12166.0,Kamutei Health Centre,Kitui,2026-03-27 21:00:00,E-CRITICAL,0.814,"Usage-reporting discrepancy modeled on the 2026 national MES dialysis audit finding: machine usage counters showed materially more work performed than hospitals' paper registers recorded, by more than 30% in some cases. Maintenance-neglect-to-breakdown pattern modeled on the 2025 Kenyatta National Hospital radiotherapy machine failure that disrupted national oncology services.",Critical,0.0,0.0
ME-00046,X-Ray,12166.0,Kamutei Health Centre,Kitui,2026-03-29 10:00:00,E-CRITICAL,0.8828,"Usage-reporting discrepancy modeled on the 2026 national MES dialysis audit finding: machine usage counters showed materially more work performed than hospitals' paper registers recorded, by more than 30% in some cases. Maintenance-neglect-to-breakdown pattern modeled on the 2025 Kenyatta National Hospital radiotherapy machine failure that disrupted national oncology services.",Critical,0.0,0.0
ME-00046,X-Ray,12166.0,Kamutei Health Centre,Kitui,2026-03-29 12:00:00,E-CRITICAL,0.8318,"Usage-reporting discrepancy modeled on the 2026 national MES dialysis audit finding: machine usage counters showed materially more work performed than hospitals' paper registers recorded, by more than 30% in some cases. Maintenance-neglect-to-breakdown pattern modeled on the 2025 Kenyatta National Hospital radiotherapy machine failure that disrupted national oncology services.",Critical,0.0,0.0
ME-00046,X-Ray,12166.0,Kamutei Health Centre,Kitui,2026-03-29 17:00:00,E-CRITICAL,0.7578,"Usage-reporting discrepancy modeled on the 2026 national MES dialysis audit finding: machine usage counters showed materially more work performed than hospitals' paper registers recorded, by more than 30% in some cases. Maintenance-neglect-to-breakdown pattern modeled on the 2025 Kenyatta National Hospital radiotherapy machine failure that disrupted national oncology services.",Critical,0.0,0.0
ME-00046,X-Ray,12166.0,Kamutei Health Centre,Kitui,2026-03-30 02:00:00,E-CRITICAL,0.8686,"Usage-reporting discrepancy modeled on the 2026 national MES dialysis audit finding: machine usage counters showed materially more work performed than hospitals' paper registers recorded, by more than 30% in some cases. Maintenance-neglect-to-breakdown pattern modeled on the 2025 Kenyatta National Hospital radiotherapy machine failure that disrupted national oncology services.",Critical,0.0,0.0
ME-00046,X-Ray,12166.0,Kamutei Health Centre,Kitui,2026-03-30 07:00:00,E-CRITICAL,0.8136,"Usage-reporting discrepancy modeled on the 2026 national MES dialysis audit finding: machine usage counters showed materially more work performed than hospitals' paper registers recorded, by more than 30% in some cases. Maintenance-neglect-to-breakdown pattern modeled on the 2025 Kenyatta National Hospital radiotherapy machine failure that disrupted national oncology services.",Critical,0.0,0.0
ME-00046,X-Ray,12166.0,Kamutei Health Centre,Kitui,2026-03-30 10:00:00,E-CRITICAL,0.8373,"Usage-reporting discrepancy modeled on the 2026 national MES dialysis audit finding: machine usage counters showed materially more work performed than hospitals' paper registers recorded, by more than 30% in some cases. Maintenance-neglect-to-breakdown pattern modeled on the 2025 Kenyatta National Hospital radiotherapy machine failure that disrupted national oncology services.",Critical,0.0,0.0
ME-00046,X-Ray,12166.0,Kamutei Health Centre,Kitui,2026-03-30 20:00:00,E-CRITICAL,0.737,"Usage-reporting discrepancy modeled on the 2026 national MES dialysis audit finding: machine usage counters showed materially more work performed than hospitals' paper registers recorded, by more than 30% in some cases. Maintenance-neglect-to-breakdown pattern modeled on the 2025 Kenyatta National Hospital radiotherapy machine failure that disrupted national oncology services.",Critical,0.0,0.0
ME-00046,X-Ray,12166.0,Kamutei Health Centre,Kitui,2026-03-30 22:00:00,E-CRITICAL,0.875,"Usage-reporting discrepancy modeled on the 2026 national MES dialysis audit finding: machine usage counters showed materially more work performed than hospitals' paper registers recorded, by more than 30% in some cases. Maintenance-neglect-to-breakdown pattern modeled on the 2025 Kenyatta National Hospital radiotherapy machine failure that disrupted national oncology services.",Critical,0.0,0.0
ME-00046,X-Ray,12166.0,Kamutei Health Centre,Kitui,2026-03-31 03:00:00,E-CRITICAL,0.8544,"Usage-reporting discrepancy modeled on the 2026 national MES dialysis audit finding: machine usage counters showed materially more work performed than hospitals' paper registers recorded, by more than 30% in some cases. Maintenance-neglect-to-breakdown pattern modeled on the 2025 Kenyatta National Hospital radiotherapy machine failure that disrupted national oncology services.",Critical,0.0,0.0
ME-00048,Hemodialysis,16091.0,Port Victoria Hospital,Busia,2026-03-22 07:00:00,E-CRITICAL,0.9844,Maintenance-neglect-to-breakdown pattern modeled on the 2025 Kenyatta National Hospital radiotherapy machine failure that disrupted national oncology services.,Critical,0.0,0.0
ME-00048,Hemodialysis,16091.0,Port Victoria Hospital,Busia,2026-03-22 19:00:00,E-CRITICAL,0.9556,Maintenance-neglect-to-breakdown pattern modeled on the 2025 Kenyatta National Hospital radiotherapy machine failure that disrupted national oncology services.,Critical,0.0,0.0
ME-00048,Hemodialysis,16091.0,Port Victoria Hospital,Busia,2026-03-22 20:00:00,E-CRITICAL,0.8503,Maintenance-neglect-to-breakdown pattern modeled on the 2025 Kenyatta National Hospital radiotherapy machine failure that disrupted national oncology services.,Critical,0.0,0.0
ME-00048,Hemodialysis,16091.0,Port Victoria Hospital,Busia,2026-03-23 06:00:00,E-CRITICAL,1.0,Maintenance-neglect-to-breakdown pattern modeled on the 2025 Kenyatta National Hospital radiotherapy machine failure that disrupted national oncology services.,Critical,0.0,0.0
ME-00048,Hemodialysis,16091.0,Port Victoria Hospital,Busia,2026-03-23 17:00:00,E-CRITICAL,0.92,Maintenance-neglect-to-breakdown pattern modeled on the 2025 Kenyatta National Hospital radiotherapy machine failure that disrupted national oncology services.,Critical,0.0,0.0
ME-00048,Hemodialysis,16091.0,Port Victoria Hospital,Busia,2026-03-24 09:00:00,E-CRITICAL,1.0,Maintenance-neglect-to-breakdown pattern modeled on the 2025 Kenyatta National Hospital radiotherapy machine failure that disrupted national oncology services.,Critical,0.0,0.0
ME-00048,Hemodialysis,16091.0,Port Victoria Hospital,Busia,2026-03-24 21:00:00,E-CRITICAL,0.9051,Maintenance-neglect-to-breakdown pattern modeled on the 2025 Kenyatta National Hospital radiotherapy machine failure that disrupted national oncology services.,Critical,0.0,0.0
ME-00048,Hemodialysis,16091.0,Port Victoria Hospital,Busia,2026-03-24 23:00:00,E-CRITICAL,0.9157,Maintenance-neglect-to-breakdown pattern modeled on the 2025 Kenyatta National Hospital radiotherapy machine failure that disrupted national oncology services.,Critical,0.0,0.0
ME-00048,Hemodialysis,16091.0,Port Victoria Hospital,Busia,2026-03-25 14:00:00,E-CRITICAL,0.961,Maintenance-neglect-to-breakdown pattern modeled on the 2025 Kenyatta National Hospital radiotherapy machine failure that disrupted national oncology services.,Critical,0.0,0.0
ME-00048,Hemodialysis,16091.0,Port Victoria Hospital,Busia,2026-03-25 23:00:00,E-CRITICAL,0.9862,Maintenance-neglect-to-breakdown pattern modeled on the 2025 Kenyatta National Hospital radiotherapy machine failure that disrupted national oncology services.,Critical,0.0,0.0
ME-00048,Hemodialysis,16091.0,Port Victoria Hospital,Busia,2026-03-26 02:00:00,E-CRITICAL,0.9847,Maintenance-neglect-to-breakdown pattern modeled on the 2025 Kenyatta National Hospital radiotherapy machine failure that disrupted national oncology services.,Critical,0.0,0.0
ME-00048,Hemodialysis,16091.0,Port Victoria Hospital,Busia,2026-03-26 19:00:00,E-CRITICAL,1.0,Maintenance-neglect-to-breakdown pattern modeled on the 2025 Kenyatta National Hospital radiotherapy machine failure that disrupted national oncology services.,Critical,0.0,0.0
ME-00048,Hemodialysis,16091.0,Port Victoria Hospital,Busia,2026-03-26 22:00:00,E-CRITICAL,0.9545,Maintenance-neglect-to-breakdown pattern modeled on the 2025 Kenyatta National Hospital radiotherapy machine failure that disrupted national oncology services.,Critical,0.0,0.0
ME-00048,Hemodialysis,16091.0,Port Victoria Hospital,Busia,2026-03-27 02:00:00,E-CRITICAL,1.0,Maintenance-neglect-to-breakdown pattern modeled on the 2025 Kenyatta National Hospital radiotherapy machine failure that disrupted national oncology services.,Critical,0.0,0.0
ME-00048,Hemodialysis,16091.0,Port Victoria Hospital,Busia,2026-03-27 16:00:00,E-CRITICAL,0.941,Maintenance-neglect-to-breakdown pattern modeled on the 2025 Kenyatta National Hospital radiotherapy machine failure that disrupted national oncology services.,Critical,0.0,0.0
ME-00048,Hemodialysis,16091.0,Port Victoria Hospital,Busia,2026-03-27 19:00:00,E-CRITICAL,1.0,Maintenance-neglect-to-breakdown pattern modeled on the 2025 Kenyatta National Hospital radiotherapy machine failure that disrupted national oncology services.,Critical,0.0,0.0
ME-00048,Hemodialysis,16091.0,Port Victoria Hospital,Busia,2026-03-28 00:00:00,E-CRITICAL,1.0,Maintenance-neglect-to-breakdown pattern modeled on the 2025 Kenyatta National Hospital radiotherapy machine failure that disrupted national oncology services.,Critical,0.0,0.0
ME-00048,Hemodialysis,16091.0,Port Victoria Hospital,Busia,2026-03-28 02:00:00,E-CRITICAL,0.9982,Maintenance-neglect-to-breakdown pattern modeled on the 2025 Kenyatta National Hospital radiotherapy machine failure that disrupted national oncology services.,Critical,0.0,0.0
ME-00048,Hemodialysis,16091.0,Port Victoria Hospital,Busia,2026-03-28 17:00:00,E-CRITICAL,1.0,Maintenance-neglect-to-breakdown pattern modeled on the 2025 Kenyatta National Hospital radiotherapy machine failure that disrupted national oncology services.,Critical,0.0,0.0
ME-00048,Hemodialysis,16091.0,Port Victoria Hospital,Busia,2026-03-28 22:00:00,E-CRITICAL,1.0,Maintenance-neglect-to-breakdown pattern modeled on the 2025 Kenyatta National Hospital radiotherapy machine failure that disrupted national oncology services.,Critical,0.0,0.0
ME-00048,Hemodialysis,16091.0,Port Victoria Hospital,Busia,2026-03-29 09:00:00,E-CRITICAL,1.0,Maintenance-neglect-to-breakdown pattern modeled on the 2025 Kenyatta National Hospital radiotherapy machine failure that disrupted national oncology services.,Critical,0.0,0.0
ME-00048,Hemodialysis,16091.0,Port Victoria Hospital,Busia,2026-03-29 11:00:00,E-CRITICAL,1.0,Maintenance-neglect-to-breakdown pattern modeled on the 2025 Kenyatta National Hospital radiotherapy machine failure that disrupted national oncology services.,Critical,0.0,0.0
ME-00048,Hemodialysis,16091.0,Port Victoria Hospital,Busia,2026-03-29 13:00:00,E-CRITICAL,1.0,Maintenance-neglect-to-breakdown pattern modeled on the 2025 Kenyatta National Hospital radiotherapy machine failure that disrupted national oncology services.,Critical,0.0,0.0
ME-00048,Hemodialysis,16091.0,Port Victoria Hospital,Busia,2026-03-29 15:00:00,E-CRITICAL,1.0,Maintenance-neglect-to-breakdown pattern modeled on the 2025 Kenyatta National Hospital radiotherapy machine failure that disrupted national oncology services.,Critical,0.0,0.0
ME-00048,Hemodialysis,16091.0,Port Victoria Hospital,Busia,2026-03-29 18:00:00,E-CRITICAL,1.0,Maintenance-neglect-to-breakdown pattern modeled on the 2025 Kenyatta National Hospital radiotherapy machine failure that disrupted national oncology services.,Critical,0.0,0.0
ME-00048,Hemodialysis,16091.0,Port Victoria Hospital,Busia,2026-03-29 21:00:00,E-CRITICAL,0.9932,Maintenance-neglect-to-breakdown pattern modeled on the 2025 Kenyatta National Hospital radiotherapy machine failure that disrupted national oncology services.,Critical,0.0,0.0
ME-00048,Hemodialysis,16091.0,Port Victoria Hospital,Busia,2026-03-30 00:00:00,E-CRITICAL,1.0,Maintenance-neglect-to-breakdown pattern modeled on the 2025 Kenyatta National Hospital radiotherapy machine failure that disrupted national oncology services.,Critical,0.0,0.0
ME-00048,Hemodialysis,16091.0,Port Victoria Hospital,Busia,2026-03-30 11:00:00,E-CRITICAL,1.0,Maintenance-neglect-to-breakdown pattern modeled on the 2025 Kenyatta National Hospital radiotherapy machine failure that disrupted national oncology services.,Critical,0.0,0.0
ME-00048,Hemodialysis,16091.0,Port Victoria Hospital,Busia,2026-03-30 14:00:00,E-CRITICAL,1.0,Maintenance-neglect-to-breakdown pattern modeled on the 2025 Kenyatta National Hospital radiotherapy machine failure that disrupted national oncology services.,Critical,0.0,0.0
ME-00048,Hemodialysis,16091.0,Port Victoria Hospital,Busia,2026-03-30 21:00:00,E-CRITICAL,0.9665,Maintenance-neglect-to-breakdown pattern modeled on the 2025 Kenyatta National Hospital radiotherapy machine failure that disrupted national oncology services.,Critical,0.0,0.0
ME-00048,Hemodialysis,16091.0,Port Victoria Hospital,Busia,2026-03-31 06:00:00,E-CRITICAL,1.0,Maintenance-neglect-to-breakdown pattern modeled on the 2025 Kenyatta National Hospital radiotherapy machine failure that disrupted national oncology services.,Critical,0.0,0.0
ME-00048,Hemodialysis,16091.0,Port Victoria Hospital,Busia,2026-03-31 10:00:00,E-CRITICAL,1.0,Maintenance-neglect-to-breakdown pattern modeled on the 2025 Kenyatta National Hospital radiotherapy machine failure that disrupted national oncology services.,Critical,0.0,0.0
ME-00050,Hemodialysis,20834.0,Mount Olive Sinai Hospital,Kajiado,2026-03-25 11:00:00,E-CRITICAL,0.9243,"Maintenance-neglect-to-breakdown pattern modeled on the January 2025 Naivasha sub-county hospital dialysis machine breakdown, which forced patients to seek care elsewhere.",Critical,0.0,0.0
ME-00050,Hemodialysis,20834.0,Mount Olive Sinai Hospital,Kajiado,2026-03-25 14:00:00,E-CRITICAL,0.8072,"Maintenance-neglect-to-breakdown pattern modeled on the January 2025 Naivasha sub-county hospital dialysis machine breakdown, which forced patients to seek care elsewhere.",Critical,0.0,0.0
ME-00050,Hemodialysis,20834.0,Mount Olive Sinai Hospital,Kajiado,2026-03-25 15:00:00,E-CRITICAL,1.0,"Maintenance-neglect-to-breakdown pattern modeled on the January 2025 Naivasha sub-county hospital dialysis machine breakdown, which forced patients to seek care elsewhere.",Critical,0.0,0.0
ME-00050,Hemodialysis,20834.0,Mount Olive Sinai Hospital,Kajiado,2026-03-26 14:00:00,E-CRITICAL,0.8983,"Maintenance-neglect-to-breakdown pattern modeled on the January 2025 Naivasha sub-county hospital dialysis machine breakdown, which forced patients to seek care elsewhere.",Critical,0.0,0.0
ME-00050,Hemodialysis,20834.0,Mount Olive Sinai Hospital,Kajiado,2026-03-26 23:00:00,E-CRITICAL,0.7454,"Maintenance-neglect-to-breakdown pattern modeled on the January 2025 Naivasha sub-county hospital dialysis machine breakdown, which forced patients to seek care elsewhere.",Critical,0.0,0.0
ME-00050,Hemodialysis,20834.0,Mount Olive Sinai Hospital,Kajiado,2026-03-27 11:00:00,E-CRITICAL,1.0,"Maintenance-neglect-to-breakdown pattern modeled on the January 2025 Naivasha sub-county hospital dialysis machine breakdown, which forced patients to seek care elsewhere.",Critical,0.0,0.0
ME-00050,Hemodialysis,20834.0,Mount Olive Sinai Hospital,Kajiado,2026-03-27 19:00:00,E-CRITICAL,0.9231,"Maintenance-neglect-to-breakdown pattern modeled on the January 2025 Naivasha sub-county hospital dialysis machine breakdown, which forced patients to seek care elsewhere.",Critical,0.0,0.0
ME-00050,Hemodialysis,20834.0,Mount Olive Sinai Hospital,Kajiado,2026-03-28 00:00:00,E-CRITICAL,1.0,"Maintenance-neglect-to-breakdown pattern modeled on the January 2025 Naivasha sub-county hospital dialysis machine breakdown, which forced patients to seek care elsewhere.",Critical,0.0,0.0
ME-00050,Hemodialysis,20834.0,Mount Olive Sinai Hospital,Kajiado,2026-03-28 14:00:00,E-CRITICAL,1.0,"Maintenance-neglect-to-breakdown pattern modeled on the January 2025 Naivasha sub-county hospital dialysis machine breakdown, which forced patients to seek care elsewhere.",Critical,0.0,0.0
ME-00050,Hemodialysis,20834.0,Mount Olive Sinai Hospital,Kajiado,2026-03-28 15:00:00,E-CRITICAL,0.9758,"Maintenance-neglect-to-breakdown pattern modeled on the January 2025 Naivasha sub-county hospital dialysis machine breakdown, which forced patients to seek care elsewhere.",Critical,0.0,0.0
ME-00050,Hemodialysis,20834.0,Mount Olive Sinai Hospital,Kajiado,2026-03-28 17:00:00,E-CRITICAL,1.0,"Maintenance-neglect-to-breakdown pattern modeled on the January 2025 Naivasha sub-county hospital dialysis machine breakdown, which forced patients to seek care elsewhere.",Critical,0.0,0.0
ME-00050,Hemodialysis,20834.0,Mount Olive Sinai Hospital,Kajiado,2026-03-28 18:00:00,E-CRITICAL,1.0,"Maintenance-neglect-to-breakdown pattern modeled on the January 2025 Naivasha sub-county hospital dialysis machine breakdown, which forced patients to seek care elsewhere.",Critical,0.0,0.0
ME-00050,Hemodialysis,20834.0,Mount Olive Sinai Hospital,Kajiado,2026-03-28 19:00:00,E-CRITICAL,0.898,"Maintenance-neglect-to-breakdown pattern modeled on the January 2025 Naivasha sub-county hospital dialysis machine breakdown, which forced patients to seek care elsewhere.",Critical,0.0,0.0
ME-00050,Hemodialysis,20834.0,Mount Olive Sinai Hospital,Kajiado,2026-03-29 07:00:00,E-CRITICAL,1.0,"Maintenance-neglect-to-breakdown pattern modeled on the January 2025 Naivasha sub-county hospital dialysis machine breakdown, which forced patients to seek care elsewhere.",Critical,0.0,0.0
ME-00050,Hemodialysis,20834.0,Mount Olive Sinai Hospital,Kajiado,2026-03-29 09:00:00,E-CRITICAL,1.0,"Maintenance-neglect-to-breakdown pattern modeled on the January 2025 Naivasha sub-county hospital dialysis machine breakdown, which forced patients to seek care elsewhere.",Critical,0.0,0.0
ME-00050,Hemodialysis,20834.0,Mount Olive Sinai Hospital,Kajiado,2026-03-29 23:00:00,E-CRITICAL,0.9181,"Maintenance-neglect-to-breakdown pattern modeled on the January 2025 Naivasha sub-county hospital dialysis machine breakdown, which forced patients to seek care elsewhere.",Critical,0.0,0.0
ME-00050,Hemodialysis,20834.0,Mount Olive Sinai Hospital,Kajiado,2026-03-30 00:00:00,E-CRITICAL,0.9994,"Maintenance-neglect-to-breakdown pattern modeled on the January 2025 Naivasha sub-county hospital dialysis machine breakdown, which forced patients to seek care elsewhere.",Critical,0.0,0.0
ME-00050,Hemodialysis,20834.0,Mount Olive Sinai Hospital,Kajiado,2026-03-30 09:00:00,E-CRITICAL,1.0,"Maintenance-neglect-to-breakdown pattern modeled on the January 2025 Naivasha sub-county hospital dialysis machine breakdown, which forced patients to seek care elsewhere.",Critical,0.0,0.0
ME-00050,Hemodialysis,20834.0,Mount Olive Sinai Hospital,Kajiado,2026-03-30 10:00:00,E-CRITICAL,1.0,"Maintenance-neglect-to-breakdown pattern modeled on the January 2025 Naivasha sub-county hospital dialysis machine breakdown, which forced patients to seek care elsewhere.",Critical,0.0,0.0
ME-00050,Hemodialysis,20834.0,Mount Olive Sinai Hospital,Kajiado,2026-03-30 16:00:00,E-CRITICAL,1.0,"Maintenance-neglect-to-breakdown pattern modeled on the January 2025 Naivasha sub-county hospital dialysis machine breakdown, which forced patients to seek care elsewhere.",Critical,0.0,0.0
ME-00050,Hemodialysis,20834.0,Mount Olive Sinai Hospital,Kajiado,2026-03-30 23:00:00,E-CRITICAL,0.9505,"Maintenance-neglect-to-breakdown pattern modeled on the January 2025 Naivasha sub-county hospital dialysis machine breakdown, which forced patients to seek care elsewhere.",Critical,0.0,0.0
ME-00050,Hemodialysis,20834.0,Mount Olive Sinai Hospital,Kajiado,2026-03-31 01:00:00,E-CRITICAL,1.0,"Maintenance-neglect-to-breakdown pattern modeled on the January 2025 Naivasha sub-county hospital dialysis machine breakdown, which forced patients to seek care elsewhere.",Critical,0.0,0.0
ME-00050,Hemodialysis,20834.0,Mount Olive Sinai Hospital,Kajiado,2026-03-31 03:00:00,E-CRITICAL,1.0,"Maintenance-neglect-to-breakdown pattern modeled on the January 2025 Naivasha sub-county hospital dialysis machine breakdown, which forced patients to seek care elsewhere.",Critical,0.0,0.0
ME-00050,Hemodialysis,20834.0,Mount Olive Sinai Hospital,Kajiado,2026-03-31 04:00:00,E-CRITICAL,1.0,"Maintenance-neglect-to-breakdown pattern modeled on the January 2025 Naivasha sub-county hospital dialysis machine breakdown, which forced patients to seek care elsewhere.",Critical,0.0,0.0
ME-00050,Hemodialysis,20834.0,Mount Olive Sinai Hospital,Kajiado,2026-03-31 08:00:00,E-CRITICAL,1.0,"Maintenance-neglect-to-breakdown pattern modeled on the January 2025 Naivasha sub-county hospital dialysis machine breakdown, which forced patients to seek care elsewhere.",Critical,0.0,0.0
ME-00050,Hemodialysis,20834.0,Mount Olive Sinai Hospital,Kajiado,2026-03-31 12:00:00,E-CRITICAL,0.9969,"Maintenance-neglect-to-breakdown pattern modeled on the January 2025 Naivasha sub-county hospital dialysis machine breakdown, which forced patients to seek care elsewhere.",Critical,0.0,0.0
ME-00059,Ventilator,21676.0,RAPHA HOSPITAL -MAKUENI,Makueni,2026-03-26 21:00:00,E-CRITICAL,0.6235,"Maintenance-neglect-to-breakdown pattern modeled on the January 2025 Naivasha sub-county hospital dialysis machine breakdown, which forced patients to seek care elsewhere.",Critical,0.0,0.0
ME-00059,Ventilator,21676.0,RAPHA HOSPITAL -MAKUENI,Makueni,2026-03-27 17:00:00,E-CRITICAL,0.8084,"Maintenance-neglect-to-breakdown pattern modeled on the January 2025 Naivasha sub-county hospital dialysis machine breakdown, which forced patients to seek care elsewhere.",Critical,0.0,0.0
ME-00059,Ventilator,21676.0,RAPHA HOSPITAL -MAKUENI,Makueni,2026-03-28 20:00:00,E-CRITICAL,0.7158,"Maintenance-neglect-to-breakdown pattern modeled on the January 2025 Naivasha sub-county hospital dialysis machine breakdown, which forced patients to seek care elsewhere.",Critical,0.0,0.0
ME-00059,Ventilator,21676.0,RAPHA HOSPITAL -MAKUENI,Makueni,2026-03-28 23:00:00,E-CRITICAL,0.6519,"Maintenance-neglect-to-breakdown pattern modeled on the January 2025 Naivasha sub-county hospital dialysis machine breakdown, which forced patients to seek care elsewhere.",Critical,0.0,0.0
ME-00059,Ventilator,21676.0,RAPHA HOSPITAL -MAKUENI,Makueni,2026-03-29 06:00:00,E-CRITICAL,0.7639,"Maintenance-neglect-to-breakdown pattern modeled on the January 2025 Naivasha sub-county hospital dialysis machine breakdown, which forced patients to seek care elsewhere.",Critical,0.0,0.0
ME-00059,Ventilator,21676.0,RAPHA HOSPITAL -MAKUENI,Makueni,2026-03-30 05:00:00,E-CRITICAL,0.8025,"Maintenance-neglect-to-breakdown pattern modeled on the January 2025 Naivasha sub-county hospital dialysis machine breakdown, which forced patients to seek care elsewhere.",Critical,0.0,0.0
ME-00059,Ventilator,21676.0,RAPHA HOSPITAL -MAKUENI,Makueni,2026-03-30 15:00:00,E-CRITICAL,0.7051,"Maintenance-neglect-to-breakdown pattern modeled on the January 2025 Naivasha sub-county hospital dialysis machine breakdown, which forced patients to seek care elsewhere.",Critical,0.0,0.0
ME-00059,Ventilator,21676.0,RAPHA HOSPITAL -MAKUENI,Makueni,2026-03-30 19:00:00,E-CRITICAL,0.865,"Maintenance-neglect-to-breakdown pattern modeled on the January 2025 Naivasha sub-county hospital dialysis machine breakdown, which forced patients to seek care elsewhere.",Critical,0.0,0.0
ME-00059,Ventilator,21676.0,RAPHA HOSPITAL -MAKUENI,Makueni,2026-03-30 21:00:00,E-CRITICAL,0.8549,"Maintenance-neglect-to-breakdown pattern modeled on the January 2025 Naivasha sub-county hospital dialysis machine breakdown, which forced patients to seek care elsewhere.",Critical,0.0,0.0
ME-00059,Ventilator,21676.0,RAPHA HOSPITAL -MAKUENI,Makueni,2026-03-31 04:00:00,E-CRITICAL,0.7756,"Maintenance-neglect-to-breakdown pattern modeled on the January 2025 Naivasha sub-county hospital dialysis machine breakdown, which forced patients to seek care elsewhere.",Critical,0.0,0.0
ME-00059,Ventilator,21676.0,RAPHA HOSPITAL -MAKUENI,Makueni,2026-03-31 06:00:00,E-CRITICAL,0.759,"Maintenance-neglect-to-breakdown pattern modeled on the January 2025 Naivasha sub-county hospital dialysis machine breakdown, which forced patients to seek care elsewhere.",Critical,0.0,0.0
ME-00059,Ventilator,21676.0,RAPHA HOSPITAL -MAKUENI,Makueni,2026-03-31 18:00:00,E-CRITICAL,0.8245,"Maintenance-neglect-to-breakdown pattern modeled on the January 2025 Naivasha sub-county hospital dialysis machine breakdown, which forced patients to seek care elsewhere.",Critical,0.0,0.0
ME-00059,Ventilator,21676.0,RAPHA HOSPITAL -MAKUENI,Makueni,2026-03-31 19:00:00,E-CRITICAL,0.7599,"Maintenance-neglect-to-breakdown pattern modeled on the January 2025 Naivasha sub-county hospital dialysis machine breakdown, which forced patients to seek care elsewhere.",Critical,0.0,0.0
ME-00059,Ventilator,21676.0,RAPHA HOSPITAL -MAKUENI,Makueni,2026-03-31 23:00:00,E-CRITICAL,0.7507,"Maintenance-neglect-to-breakdown pattern modeled on the January 2025 Naivasha sub-county hospital dialysis machine breakdown, which forced patients to seek care elsewhere.",Critical,0.0,0.0
ME-00060,Hemodialysis,18005.0,South B Hospital Ltd,Nairobi,2026-03-26 09:00:00,E-CRITICAL,0.9484,"Usage-reporting discrepancy modeled on the 2026 national MES dialysis audit finding: machine usage counters showed materially more work performed than hospitals' paper registers recorded, by more than 30% in some cases. Maintenance-neglect-to-breakdown pattern modeled on the January 2025 Naivasha sub-county hospital dialysis machine breakdown, which forced patients to seek care elsewhere.",Critical,0.0,0.0
ME-00060,Hemodialysis,18005.0,South B Hospital Ltd,Nairobi,2026-03-26 20:00:00,E-CRITICAL,0.8233,"Usage-reporting discrepancy modeled on the 2026 national MES dialysis audit finding: machine usage counters showed materially more work performed than hospitals' paper registers recorded, by more than 30% in some cases. Maintenance-neglect-to-breakdown pattern modeled on the January 2025 Naivasha sub-county hospital dialysis machine breakdown, which forced patients to seek care elsewhere.",Critical,0.0,0.0
ME-00060,Hemodialysis,18005.0,South B Hospital Ltd,Nairobi,2026-03-27 05:00:00,E-CRITICAL,1.0,"Usage-reporting discrepancy modeled on the 2026 national MES dialysis audit finding: machine usage counters showed materially more work performed than hospitals' paper registers recorded, by more than 30% in some cases. Maintenance-neglect-to-breakdown pattern modeled on the January 2025 Naivasha sub-county hospital dialysis machine breakdown, which forced patients to seek care elsewhere.",Critical,0.0,0.0
ME-00060,Hemodialysis,18005.0,South B Hospital Ltd,Nairobi,2026-03-27 08:00:00,E-CRITICAL,1.0,"Usage-reporting discrepancy modeled on the 2026 national MES dialysis audit finding: machine usage counters showed materially more work performed than hospitals' paper registers recorded, by more than 30% in some cases. Maintenance-neglect-to-breakdown pattern modeled on the January 2025 Naivasha sub-county hospital dialysis machine breakdown, which forced patients to seek care elsewhere.",Critical,0.0,0.0
ME-00060,Hemodialysis,18005.0,South B Hospital Ltd,Nairobi,2026-03-27 16:00:00,E-CRITICAL,1.0,"Usage-reporting discrepancy modeled on the 2026 national MES dialysis audit finding: machine usage counters showed materially more work performed than hospitals' paper registers recorded, by more than 30% in some cases. Maintenance-neglect-to-breakdown pattern modeled on the January 2025 Naivasha sub-county hospital dialysis machine breakdown, which forced patients to seek care elsewhere.",Critical,0.0,0.0
ME-00060,Hemodialysis,18005.0,South B Hospital Ltd,Nairobi,2026-03-28 10:00:00,E-CRITICAL,0.9482,"Usage-reporting discrepancy modeled on the 2026 national MES dialysis audit finding: machine usage counters showed materially more work performed than hospitals' paper registers recorded, by more than 30% in some cases. Maintenance-neglect-to-breakdown pattern modeled on the January 2025 Naivasha sub-county hospital dialysis machine breakdown, which forced patients to seek care elsewhere.",Critical,0.0,0.0
ME-00060,Hemodialysis,18005.0,South B Hospital Ltd,Nairobi,2026-03-28 16:00:00,E-CRITICAL,0.8671,"Usage-reporting discrepancy modeled on the 2026 national MES dialysis audit finding: machine usage counters showed materially more work performed than hospitals' paper registers recorded, by more than 30% in some cases. Maintenance-neglect-to-breakdown pattern modeled on the January 2025 Naivasha sub-county hospital dialysis machine breakdown, which forced patients to seek care elsewhere.",Critical,0.0,0.0
ME-00060,Hemodialysis,18005.0,South B Hospital Ltd,Nairobi,2026-03-28 17:00:00,E-CRITICAL,1.0,"Usage-reporting discrepancy modeled on the 2026 national MES dialysis audit finding: machine usage counters showed materially more work performed than hospitals' paper registers recorded, by more than 30% in some cases. Maintenance-neglect-to-breakdown pattern modeled on the January 2025 Naivasha sub-county hospital dialysis machine breakdown, which forced patients to seek care elsewhere.",Critical,0.0,0.0
ME-00060,Hemodialysis,18005.0,South B Hospital Ltd,Nairobi,2026-03-28 22:00:00,E-CRITICAL,0.959,"Usage-reporting discrepancy modeled on the 2026 national MES dialysis audit finding: machine usage counters showed materially more work performed than hospitals' paper registers recorded, by more than 30% in some cases. Maintenance-neglect-to-breakdown pattern modeled on the January 2025 Naivasha sub-county hospital dialysis machine breakdown, which forced patients to seek care elsewhere.",Critical,0.0,0.0
ME-00060,Hemodialysis,18005.0,South B Hospital Ltd,Nairobi,2026-03-28 23:00:00,E-CRITICAL,1.0,"Usage-reporting discrepancy modeled on the 2026 national MES dialysis audit finding: machine usage counters showed materially more work performed than hospitals' paper registers recorded, by more than 30% in some cases. Maintenance-neglect-to-breakdown pattern modeled on the January 2025 Naivasha sub-county hospital dialysis machine breakdown, which forced patients to seek care elsewhere.",Critical,0.0,0.0
ME-00060,Hemodialysis,18005.0,South B Hospital Ltd,Nairobi,2026-03-29 02:00:00,E-CRITICAL,1.0,"Usage-reporting discrepancy modeled on the 2026 national MES dialysis audit finding: machine usage counters showed materially more work performed than hospitals' paper registers recorded, by more than 30% in some cases. Maintenance-neglect-to-breakdown pattern modeled on the January 2025 Naivasha sub-county hospital dialysis machine breakdown, which forced patients to seek care elsewhere.",Critical,0.0,0.0
ME-00060,Hemodialysis,18005.0,South B Hospital Ltd,Nairobi,2026-03-29 07:00:00,E-CRITICAL,1.0,"Usage-reporting discrepancy modeled on the 2026 national MES dialysis audit finding: machine usage counters showed materially more work performed than hospitals' paper registers recorded, by more than 30% in some cases. Maintenance-neglect-to-breakdown pattern modeled on the January 2025 Naivasha sub-county hospital dialysis machine breakdown, which forced patients to seek care elsewhere.",Critical,0.0,0.0
ME-00060,Hemodialysis,18005.0,South B Hospital Ltd,Nairobi,2026-03-29 09:00:00,E-CRITICAL,1.0,"Usage-reporting discrepancy modeled on the 2026 national MES dialysis audit finding: machine usage counters showed materially more work performed than hospitals' paper registers recorded, by more than 30% in some cases. Maintenance-neglect-to-breakdown pattern modeled on the January 2025 Naivasha sub-county hospital dialysis machine breakdown, which forced patients to seek care elsewhere.",Critical,0.0,0.0
ME-00060,Hemodialysis,18005.0,South B Hospital Ltd,Nairobi,2026-03-29 14:00:00,E-CRITICAL,1.0,"Usage-reporting discrepancy modeled on the 2026 national MES dialysis audit finding: machine usage counters showed materially more work performed than hospitals' paper registers recorded, by more than 30% in some cases. Maintenance-neglect-to-breakdown pattern modeled on the January 2025 Naivasha sub-county hospital dialysis machine breakdown, which forced patients to seek care elsewhere.",Critical,0.0,0.0
ME-00060,Hemodialysis,18005.0,South B Hospital Ltd,Nairobi,2026-03-30 01:00:00,E-CRITICAL,1.0,"Usage-reporting discrepancy modeled on the 2026 national MES dialysis audit finding: machine usage counters showed materially more work performed than hospitals' paper registers recorded, by more than 30% in some cases. Maintenance-neglect-to-breakdown pattern modeled on the January 2025 Naivasha sub-county hospital dialysis machine breakdown, which forced patients to seek care elsewhere.",Critical,0.0,0.0
ME-00060,Hemodialysis,18005.0,South B Hospital Ltd,Nairobi,2026-03-30 05:00:00,E-CRITICAL,1.0,"Usage-reporting discrepancy modeled on the 2026 national MES dialysis audit finding: machine usage counters showed materially more work performed than hospitals' paper registers recorded, by more than 30% in some cases. Maintenance-neglect-to-breakdown pattern modeled on the January 2025 Naivasha sub-county hospital dialysis machine breakdown, which forced patients to seek care elsewhere.",Critical,0.0,0.0
ME-00060,Hemodialysis,18005.0,South B Hospital Ltd,Nairobi,2026-03-30 16:00:00,E-CRITICAL,1.0,"Usage-reporting discrepancy modeled on the 2026 national MES dialysis audit finding: machine usage counters showed materially more work performed than hospitals' paper registers recorded, by more than 30% in some cases. Maintenance-neglect-to-breakdown pattern modeled on the January 2025 Naivasha sub-county hospital dialysis machine breakdown, which forced patients to seek care elsewhere.",Critical,0.0,0.0
ME-00060,Hemodialysis,18005.0,South B Hospital Ltd,Nairobi,2026-03-31 03:00:00,E-CRITICAL,1.0,"Usage-reporting discrepancy modeled on the 2026 national MES dialysis audit finding: machine usage counters showed materially more work performed than hospitals' paper registers recorded, by more than 30% in some cases. Maintenance-neglect-to-breakdown pattern modeled on the January 2025 Naivasha sub-county hospital dialysis machine breakdown, which forced patients to seek care elsewhere.",Critical,0.0,0.0
ME-00060,Hemodialysis,18005.0,South B Hospital Ltd,Nairobi,2026-03-31 06:00:00,E-CRITICAL,0.9581,"Usage-reporting discrepancy modeled on the 2026 national MES dialysis audit finding: machine usage counters showed materially more work performed than hospitals' paper registers recorded, by more than 30% in some cases. Maintenance-neglect-to-breakdown pattern modeled on the January 2025 Naivasha sub-county hospital dialysis machine breakdown, which forced patients to seek care elsewhere.",Critical,0.0,0.0
ME-00060,Hemodialysis,18005.0,South B Hospital Ltd,Nairobi,2026-03-31 14:00:00,E-CRITICAL,0.9767,"Usage-reporting discrepancy modeled on the 2026 national MES dialysis audit finding: machine usage counters showed materially more work performed than hospitals' paper registers recorded, by more than 30% in some cases. Maintenance-neglect-to-breakdown pattern modeled on the January 2025 Naivasha sub-county hospital dialysis machine breakdown, which forced patients to seek care elsewhere.",Critical,0.0,0.0
ME-00060,Hemodialysis,18005.0,South B Hospital Ltd,Nairobi,2026-03-31 16:00:00,E-CRITICAL,0.9835,"Usage-reporting discrepancy modeled on the 2026 national MES dialysis audit finding: machine usage counters showed materially more work performed than hospitals' paper registers recorded, by more than 30% in some cases. Maintenance-neglect-to-breakdown pattern modeled on the January 2025 Naivasha sub-county hospital dialysis machine breakdown, which forced patients to seek care elsewhere.",Critical,0.0,0.0
ME-00060,Hemodialysis,18005.0,South B Hospital Ltd,Nairobi,2026-03-31 19:00:00,E-CRITICAL,0.9362,"Usage-reporting discrepancy modeled on the 2026 national MES dialysis audit finding: machine usage counters showed materially more work performed than hospitals' paper registers recorded, by more than 30% in some cases. Maintenance-neglect-to-breakdown pattern modeled on the January 2025 Naivasha sub-county hospital dialysis machine breakdown, which forced patients to seek care elsewhere.",Critical,0.0,0.0
ME-00060,Hemodialysis,18005.0,South B Hospital Ltd,Nairobi,2026-03-31 21:00:00,E-CRITICAL,1.0,"Usage-reporting discrepancy modeled on the 2026 national MES dialysis audit finding: machine usage counters showed materially more work performed than hospitals' paper registers recorded, by more than 30% in some cases. Maintenance-neglect-to-breakdown pattern modeled on the January 2025 Naivasha sub-county hospital dialysis machine breakdown, which forced patients to seek care elsewhere.",Critical,0.0,0.0
ME-00068,CT,25045.0,Mwai Kibaki Teaching and Referral Hospital,Nyeri,2026-03-29 18:00:00,E-CRITICAL,0.8035,"Maintenance-neglect-to-breakdown pattern modeled on the MES 125-hospital equipment-halt case, where machines across facilities ground to a halt due to lack of maintenance.",Critical,0.0,0.0
ME-00068,CT,25045.0,Mwai Kibaki Teaching and Referral Hospital,Nyeri,2026-03-30 10:00:00,E-CRITICAL,0.9929,"Maintenance-neglect-to-breakdown pattern modeled on the MES 125-hospital equipment-halt case, where machines across facilities ground to a halt due to lack of maintenance.",Critical,0.0,0.0
ME-00068,CT,25045.0,Mwai Kibaki Teaching and Referral Hospital,Nyeri,2026-03-30 15:00:00,E-CRITICAL,0.8903,"Maintenance-neglect-to-breakdown pattern modeled on the MES 125-hospital equipment-halt case, where machines across facilities ground to a halt due to lack of maintenance.",Critical,0.0,0.0
ME-00068,CT,25045.0,Mwai Kibaki Teaching and Referral Hospital,Nyeri,2026-03-30 17:00:00,E-CRITICAL,0.8505,"Maintenance-neglect-to-breakdown pattern modeled on the MES 125-hospital equipment-halt case, where machines across facilities ground to a halt due to lack of maintenance.",Critical,0.0,0.0
ME-00068,CT,25045.0,Mwai Kibaki Teaching and Referral Hospital,Nyeri,2026-03-30 19:00:00,E-CRITICAL,0.9216,"Maintenance-neglect-to-breakdown pattern modeled on the MES 125-hospital equipment-halt case, where machines across facilities ground to a halt due to lack of maintenance.",Critical,0.0,0.0
ME-00068,CT,25045.0,Mwai Kibaki Teaching and Referral Hospital,Nyeri,2026-03-31 06:00:00,E-CRITICAL,0.941,"Maintenance-neglect-to-breakdown pattern modeled on the MES 125-hospital equipment-halt case, where machines across facilities ground to a halt due to lack of maintenance.",Critical,0.0,0.0
ME-00068,CT,25045.0,Mwai Kibaki Teaching and Referral Hospital,Nyeri,2026-03-31 08:00:00,E-CRITICAL,0.895,"Maintenance-neglect-to-breakdown pattern modeled on the MES 125-hospital equipment-halt case, where machines across facilities ground to a halt due to lack of maintenance.",Critical,0.0,0.0
ME-00068,CT,25045.0,Mwai Kibaki Teaching and Referral Hospital,Nyeri,2026-03-31 11:00:00,E-CRITICAL,0.9979,"Maintenance-neglect-to-breakdown pattern modeled on the MES 125-hospital equipment-halt case, where machines across facilities ground to a halt due to lack of maintenance.",Critical,0.0,0.0
ME-00068,CT,25045.0,Mwai Kibaki Teaching and Referral Hospital,Nyeri,2026-03-31 15:00:00,E-CRITICAL,0.8828,"Maintenance-neglect-to-breakdown pattern modeled on the MES 125-hospital equipment-halt case, where machines across facilities ground to a halt due to lack of maintenance.",Critical,0.0,0.0
ME-00068,CT,25045.0,Mwai Kibaki Teaching and Referral Hospital,Nyeri,2026-03-31 20:00:00,E-CRITICAL,0.9663,"Maintenance-neglect-to-breakdown pattern modeled on the MES 125-hospital equipment-halt case, where machines across facilities ground to a halt due to lack of maintenance.",Critical,0.0,0.0
ME-00072,MRI,12438.0,Machakos County Referral Hospital,Machakos,2026-03-25 00:00:00,E-CRITICAL,0.6766,"Usage-reporting discrepancy modeled on the 2026 national MES dialysis audit finding: machine usage counters showed materially more work performed than hospitals' paper registers recorded, by more than 30% in some cases. Maintenance-neglect-to-breakdown pattern modeled on the January 2025 Naivasha sub-county hospital dialysis machine breakdown, which forced patients to seek care elsewhere.",Critical,0.0,0.0
ME-00072,MRI,12438.0,Machakos County Referral Hospital,Machakos,2026-03-25 01:00:00,E-CRITICAL,0.7484,"Usage-reporting discrepancy modeled on the 2026 national MES dialysis audit finding: machine usage counters showed materially more work performed than hospitals' paper registers recorded, by more than 30% in some cases. Maintenance-neglect-to-breakdown pattern modeled on the January 2025 Naivasha sub-county hospital dialysis machine breakdown, which forced patients to seek care elsewhere.",Critical,0.0,0.0
ME-00072,MRI,12438.0,Machakos County Referral Hospital,Machakos,2026-03-25 06:00:00,E-CRITICAL,0.8291,"Usage-reporting discrepancy modeled on the 2026 national MES dialysis audit finding: machine usage counters showed materially more work performed than hospitals' paper registers recorded, by more than 30% in some cases. Maintenance-neglect-to-breakdown pattern modeled on the January 2025 Naivasha sub-county hospital dialysis machine breakdown, which forced patients to seek care elsewhere.",Critical,0.0,0.0
ME-00072,MRI,12438.0,Machakos County Referral Hospital,Machakos,2026-03-25 16:00:00,E-CRITICAL,0.7058,"Usage-reporting discrepancy modeled on the 2026 national MES dialysis audit finding: machine usage counters showed materially more work performed than hospitals' paper registers recorded, by more than 30% in some cases. Maintenance-neglect-to-breakdown pattern modeled on the January 2025 Naivasha sub-county hospital dialysis machine breakdown, which forced patients to seek care elsewhere.",Critical,0.0,0.0
ME-00072,MRI,12438.0,Machakos County Referral Hospital,Machakos,2026-03-26 08:00:00,E-CRITICAL,0.884,"Usage-reporting discrepancy modeled on the 2026 national MES dialysis audit finding: machine usage counters showed materially more work performed than hospitals' paper registers recorded, by more than 30% in some cases. Maintenance-neglect-to-breakdown pattern modeled on the January 2025 Naivasha sub-county hospital dialysis machine breakdown, which forced patients to seek care elsewhere.",Critical,0.0,0.0
ME-00072,MRI,12438.0,Machakos County Referral Hospital,Machakos,2026-03-26 12:00:00,E-CRITICAL,0.9005,"Usage-reporting discrepancy modeled on the 2026 national MES dialysis audit finding: machine usage counters showed materially more work performed than hospitals' paper registers recorded, by more than 30% in some cases. Maintenance-neglect-to-breakdown pattern modeled on the January 2025 Naivasha sub-county hospital dialysis machine breakdown, which forced patients to seek care elsewhere.",Critical,0.0,0.0
ME-00072,MRI,12438.0,Machakos County Referral Hospital,Machakos,2026-03-26 14:00:00,E-CRITICAL,0.8938,"Usage-reporting discrepancy modeled on the 2026 national MES dialysis audit finding: machine usage counters showed materially more work performed than hospitals' paper registers recorded, by more than 30% in some cases. Maintenance-neglect-to-breakdown pattern modeled on the January 2025 Naivasha sub-county hospital dialysis machine breakdown, which forced patients to seek care elsewhere.",Critical,0.0,0.0
ME-00072,MRI,12438.0,Machakos County Referral Hospital,Machakos,2026-03-26 18:00:00,E-CRITICAL,0.8066,"Usage-reporting discrepancy modeled on the 2026 national MES dialysis audit finding: machine usage counters showed materially more work performed than hospitals' paper registers recorded, by more than 30% in some cases. Maintenance-neglect-to-breakdown pattern modeled on the January 2025 Naivasha sub-county hospital dialysis machine breakdown, which forced patients to seek care elsewhere.",Critical,0.0,0.0
ME-00072,MRI,12438.0,Machakos County Referral Hospital,Machakos,2026-03-26 19:00:00,E-CRITICAL,0.6777,"Usage-reporting discrepancy modeled on the 2026 national MES dialysis audit finding: machine usage counters showed materially more work performed than hospitals' paper registers recorded, by more than 30% in some cases. Maintenance-neglect-to-breakdown pattern modeled on the January 2025 Naivasha sub-county hospital dialysis machine breakdown, which forced patients to seek care elsewhere.",Critical,0.0,0.0
ME-00072,MRI,12438.0,Machakos County Referral Hospital,Machakos,2026-03-27 09:00:00,E-CRITICAL,0.8352,"Usage-reporting discrepancy modeled on the 2026 national MES dialysis audit finding: machine usage counters showed materially more work performed than hospitals' paper registers recorded, by more than 30% in some cases. Maintenance-neglect-to-breakdown pattern modeled on the January 2025 Naivasha sub-county hospital dialysis machine breakdown, which forced patients to seek care elsewhere.",Critical,0.0,0.0
ME-00072,MRI,12438.0,Machakos County Referral Hospital,Machakos,2026-03-27 15:00:00,E-CRITICAL,0.8583,"Usage-reporting discrepancy modeled on the 2026 national MES dialysis audit finding: machine usage counters showed materially more work performed than hospitals' paper registers recorded, by more than 30% in some cases. Maintenance-neglect-to-breakdown pattern modeled on the January 2025 Naivasha sub-county hospital dialysis machine breakdown, which forced patients to seek care elsewhere.",Critical,0.0,0.0
ME-00072,MRI,12438.0,Machakos County Referral Hospital,Machakos,2026-03-28 02:00:00,E-CRITICAL,0.7937,"Usage-reporting discrepancy modeled on the 2026 national MES dialysis audit finding: machine usage counters showed materially more work performed than hospitals' paper registers recorded, by more than 30% in some cases. Maintenance-neglect-to-breakdown pattern modeled on the January 2025 Naivasha sub-county hospital dialysis machine breakdown, which forced patients to seek care elsewhere.",Critical,0.0,0.0
ME-00072,MRI,12438.0,Machakos County Referral Hospital,Machakos,2026-03-28 14:00:00,E-CRITICAL,0.8846,"Usage-reporting discrepancy modeled on the 2026 national MES dialysis audit finding: machine usage counters showed materially more work performed than hospitals' paper registers recorded, by more than 30% in some cases. Maintenance-neglect-to-breakdown pattern modeled on the January 2025 Naivasha sub-county hospital dialysis machine breakdown, which forced patients to seek care elsewhere.",Critical,0.0,0.0
ME-00072,MRI,12438.0,Machakos County Referral Hospital,Machakos,2026-03-29 06:00:00,E-CRITICAL,0.7862,"Usage-reporting discrepancy modeled on the 2026 national MES dialysis audit finding: machine usage counters showed materially more work performed than hospitals' paper registers recorded, by more than 30% in some cases. Maintenance-neglect-to-breakdown pattern modeled on the January 2025 Naivasha sub-county hospital dialysis machine breakdown, which forced patients to seek care elsewhere.",Critical,0.0,0.0
ME-00072,MRI,12438.0,Machakos County Referral Hospital,Machakos,2026-03-29 15:00:00,E-CRITICAL,0.8851,"Usage-reporting discrepancy modeled on the 2026 national MES dialysis audit finding: machine usage counters showed materially more work performed than hospitals' paper registers recorded, by more than 30% in some cases. Maintenance-neglect-to-breakdown pattern modeled on the January 2025 Naivasha sub-county hospital dialysis machine breakdown, which forced patients to seek care elsewhere.",Critical,0.0,0.0
ME-00072,MRI,12438.0,Machakos County Referral Hospital,Machakos,2026-03-30 03:00:00,E-CRITICAL,0.8539,"Usage-reporting discrepancy modeled on the 2026 national MES dialysis audit finding: machine usage counters showed materially more work performed than hospitals' paper registers recorded, by more than 30% in some cases. Maintenance-neglect-to-breakdown pattern modeled on the January 2025 Naivasha sub-county hospital dialysis machine breakdown, which forced patients to seek care elsewhere.",Critical,0.0,0.0
ME-00072,MRI,12438.0,Machakos County Referral Hospital,Machakos,2026-03-30 07:00:00,E-CRITICAL,0.9533,"Usage-reporting discrepancy modeled on the 2026 national MES dialysis audit finding: machine usage counters showed materially more work performed than hospitals' paper registers recorded, by more than 30% in some cases. Maintenance-neglect-to-breakdown pattern modeled on the January 2025 Naivasha sub-county hospital dialysis machine breakdown, which forced patients to seek care elsewhere.",Critical,0.0,0.0
ME-00072,MRI,12438.0,Machakos County Referral Hospital,Machakos,2026-03-30 11:00:00,E-CRITICAL,0.8777,"Usage-reporting discrepancy modeled on the 2026 national MES dialysis audit finding: machine usage counters showed materially more work performed than hospitals' paper registers recorded, by more than 30% in some cases. Maintenance-neglect-to-breakdown pattern modeled on the January 2025 Naivasha sub-county hospital dialysis machine breakdown, which forced patients to seek care elsewhere.",Critical,0.0,0.0
ME-00072,MRI,12438.0,Machakos County Referral Hospital,Machakos,2026-03-30 16:00:00,E-CRITICAL,0.8022,"Usage-reporting discrepancy modeled on the 2026 national MES dialysis audit finding: machine usage counters showed materially more work performed than hospitals' paper registers recorded, by more than 30% in some cases. Maintenance-neglect-to-breakdown pattern modeled on the January 2025 Naivasha sub-county hospital dialysis machine breakdown, which forced patients to seek care elsewhere.",Critical,0.0,0.0
ME-00072,MRI,12438.0,Machakos County Referral Hospital,Machakos,2026-03-30 17:00:00,E-CRITICAL,0.9304,"Usage-reporting discrepancy modeled on the 2026 national MES dialysis audit finding: machine usage counters showed materially more work performed than hospitals' paper registers recorded, by more than 30% in some cases. Maintenance-neglect-to-breakdown pattern modeled on the January 2025 Naivasha sub-county hospital dialysis machine breakdown, which forced patients to seek care elsewhere.",Critical,0.0,0.0
ME-00072,MRI,12438.0,Machakos County Referral Hospital,Machakos,2026-03-31 09:00:00,E-CRITICAL,0.9018,"Usage-reporting discrepancy modeled on the 2026 national MES dialysis audit finding: machine usage counters showed materially more work performed than hospitals' paper registers recorded, by more than 30% in some cases. Maintenance-neglect-to-breakdown pattern modeled on the January 2025 Naivasha sub-county hospital dialysis machine breakdown, which forced patients to seek care elsewhere.",Critical,0.0,0.0
ME-00072,MRI,12438.0,Machakos County Referral Hospital,Machakos,2026-03-31 13:00:00,E-CRITICAL,0.9354,"Usage-reporting discrepancy modeled on the 2026 national MES dialysis audit finding: machine usage counters showed materially more work performed than hospitals' paper registers recorded, by more than 30% in some cases. Maintenance-neglect-to-breakdown pattern modeled on the January 2025 Naivasha sub-county hospital dialysis machine breakdown, which forced patients to seek care elsewhere.",Critical,0.0,0.0
ME-00072,MRI,12438.0,Machakos County Referral Hospital,Machakos,2026-03-31 15:00:00,E-CRITICAL,0.9245,"Usage-reporting discrepancy modeled on the 2026 national MES dialysis audit finding: machine usage counters showed materially more work performed than hospitals' paper registers recorded, by more than 30% in some cases. Maintenance-neglect-to-breakdown pattern modeled on the January 2025 Naivasha sub-county hospital dialysis machine breakdown, which forced patients to seek care elsewhere.",Critical,0.0,0.0
ME-00072,MRI,12438.0,Machakos County Referral Hospital,Machakos,2026-03-31 16:00:00,E-CRITICAL,0.9526,"Usage-reporting discrepancy modeled on the 2026 national MES dialysis audit finding: machine usage counters showed materially more work performed than hospitals' paper registers recorded, by more than 30% in some cases. Maintenance-neglect-to-breakdown pattern modeled on the January 2025 Naivasha sub-county hospital dialysis machine breakdown, which forced patients to seek care elsewhere.",Critical,0.0,0.0
ME-00072,MRI,12438.0,Machakos County Referral Hospital,Machakos,2026-03-31 18:00:00,E-CRITICAL,0.9441,"Usage-reporting discrepancy modeled on the 2026 national MES dialysis audit finding: machine usage counters showed materially more work performed than hospitals' paper registers recorded, by more than 30% in some cases. Maintenance-neglect-to-breakdown pattern modeled on the January 2025 Naivasha sub-county hospital dialysis machine breakdown, which forced patients to seek care elsewhere.",Critical,0.0,0.0
ME-00075,CT,11289.0,Coast General Teaching and Referral Hospital,Mombasa,2026-03-23 08:00:00,E-CRITICAL,0.8242,Maintenance-neglect-to-breakdown pattern modeled on the 2025 Kenyatta National Hospital radiotherapy machine failure that disrupted national oncology services.,Critical,0.0,0.0
ME-00075,CT,11289.0,Coast General Teaching and Referral Hospital,Mombasa,2026-03-23 09:00:00,E-CRITICAL,0.7968,Maintenance-neglect-to-breakdown pattern modeled on the 2025 Kenyatta National Hospital radiotherapy machine failure that disrupted national oncology services.,Critical,0.0,0.0
ME-00075,CT,11289.0,Coast General Teaching and Referral Hospital,Mombasa,2026-03-24 10:00:00,E-CRITICAL,0.7703,Maintenance-neglect-to-breakdown pattern modeled on the 2025 Kenyatta National Hospital radiotherapy machine failure that disrupted national oncology services.,Critical,0.0,0.0
ME-00075,CT,11289.0,Coast General Teaching and Referral Hospital,Mombasa,2026-03-25 02:00:00,E-CRITICAL,0.7716,Maintenance-neglect-to-breakdown pattern modeled on the 2025 Kenyatta National Hospital radiotherapy machine failure that disrupted national oncology services.,Critical,0.0,0.0
ME-00075,CT,11289.0,Coast General Teaching and Referral Hospital,Mombasa,2026-03-26 12:00:00,E-CRITICAL,0.749,Maintenance-neglect-to-breakdown pattern modeled on the 2025 Kenyatta National Hospital radiotherapy machine failure that disrupted national oncology services.,Critical,0.0,0.0
ME-00075,CT,11289.0,Coast General Teaching and Referral Hospital,Mombasa,2026-03-26 21:00:00,E-CRITICAL,0.856,Maintenance-neglect-to-breakdown pattern modeled on the 2025 Kenyatta National Hospital radiotherapy machine failure that disrupted national oncology services.,Critical,0.0,0.0
ME-00075,CT,11289.0,Coast General Teaching and Referral Hospital,Mombasa,2026-03-27 03:00:00,E-CRITICAL,0.8014,Maintenance-neglect-to-breakdown pattern modeled on the 2025 Kenyatta National Hospital radiotherapy machine failure that disrupted national oncology services.,Critical,0.0,0.0
ME-00075,CT,11289.0,Coast General Teaching and Referral Hospital,Mombasa,2026-03-27 04:00:00,E-CRITICAL,0.7035,Maintenance-neglect-to-breakdown pattern modeled on the 2025 Kenyatta National Hospital radiotherapy machine failure that disrupted national oncology services.,Critical,0.0,0.0
ME-00075,CT,11289.0,Coast General Teaching and Referral Hospital,Mombasa,2026-03-27 05:00:00,E-CRITICAL,0.8187,Maintenance-neglect-to-breakdown pattern modeled on the 2025 Kenyatta National Hospital radiotherapy machine failure that disrupted national oncology services.,Critical,0.0,0.0
ME-00075,CT,11289.0,Coast General Teaching and Referral Hospital,Mombasa,2026-03-27 10:00:00,E-CRITICAL,0.8149,Maintenance-neglect-to-breakdown pattern modeled on the 2025 Kenyatta National Hospital radiotherapy machine failure that disrupted national oncology services.,Critical,0.0,0.0
ME-00075,CT,11289.0,Coast General Teaching and Referral Hospital,Mombasa,2026-03-28 06:00:00,E-CRITICAL,0.7767,Maintenance-neglect-to-breakdown pattern modeled on the 2025 Kenyatta National Hospital radiotherapy machine failure that disrupted national oncology services.,Critical,0.0,0.0
ME-00075,CT,11289.0,Coast General Teaching and Referral Hospital,Mombasa,2026-03-28 09:00:00,E-CRITICAL,0.9217,Maintenance-neglect-to-breakdown pattern modeled on the 2025 Kenyatta National Hospital radiotherapy machine failure that disrupted national oncology services.,Critical,0.0,0.0
ME-00075,CT,11289.0,Coast General Teaching and Referral Hospital,Mombasa,2026-03-28 10:00:00,E-CRITICAL,0.9423,Maintenance-neglect-to-breakdown pattern modeled on the 2025 Kenyatta National Hospital radiotherapy machine failure that disrupted national oncology services.,Critical,0.0,0.0
ME-00075,CT,11289.0,Coast General Teaching and Referral Hospital,Mombasa,2026-03-28 18:00:00,E-CRITICAL,0.8353,Maintenance-neglect-to-breakdown pattern modeled on the 2025 Kenyatta National Hospital radiotherapy machine failure that disrupted national oncology services.,Critical,0.0,0.0
ME-00075,CT,11289.0,Coast General Teaching and Referral Hospital,Mombasa,2026-03-29 01:00:00,E-CRITICAL,0.8356,Maintenance-neglect-to-breakdown pattern modeled on the 2025 Kenyatta National Hospital radiotherapy machine failure that disrupted national oncology services.,Critical,0.0,0.0
ME-00075,CT,11289.0,Coast General Teaching and Referral Hospital,Mombasa,2026-03-29 02:00:00,E-CRITICAL,0.8509,Maintenance-neglect-to-breakdown pattern modeled on the 2025 Kenyatta National Hospital radiotherapy machine failure that disrupted national oncology services.,Critical,0.0,0.0
ME-00075,CT,11289.0,Coast General Teaching and Referral Hospital,Mombasa,2026-03-29 21:00:00,E-CRITICAL,0.8411,Maintenance-neglect-to-breakdown pattern modeled on the 2025 Kenyatta National Hospital radiotherapy machine failure that disrupted national oncology services.,Critical,0.0,0.0
ME-00075,CT,11289.0,Coast General Teaching and Referral Hospital,Mombasa,2026-03-29 23:00:00,E-CRITICAL,0.8779,Maintenance-neglect-to-breakdown pattern modeled on the 2025 Kenyatta National Hospital radiotherapy machine failure that disrupted national oncology services.,Critical,0.0,0.0
ME-00075,CT,11289.0,Coast General Teaching and Referral Hospital,Mombasa,2026-03-30 04:00:00,E-CRITICAL,0.7838,Maintenance-neglect-to-breakdown pattern modeled on the 2025 Kenyatta National Hospital radiotherapy machine failure that disrupted national oncology services.,Critical,0.0,0.0
ME-00075,CT,11289.0,Coast General Teaching and Referral Hospital,Mombasa,2026-03-31 02:00:00,E-CRITICAL,1.0,Maintenance-neglect-to-breakdown pattern modeled on the 2025 Kenyatta National Hospital radiotherapy machine failure that disrupted national oncology services.,Critical,0.0,0.0
ME-00075,CT,11289.0,Coast General Teaching and Referral Hospital,Mombasa,2026-03-31 09:00:00,E-CRITICAL,0.9262,Maintenance-neglect-to-breakdown pattern modeled on the 2025 Kenyatta National Hospital radiotherapy machine failure that disrupted national oncology services.,Critical,0.0,0.0
ME-00075,CT,11289.0,Coast General Teaching and Referral Hospital,Mombasa,2026-03-31 16:00:00,E-CRITICAL,0.9641,Maintenance-neglect-to-breakdown pattern modeled on the 2025 Kenyatta National Hospital radiotherapy machine failure that disrupted national oncology services.,Critical,0.0,0.0
ME-00075,CT,11289.0,Coast General Teaching and Referral Hospital,Mombasa,2026-03-31 18:00:00,E-CRITICAL,0.859,Maintenance-neglect-to-breakdown pattern modeled on the 2025 Kenyatta National Hospital radiotherapy machine failure that disrupted national oncology services.,Critical,0.0,0.0
ME-00076,Anesthesia,12547.0,Mtito andei Sub County Hospital,Makueni,2026-03-23 22:00:00,E-CRITICAL,0.6833,Maintenance-neglect-to-breakdown pattern modeled on the 2025 Kenyatta National Hospital radiotherapy machine failure that disrupted national oncology services.,Critical,0.0,0.0
ME-00076,Anesthesia,12547.0,Mtito andei Sub County Hospital,Makueni,2026-03-26 03:00:00,E-CRITICAL,0.682,Maintenance-neglect-to-breakdown pattern modeled on the 2025 Kenyatta National Hospital radiotherapy machine failure that disrupted national oncology services.,Critical,0.0,0.0
ME-00076,Anesthesia,12547.0,Mtito andei Sub County Hospital,Makueni,2026-03-29 10:00:00,E-CRITICAL,0.812,Maintenance-neglect-to-breakdown pattern modeled on the 2025 Kenyatta National Hospital radiotherapy machine failure that disrupted national oncology services.,Critical,0.0,0.0
ME-00076,Anesthesia,12547.0,Mtito andei Sub County Hospital,Makueni,2026-03-30 01:00:00,E-CRITICAL,0.797,Maintenance-neglect-to-breakdown pattern modeled on the 2025 Kenyatta National Hospital radiotherapy machine failure that disrupted national oncology services.,Critical,0.0,0.0
ME-00076,Anesthesia,12547.0,Mtito andei Sub County Hospital,Makueni,2026-03-30 06:00:00,E-CRITICAL,0.7339,Maintenance-neglect-to-breakdown pattern modeled on the 2025 Kenyatta National Hospital radiotherapy machine failure that disrupted national oncology services.,Critical,0.0,0.0
ME-00076,Anesthesia,12547.0,Mtito andei Sub County Hospital,Makueni,2026-03-30 07:00:00,E-CRITICAL,0.8163,Maintenance-neglect-to-breakdown pattern modeled on the 2025 Kenyatta National Hospital radiotherapy machine failure that disrupted national oncology services.,Critical,0.0,0.0
ME-00076,Anesthesia,12547.0,Mtito andei Sub County Hospital,Makueni,2026-03-30 14:00:00,E-CRITICAL,0.9242,Maintenance-neglect-to-breakdown pattern modeled on the 2025 Kenyatta National Hospital radiotherapy machine failure that disrupted national oncology services.,Critical,0.0,0.0
ME-00076,Anesthesia,12547.0,Mtito andei Sub County Hospital,Makueni,2026-03-30 19:00:00,E-CRITICAL,0.7843,Maintenance-neglect-to-breakdown pattern modeled on the 2025 Kenyatta National Hospital radiotherapy machine failure that disrupted national oncology services.,Critical,0.0,0.0
ME-00076,Anesthesia,12547.0,Mtito andei Sub County Hospital,Makueni,2026-03-31 01:00:00,E-CRITICAL,0.7353,Maintenance-neglect-to-breakdown pattern modeled on the 2025 Kenyatta National Hospital radiotherapy machine failure that disrupted national oncology services.,Critical,0.0,0.0
ME-00076,Anesthesia,12547.0,Mtito andei Sub County Hospital,Makueni,2026-03-31 04:00:00,E-CRITICAL,0.8365,Maintenance-neglect-to-breakdown pattern modeled on the 2025 Kenyatta National Hospital radiotherapy machine failure that disrupted national oncology services.,Critical,0.0,0.0
ME-00076,Anesthesia,12547.0,Mtito andei Sub County Hospital,Makueni,2026-03-31 06:00:00,E-CRITICAL,0.8116,Maintenance-neglect-to-breakdown pattern modeled on the 2025 Kenyatta National Hospital radiotherapy machine failure that disrupted national oncology services.,Critical,0.0,0.0
ME-00076,Anesthesia,12547.0,Mtito andei Sub County Hospital,Makueni,2026-03-31 17:00:00,E-CRITICAL,0.7858,Maintenance-neglect-to-breakdown pattern modeled on the 2025 Kenyatta National Hospital radiotherapy machine failure that disrupted national oncology services.,Critical,0.0,0.0
ME-00076,Anesthesia,12547.0,Mtito andei Sub County Hospital,Makueni,2026-03-31 18:00:00,E-CRITICAL,0.8776,Maintenance-neglect-to-breakdown pattern modeled on the 2025 Kenyatta National Hospital radiotherapy machine failure that disrupted national oncology services.,Critical,0.0,0.0
ME-00076,Anesthesia,12547.0,Mtito andei Sub County Hospital,Makueni,2026-03-31 20:00:00,E-CRITICAL,0.8558,Maintenance-neglect-to-breakdown pattern modeled on the 2025 Kenyatta National Hospital radiotherapy machine failure that disrupted national oncology services.,Critical,0.0,0.0
ME-00086,Hemodialysis,14586.0,Iten County Referral Hospital,Elgeyo Marakwet,2026-03-24 05:00:00,E-CRITICAL,1.0,"Maintenance-neglect-to-breakdown pattern modeled on the MES 125-hospital equipment-halt case, where machines across facilities ground to a halt due to lack of maintenance.",Critical,0.0,0.0
ME-00086,Hemodialysis,14586.0,Iten County Referral Hospital,Elgeyo Marakwet,2026-03-24 07:00:00,E-CRITICAL,1.0,"Maintenance-neglect-to-breakdown pattern modeled on the MES 125-hospital equipment-halt case, where machines across facilities ground to a halt due to lack of maintenance.",Critical,0.0,0.0
ME-00086,Hemodialysis,14586.0,Iten County Referral Hospital,Elgeyo Marakwet,2026-03-24 15:00:00,E-CRITICAL,0.8087,"Maintenance-neglect-to-breakdown pattern modeled on the MES 125-hospital equipment-halt case, where machines across facilities ground to a halt due to lack of maintenance.",Critical,0.0,0.0
ME-00086,Hemodialysis,14586.0,Iten County Referral Hospital,Elgeyo Marakwet,2026-03-25 17:00:00,E-CRITICAL,0.9091,"Maintenance-neglect-to-breakdown pattern modeled on the MES 125-hospital equipment-halt case, where machines across facilities ground to a halt due to lack of maintenance.",Critical,0.0,0.0
ME-00086,Hemodialysis,14586.0,Iten County Referral Hospital,Elgeyo Marakwet,2026-03-25 19:00:00,E-CRITICAL,0.8548,"Maintenance-neglect-to-breakdown pattern modeled on the MES 125-hospital equipment-halt case, where machines across facilities ground to a halt due to lack of maintenance.",Critical,0.0,0.0
ME-00086,Hemodialysis,14586.0,Iten County Referral Hospital,Elgeyo Marakwet,2026-03-26 05:00:00,E-CRITICAL,1.0,"Maintenance-neglect-to-breakdown pattern modeled on the MES 125-hospital equipment-halt case, where machines across facilities ground to a halt due to lack of maintenance.",Critical,0.0,0.0
ME-00086,Hemodialysis,14586.0,Iten County Referral Hospital,Elgeyo Marakwet,2026-03-26 09:00:00,E-CRITICAL,1.0,"Maintenance-neglect-to-breakdown pattern modeled on the MES 125-hospital equipment-halt case, where machines across facilities ground to a halt due to lack of maintenance.",Critical,0.0,0.0
ME-00086,Hemodialysis,14586.0,Iten County Referral Hospital,Elgeyo Marakwet,2026-03-26 12:00:00,E-CRITICAL,1.0,"Maintenance-neglect-to-breakdown pattern modeled on the MES 125-hospital equipment-halt case, where machines across facilities ground to a halt due to lack of maintenance.",Critical,0.0,0.0
ME-00086,Hemodialysis,14586.0,Iten County Referral Hospital,Elgeyo Marakwet,2026-03-26 15:00:00,E-CRITICAL,1.0,"Maintenance-neglect-to-breakdown pattern modeled on the MES 125-hospital equipment-halt case, where machines across facilities ground to a halt due to lack of maintenance.",Critical,0.0,0.0
ME-00086,Hemodialysis,14586.0,Iten County Referral Hospital,Elgeyo Marakwet,2026-03-27 13:00:00,E-CRITICAL,0.9548,"Maintenance-neglect-to-breakdown pattern modeled on the MES 125-hospital equipment-halt case, where machines across facilities ground to a halt due to lack of maintenance.",Critical,0.0,0.0
ME-00086,Hemodialysis,14586.0,Iten County Referral Hospital,Elgeyo Marakwet,2026-03-27 14:00:00,E-CRITICAL,0.9121,"Maintenance-neglect-to-breakdown pattern modeled on the MES 125-hospital equipment-halt case, where machines across facilities ground to a halt due to lack of maintenance.",Critical,0.0,0.0
ME-00086,Hemodialysis,14586.0,Iten County Referral Hospital,Elgeyo Marakwet,2026-03-27 16:00:00,E-CRITICAL,1.0,"Maintenance-neglect-to-breakdown pattern modeled on the MES 125-hospital equipment-halt case, where machines across facilities ground to a halt due to lack of maintenance.",Critical,0.0,0.0
ME-00086,Hemodialysis,14586.0,Iten County Referral Hospital,Elgeyo Marakwet,2026-03-27 17:00:00,E-CRITICAL,1.0,"Maintenance-neglect-to-breakdown pattern modeled on the MES 125-hospital equipment-halt case, where machines across facilities ground to a halt due to lack of maintenance.",Critical,0.0,0.0
ME-00086,Hemodialysis,14586.0,Iten County Referral Hospital,Elgeyo Marakwet,2026-03-27 23:00:00,E-CRITICAL,1.0,"Maintenance-neglect-to-breakdown pattern modeled on the MES 125-hospital equipment-halt case, where machines across facilities ground to a halt due to lack of maintenance.",Critical,0.0,0.0
ME-00086,Hemodialysis,14586.0,Iten County Referral Hospital,Elgeyo Marakwet,2026-03-28 08:00:00,E-CRITICAL,0.9668,"Maintenance-neglect-to-breakdown pattern modeled on the MES 125-hospital equipment-halt case, where machines across facilities ground to a halt due to lack of maintenance.",Critical,0.0,0.0
ME-00086,Hemodialysis,14586.0,Iten County Referral Hospital,Elgeyo Marakwet,2026-03-28 09:00:00,E-CRITICAL,1.0,"Maintenance-neglect-to-breakdown pattern modeled on the MES 125-hospital equipment-halt case, where machines across facilities ground to a halt due to lack of maintenance.",Critical,0.0,0.0
ME-00086,Hemodialysis,14586.0,Iten County Referral Hospital,Elgeyo Marakwet,2026-03-28 15:00:00,E-CRITICAL,1.0,"Maintenance-neglect-to-breakdown pattern modeled on the MES 125-hospital equipment-halt case, where machines across facilities ground to a halt due to lack of maintenance.",Critical,0.0,0.0
ME-00086,Hemodialysis,14586.0,Iten County Referral Hospital,Elgeyo Marakwet,2026-03-29 02:00:00,E-CRITICAL,0.9854,"Maintenance-neglect-to-breakdown pattern modeled on the MES 125-hospital equipment-halt case, where machines across facilities ground to a halt due to lack of maintenance.",Critical,0.0,0.0
ME-00086,Hemodialysis,14586.0,Iten County Referral Hospital,Elgeyo Marakwet,2026-03-29 04:00:00,E-CRITICAL,1.0,"Maintenance-neglect-to-breakdown pattern modeled on the MES 125-hospital equipment-halt case, where machines across facilities ground to a halt due to lack of maintenance.",Critical,0.0,0.0
ME-00086,Hemodialysis,14586.0,Iten County Referral Hospital,Elgeyo Marakwet,2026-03-29 12:00:00,E-CRITICAL,1.0,"Maintenance-neglect-to-breakdown pattern modeled on the MES 125-hospital equipment-halt case, where machines across facilities ground to a halt due to lack of maintenance.",Critical,0.0,0.0
ME-00086,Hemodialysis,14586.0,Iten County Referral Hospital,Elgeyo Marakwet,2026-03-29 18:00:00,E-CRITICAL,0.8519,"Maintenance-neglect-to-breakdown pattern modeled on the MES 125-hospital equipment-halt case, where machines across facilities ground to a halt due to lack of maintenance.",Critical,0.0,0.0
ME-00086,Hemodialysis,14586.0,Iten County Referral Hospital,Elgeyo Marakwet,2026-03-29 23:00:00,E-CRITICAL,1.0,"Maintenance-neglect-to-breakdown pattern modeled on the MES 125-hospital equipment-halt case, where machines across facilities ground to a halt due to lack of maintenance.",Critical,0.0,0.0
ME-00086,Hemodialysis,14586.0,Iten County Referral Hospital,Elgeyo Marakwet,2026-03-30 00:00:00,E-CRITICAL,1.0,"Maintenance-neglect-to-breakdown pattern modeled on the MES 125-hospital equipment-halt case, where machines across facilities ground to a halt due to lack of maintenance.",Critical,0.0,0.0
ME-00086,Hemodialysis,14586.0,Iten County Referral Hospital,Elgeyo Marakwet,2026-03-30 02:00:00,E-CRITICAL,0.9735,"Maintenance-neglect-to-breakdown pattern modeled on the MES 125-hospital equipment-halt case, where machines across facilities ground to a halt due to lack of maintenance.",Critical,0.0,0.0
ME-00086,Hemodialysis,14586.0,Iten County Referral Hospital,Elgeyo Marakwet,2026-03-30 07:00:00,E-CRITICAL,1.0,"Maintenance-neglect-to-breakdown pattern modeled on the MES 125-hospital equipment-halt case, where machines across facilities ground to a halt due to lack of maintenance.",Critical,0.0,0.0
ME-00086,Hemodialysis,14586.0,Iten County Referral Hospital,Elgeyo Marakwet,2026-03-30 08:00:00,E-CRITICAL,1.0,"Maintenance-neglect-to-breakdown pattern modeled on the MES 125-hospital equipment-halt case, where machines across facilities ground to a halt due to lack of maintenance.",Critical,0.0,0.0
ME-00086,Hemodialysis,14586.0,Iten County Referral Hospital,Elgeyo Marakwet,2026-03-30 10:00:00,E-CRITICAL,0.9785,"Maintenance-neglect-to-breakdown pattern modeled on the MES 125-hospital equipment-halt case, where machines across facilities ground to a halt due to lack of maintenance.",Critical,0.0,0.0
ME-00086,Hemodialysis,14586.0,Iten County Referral Hospital,Elgeyo Marakwet,2026-03-30 11:00:00,E-CRITICAL,0.9948,"Maintenance-neglect-to-breakdown pattern modeled on the MES 125-hospital equipment-halt case, where machines across facilities ground to a halt due to lack of maintenance.",Critical,0.0,0.0
ME-00086,Hemodialysis,14586.0,Iten County Referral Hospital,Elgeyo Marakwet,2026-03-30 20:00:00,E-CRITICAL,0.8538,"Maintenance-neglect-to-breakdown pattern modeled on the MES 125-hospital equipment-halt case, where machines across facilities ground to a halt due to lack of maintenance.",Critical,0.0,0.0
ME-00086,Hemodialysis,14586.0,Iten County Referral Hospital,Elgeyo Marakwet,2026-03-30 21:00:00,E-CRITICAL,1.0,"Maintenance-neglect-to-breakdown pattern modeled on the MES 125-hospital equipment-halt case, where machines across facilities ground to a halt due to lack of maintenance.",Critical,0.0,0.0
ME-00086,Hemodialysis,14586.0,Iten County Referral Hospital,Elgeyo Marakwet,2026-03-30 23:00:00,E-CRITICAL,1.0,"Maintenance-neglect-to-breakdown pattern modeled on the MES 125-hospital equipment-halt case, where machines across facilities ground to a halt due to lack of maintenance.",Critical,0.0,0.0
ME-00086,Hemodialysis,14586.0,Iten County Referral Hospital,Elgeyo Marakwet,2026-03-31 16:00:00,E-CRITICAL,0.9903,"Maintenance-neglect-to-breakdown pattern modeled on the MES 125-hospital equipment-halt case, where machines across facilities ground to a halt due to lack of maintenance.",Critical,0.0,0.0
ME-00086,Hemodialysis,14586.0,Iten County Referral Hospital,Elgeyo Marakwet,2026-03-31 22:00:00,E-CRITICAL,1.0,"Maintenance-neglect-to-breakdown pattern modeled on the MES 125-hospital equipment-halt case, where machines across facilities ground to a halt due to lack of maintenance.",Critical,0.0,0.0
ME-00086,Hemodialysis,14586.0,Iten County Referral Hospital,Elgeyo Marakwet,2026-03-31 23:00:00,E-CRITICAL,0.8437,"Maintenance-neglect-to-breakdown pattern modeled on the MES 125-hospital equipment-halt case, where machines across facilities ground to a halt due to lack of maintenance.",Critical,0.0,0.0
ME-00093,CT,13110.0,Nairobi Hospital,Nairobi,2026-03-25 22:00:00,E-CRITICAL,0.7345,Maintenance-neglect-to-breakdown pattern modeled on the 2025 Kenyatta National Hospital radiotherapy machine failure that disrupted national oncology services.,Critical,0.0,0.0
ME-00093,CT,13110.0,Nairobi Hospital,Nairobi,2026-03-26 01:00:00,E-CRITICAL,0.8128,Maintenance-neglect-to-breakdown pattern modeled on the 2025 Kenyatta National Hospital radiotherapy machine failure that disrupted national oncology services.,Critical,0.0,0.0
ME-00093,CT,13110.0,Nairobi Hospital,Nairobi,2026-03-26 05:00:00,E-CRITICAL,0.7875,Maintenance-neglect-to-breakdown pattern modeled on the 2025 Kenyatta National Hospital radiotherapy machine failure that disrupted national oncology services.,Critical,0.0,0.0
ME-00093,CT,13110.0,Nairobi Hospital,Nairobi,2026-03-26 18:00:00,E-CRITICAL,0.8204,Maintenance-neglect-to-breakdown pattern modeled on the 2025 Kenyatta National Hospital radiotherapy machine failure that disrupted national oncology services.,Critical,0.0,0.0
ME-00093,CT,13110.0,Nairobi Hospital,Nairobi,2026-03-27 03:00:00,E-CRITICAL,0.856,Maintenance-neglect-to-breakdown pattern modeled on the 2025 Kenyatta National Hospital radiotherapy machine failure that disrupted national oncology services.,Critical,0.0,0.0
ME-00093,CT,13110.0,Nairobi Hospital,Nairobi,2026-03-29 09:00:00,E-CRITICAL,0.9622,Maintenance-neglect-to-breakdown pattern modeled on the 2025 Kenyatta National Hospital radiotherapy machine failure that disrupted national oncology services.,Critical,0.0,0.0
ME-00093,CT,13110.0,Nairobi Hospital,Nairobi,2026-03-29 17:00:00,E-CRITICAL,0.7948,Maintenance-neglect-to-breakdown pattern modeled on the 2025 Kenyatta National Hospital radiotherapy machine failure that disrupted national oncology services.,Critical,0.0,0.0
ME-00093,CT,13110.0,Nairobi Hospital,Nairobi,2026-03-30 00:00:00,E-CRITICAL,0.8464,Maintenance-neglect-to-breakdown pattern modeled on the 2025 Kenyatta National Hospital radiotherapy machine failure that disrupted national oncology services.,Critical,0.0,0.0
ME-00093,CT,13110.0,Nairobi Hospital,Nairobi,2026-03-30 02:00:00,E-CRITICAL,0.817,Maintenance-neglect-to-breakdown pattern modeled on the 2025 Kenyatta National Hospital radiotherapy machine failure that disrupted national oncology services.,Critical,0.0,0.0
ME-00093,CT,13110.0,Nairobi Hospital,Nairobi,2026-03-30 14:00:00,E-CRITICAL,0.9261,Maintenance-neglect-to-breakdown pattern modeled on the 2025 Kenyatta National Hospital radiotherapy machine failure that disrupted national oncology services.,Critical,0.0,0.0
ME-00093,CT,13110.0,Nairobi Hospital,Nairobi,2026-03-31 07:00:00,E-CRITICAL,0.8747,Maintenance-neglect-to-breakdown pattern modeled on the 2025 Kenyatta National Hospital radiotherapy machine failure that disrupted national oncology services.,Critical,0.0,0.0
ME-00093,CT,13110.0,Nairobi Hospital,Nairobi,2026-03-31 19:00:00,E-CRITICAL,0.849,Maintenance-neglect-to-breakdown pattern modeled on the 2025 Kenyatta National Hospital radiotherapy machine failure that disrupted national oncology services.,Critical,0.0,0.0
ME-00093,CT,13110.0,Nairobi Hospital,Nairobi,2026-03-31 22:00:00,E-CRITICAL,0.7689,Maintenance-neglect-to-breakdown pattern modeled on the 2025 Kenyatta National Hospital radiotherapy machine failure that disrupted national oncology services.,Critical,0.0,0.0
ME-00094,Ultrasound,12459.0,Malalani Health Centre,Kitui,2026-03-24 12:00:00,E-CRITICAL,0.7619,Maintenance-neglect-to-breakdown pattern modeled on the 2025 Kenyatta National Hospital radiotherapy machine failure that disrupted national oncology services.,Critical,0.0,0.0
ME-00094,Ultrasound,12459.0,Malalani Health Centre,Kitui,2026-03-25 05:00:00,E-CRITICAL,0.8008,Maintenance-neglect-to-breakdown pattern modeled on the 2025 Kenyatta National Hospital radiotherapy machine failure that disrupted national oncology services.,Critical,0.0,0.0
ME-00094,Ultrasound,12459.0,Malalani Health Centre,Kitui,2026-03-25 11:00:00,E-CRITICAL,0.8109,Maintenance-neglect-to-breakdown pattern modeled on the 2025 Kenyatta National Hospital radiotherapy machine failure that disrupted national oncology services.,Critical,0.0,0.0
ME-00094,Ultrasound,12459.0,Malalani Health Centre,Kitui,2026-03-25 16:00:00,E-CRITICAL,0.793,Maintenance-neglect-to-breakdown pattern modeled on the 2025 Kenyatta National Hospital radiotherapy machine failure that disrupted national oncology services.,Critical,0.0,0.0
ME-00094,Ultrasound,12459.0,Malalani Health Centre,Kitui,2026-03-25 20:00:00,E-CRITICAL,0.8172,Maintenance-neglect-to-breakdown pattern modeled on the 2025 Kenyatta National Hospital radiotherapy machine failure that disrupted national oncology services.,Critical,0.0,0.0
ME-00094,Ultrasound,12459.0,Malalani Health Centre,Kitui,2026-03-26 19:00:00,E-CRITICAL,0.8269,Maintenance-neglect-to-breakdown pattern modeled on the 2025 Kenyatta National Hospital radiotherapy machine failure that disrupted national oncology services.,Critical,0.0,0.0
ME-00094,Ultrasound,12459.0,Malalani Health Centre,Kitui,2026-03-28 01:00:00,E-CRITICAL,0.871,Maintenance-neglect-to-breakdown pattern modeled on the 2025 Kenyatta National Hospital radiotherapy machine failure that disrupted national oncology services.,Critical,0.0,0.0
ME-00094,Ultrasound,12459.0,Malalani Health Centre,Kitui,2026-03-28 16:00:00,E-CRITICAL,0.6879,Maintenance-neglect-to-breakdown pattern modeled on the 2025 Kenyatta National Hospital radiotherapy machine failure that disrupted national oncology services.,Critical,0.0,0.0
ME-00094,Ultrasound,12459.0,Malalani Health Centre,Kitui,2026-03-29 03:00:00,E-CRITICAL,0.8757,Maintenance-neglect-to-breakdown pattern modeled on the 2025 Kenyatta National Hospital radiotherapy machine failure that disrupted national oncology services.,Critical,0.0,0.0
ME-00094,Ultrasound,12459.0,Malalani Health Centre,Kitui,2026-03-29 11:00:00,E-CRITICAL,0.9013,Maintenance-neglect-to-breakdown pattern modeled on the 2025 Kenyatta National Hospital radiotherapy machine failure that disrupted national oncology services.,Critical,0.0,0.0
ME-00094,Ultrasound,12459.0,Malalani Health Centre,Kitui,2026-03-29 13:00:00,E-CRITICAL,0.9012,Maintenance-neglect-to-breakdown pattern modeled on the 2025 Kenyatta National Hospital radiotherapy machine failure that disrupted national oncology services.,Critical,0.0,0.0
ME-00094,Ultrasound,12459.0,Malalani Health Centre,Kitui,2026-03-29 23:00:00,E-CRITICAL,0.9292,Maintenance-neglect-to-breakdown pattern modeled on the 2025 Kenyatta National Hospital radiotherapy machine failure that disrupted national oncology services.,Critical,0.0,0.0
ME-00094,Ultrasound,12459.0,Malalani Health Centre,Kitui,2026-03-30 04:00:00,E-CRITICAL,0.9766,Maintenance-neglect-to-breakdown pattern modeled on the 2025 Kenyatta National Hospital radiotherapy machine failure that disrupted national oncology services.,Critical,0.0,0.0
ME-00094,Ultrasound,12459.0,Malalani Health Centre,Kitui,2026-03-30 19:00:00,E-CRITICAL,0.8031,Maintenance-neglect-to-breakdown pattern modeled on the 2025 Kenyatta National Hospital radiotherapy machine failure that disrupted national oncology services.,Critical,0.0,0.0
ME-00094,Ultrasound,12459.0,Malalani Health Centre,Kitui,2026-03-30 20:00:00,E-CRITICAL,0.9024,Maintenance-neglect-to-breakdown pattern modeled on the 2025 Kenyatta National Hospital radiotherapy machine failure that disrupted national oncology services.,Critical,0.0,0.0
ME-00094,Ultrasound,12459.0,Malalani Health Centre,Kitui,2026-03-31 09:00:00,E-CRITICAL,0.7729,Maintenance-neglect-to-breakdown pattern modeled on the 2025 Kenyatta National Hospital radiotherapy machine failure that disrupted national oncology services.,Critical,0.0,0.0
ME-00094,Ultrasound,12459.0,Malalani Health Centre,Kitui,2026-03-31 10:00:00,E-CRITICAL,0.876,Maintenance-neglect-to-breakdown pattern modeled on the 2025 Kenyatta National Hospital radiotherapy machine failure that disrupted national oncology services.,Critical,0.0,0.0
ME-00094,Ultrasound,12459.0,Malalani Health Centre,Kitui,2026-03-31 17:00:00,E-CRITICAL,0.8946,Maintenance-neglect-to-breakdown pattern modeled on the 2025 Kenyatta National Hospital radiotherapy machine failure that disrupted national oncology services.,Critical,0.0,0.0
ME-00097,Patient Monitor,13927.0,Nyangoge Health Centre,Migori,2026-03-25 02:00:00,E-CRITICAL,0.7402,Maintenance-neglect-to-breakdown pattern modeled on the 2025 Kenyatta National Hospital radiotherapy machine failure that disrupted national oncology services.,Critical,0.0,0.0
ME-00097,Patient Monitor,13927.0,Nyangoge Health Centre,Migori,2026-03-26 06:00:00,E-CRITICAL,0.7644,Maintenance-neglect-to-breakdown pattern modeled on the 2025 Kenyatta National Hospital radiotherapy machine failure that disrupted national oncology services.,Critical,0.0,0.0
ME-00097,Patient Monitor,13927.0,Nyangoge Health Centre,Migori,2026-03-26 14:00:00,E-CRITICAL,0.8665,Maintenance-neglect-to-breakdown pattern modeled on the 2025 Kenyatta National Hospital radiotherapy machine failure that disrupted national oncology services.,Critical,0.0,0.0
ME-00097,Patient Monitor,13927.0,Nyangoge Health Centre,Migori,2026-03-26 19:00:00,E-CRITICAL,0.7057,Maintenance-neglect-to-breakdown pattern modeled on the 2025 Kenyatta National Hospital radiotherapy machine failure that disrupted national oncology services.,Critical,0.0,0.0
ME-00097,Patient Monitor,13927.0,Nyangoge Health Centre,Migori,2026-03-27 08:00:00,E-CRITICAL,0.8401,Maintenance-neglect-to-breakdown pattern modeled on the 2025 Kenyatta National Hospital radiotherapy machine failure that disrupted national oncology services.,Critical,0.0,0.0
ME-00097,Patient Monitor,13927.0,Nyangoge Health Centre,Migori,2026-03-27 09:00:00,E-CRITICAL,0.7998,Maintenance-neglect-to-breakdown pattern modeled on the 2025 Kenyatta National Hospital radiotherapy machine failure that disrupted national oncology services.,Critical,0.0,0.0
ME-00097,Patient Monitor,13927.0,Nyangoge Health Centre,Migori,2026-03-27 15:00:00,E-CRITICAL,0.7793,Maintenance-neglect-to-breakdown pattern modeled on the 2025 Kenyatta National Hospital radiotherapy machine failure that disrupted national oncology services.,Critical,0.0,0.0
ME-00097,Patient Monitor,13927.0,Nyangoge Health Centre,Migori,2026-03-27 17:00:00,E-CRITICAL,0.8358,Maintenance-neglect-to-breakdown pattern modeled on the 2025 Kenyatta National Hospital radiotherapy machine failure that disrupted national oncology services.,Critical,0.0,0.0
ME-00097,Patient Monitor,13927.0,Nyangoge Health Centre,Migori,2026-03-28 00:00:00,E-CRITICAL,0.8923,Maintenance-neglect-to-breakdown pattern modeled on the 2025 Kenyatta National Hospital radiotherapy machine failure that disrupted national oncology services.,Critical,0.0,0.0
ME-00097,Patient Monitor,13927.0,Nyangoge Health Centre,Migori,2026-03-28 07:00:00,E-CRITICAL,0.8013,Maintenance-neglect-to-breakdown pattern modeled on the 2025 Kenyatta National Hospital radiotherapy machine failure that disrupted national oncology services.,Critical,0.0,0.0
ME-00097,Patient Monitor,13927.0,Nyangoge Health Centre,Migori,2026-03-28 11:00:00,E-CRITICAL,0.8793,Maintenance-neglect-to-breakdown pattern modeled on the 2025 Kenyatta National Hospital radiotherapy machine failure that disrupted national oncology services.,Critical,0.0,0.0
ME-00097,Patient Monitor,13927.0,Nyangoge Health Centre,Migori,2026-03-28 19:00:00,E-CRITICAL,0.7319,Maintenance-neglect-to-breakdown pattern modeled on the 2025 Kenyatta National Hospital radiotherapy machine failure that disrupted national oncology services.,Critical,0.0,0.0
ME-00097,Patient Monitor,13927.0,Nyangoge Health Centre,Migori,2026-03-29 16:00:00,E-CRITICAL,0.8787,Maintenance-neglect-to-breakdown pattern modeled on the 2025 Kenyatta National Hospital radiotherapy machine failure that disrupted national oncology services.,Critical,0.0,0.0
ME-00097,Patient Monitor,13927.0,Nyangoge Health Centre,Migori,2026-03-30 02:00:00,E-CRITICAL,0.8367,Maintenance-neglect-to-breakdown pattern modeled on the 2025 Kenyatta National Hospital radiotherapy machine failure that disrupted national oncology services.,Critical,0.0,0.0
ME-00097,Patient Monitor,13927.0,Nyangoge Health Centre,Migori,2026-03-30 04:00:00,E-CRITICAL,0.8213,Maintenance-neglect-to-breakdown pattern modeled on the 2025 Kenyatta National Hospital radiotherapy machine failure that disrupted national oncology services.,Critical,0.0,0.0
ME-00097,Patient Monitor,13927.0,Nyangoge Health Centre,Migori,2026-03-30 10:00:00,E-CRITICAL,0.8001,Maintenance-neglect-to-breakdown pattern modeled on the 2025 Kenyatta National Hospital radiotherapy machine failure that disrupted national oncology services.,Critical,0.0,0.0
ME-00097,Patient Monitor,13927.0,Nyangoge Health Centre,Migori,2026-03-30 12:00:00,E-CRITICAL,0.8271,Maintenance-neglect-to-breakdown pattern modeled on the 2025 Kenyatta National Hospital radiotherapy machine failure that disrupted national oncology services.,Critical,0.0,0.0
ME-00097,Patient Monitor,13927.0,Nyangoge Health Centre,Migori,2026-03-30 19:00:00,E-CRITICAL,0.9173,Maintenance-neglect-to-breakdown pattern modeled on the 2025 Kenyatta National Hospital radiotherapy machine failure that disrupted national oncology services.,Critical,0.0,0.0
ME-00097,Patient Monitor,13927.0,Nyangoge Health Centre,Migori,2026-03-30 22:00:00,E-CRITICAL,0.8486,Maintenance-neglect-to-breakdown pattern modeled on the 2025 Kenyatta National Hospital radiotherapy machine failure that disrupted national oncology services.,Critical,0.0,0.0
ME-00097,Patient Monitor,13927.0,Nyangoge Health Centre,Migori,2026-03-31 13:00:00,E-CRITICAL,0.9151,Maintenance-neglect-to-breakdown pattern modeled on the 2025 Kenyatta National Hospital radiotherapy machine failure that disrupted national oncology services.,Critical,0.0,0.0
ME-00097,Patient Monitor,13927.0,Nyangoge Health Centre,Migori,2026-03-31 16:00:00,E-CRITICAL,0.8435,Maintenance-neglect-to-breakdown pattern modeled on the 2025 Kenyatta National Hospital radiotherapy machine failure that disrupted national oncology services.,Critical,0.0,0.0
ME-00098,Anesthesia,10083.0,Central Memorial Hospital,Kiambu,2026-03-28 06:00:00,E-CRITICAL,0.7082,"Usage-reporting discrepancy modeled on the 2026 national MES dialysis audit finding: machine usage counters showed materially more work performed than hospitals' paper registers recorded, by more than 30% in some cases. Maintenance-neglect-to-breakdown pattern modeled on the 2025 Kenyatta National Hospital radiotherapy machine failure that disrupted national oncology services.",Critical,0.0,0.0
ME-00098,Anesthesia,10083.0,Central Memorial Hospital,Kiambu,2026-03-28 09:00:00,E-CRITICAL,0.7124,"Usage-reporting discrepancy modeled on the 2026 national MES dialysis audit finding: machine usage counters showed materially more work performed than hospitals' paper registers recorded, by more than 30% in some cases. Maintenance-neglect-to-breakdown pattern modeled on the 2025 Kenyatta National Hospital radiotherapy machine failure that disrupted national oncology services.",Critical,0.0,0.0
ME-00098,Anesthesia,10083.0,Central Memorial Hospital,Kiambu,2026-03-30 00:00:00,E-CRITICAL,0.6681,"Usage-reporting discrepancy modeled on the 2026 national MES dialysis audit finding: machine usage counters showed materially more work performed than hospitals' paper registers recorded, by more than 30% in some cases. Maintenance-neglect-to-breakdown pattern modeled on the 2025 Kenyatta National Hospital radiotherapy machine failure that disrupted national oncology services.",Critical,0.0,0.0
ME-00098,Anesthesia,10083.0,Central Memorial Hospital,Kiambu,2026-03-31 15:00:00,E-CRITICAL,0.8814,"Usage-reporting discrepancy modeled on the 2026 national MES dialysis audit finding: machine usage counters showed materially more work performed than hospitals' paper registers recorded, by more than 30% in some cases. Maintenance-neglect-to-breakdown pattern modeled on the 2025 Kenyatta National Hospital radiotherapy machine failure that disrupted national oncology services.",Critical,0.0,0.0
ME-00098,Anesthesia,10083.0,Central Memorial Hospital,Kiambu,2026-03-31 18:00:00,E-CRITICAL,0.7834,"Usage-reporting discrepancy modeled on the 2026 national MES dialysis audit finding: machine usage counters showed materially more work performed than hospitals' paper registers recorded, by more than 30% in some cases. Maintenance-neglect-to-breakdown pattern modeled on the 2025 Kenyatta National Hospital radiotherapy machine failure that disrupted national oncology services.",Critical,0.0,0.0
ME-00098,Anesthesia,10083.0,Central Memorial Hospital,Kiambu,2026-03-31 20:00:00,E-CRITICAL,0.839,"Usage-reporting discrepancy modeled on the 2026 national MES dialysis audit finding: machine usage counters showed materially more work performed than hospitals' paper registers recorded, by more than 30% in some cases. Maintenance-neglect-to-breakdown pattern modeled on the 2025 Kenyatta National Hospital radiotherapy machine failure that disrupted national oncology services.",Critical,0.0,0.0
ME-00117,CT,13703.0,Kisii Teaching And Referral Hospital (Level 6),Kisii,2026-03-28 21:00:00,E-CRITICAL,0.7391,Maintenance-neglect-to-breakdown pattern modeled on the 2025 Kenyatta National Hospital radiotherapy machine failure that disrupted national oncology services.,Critical,0.0,0.0
ME-00117,CT,13703.0,Kisii Teaching And Referral Hospital (Level 6),Kisii,2026-03-29 03:00:00,E-CRITICAL,0.8629,Maintenance-neglect-to-breakdown pattern modeled on the 2025 Kenyatta National Hospital radiotherapy machine failure that disrupted national oncology services.,Critical,0.0,0.0
ME-00117,CT,13703.0,Kisii Teaching And Referral Hospital (Level 6),Kisii,2026-03-29 14:00:00,E-CRITICAL,0.7321,Maintenance-neglect-to-breakdown pattern modeled on the 2025 Kenyatta National Hospital radiotherapy machine failure that disrupted national oncology services.,Critical,0.0,0.0
ME-00117,CT,13703.0,Kisii Teaching And Referral Hospital (Level 6),Kisii,2026-03-30 09:00:00,E-CRITICAL,0.8816,Maintenance-neglect-to-breakdown pattern modeled on the 2025 Kenyatta National Hospital radiotherapy machine failure that disrupted national oncology services.,Critical,0.0,0.0
ME-00117,CT,13703.0,Kisii Teaching And Referral Hospital (Level 6),Kisii,2026-03-30 15:00:00,E-CRITICAL,0.8455,Maintenance-neglect-to-breakdown pattern modeled on the 2025 Kenyatta National Hospital radiotherapy machine failure that disrupted national oncology services.,Critical,0.0,0.0
ME-00117,CT,13703.0,Kisii Teaching And Referral Hospital (Level 6),Kisii,2026-03-31 06:00:00,E-CRITICAL,0.7594,Maintenance-neglect-to-breakdown pattern modeled on the 2025 Kenyatta National Hospital radiotherapy machine failure that disrupted national oncology services.,Critical,0.0,0.0
ME-00117,CT,13703.0,Kisii Teaching And Referral Hospital (Level 6),Kisii,2026-03-31 16:00:00,E-CRITICAL,0.9471,Maintenance-neglect-to-breakdown pattern modeled on the 2025 Kenyatta National Hospital radiotherapy machine failure that disrupted national oncology services.,Critical,0.0,0.0
ME-00118,Ultrasound,24722.0,Nassi Hospitals,Busia,2026-03-24 20:00:00,E-CRITICAL,0.7128,Maintenance-neglect-to-breakdown pattern modeled on the 2025 Kenyatta National Hospital radiotherapy machine failure that disrupted national oncology services.,Critical,0.0,0.0
ME-00118,Ultrasound,24722.0,Nassi Hospitals,Busia,2026-03-25 22:00:00,E-CRITICAL,0.6631,Maintenance-neglect-to-breakdown pattern modeled on the 2025 Kenyatta National Hospital radiotherapy machine failure that disrupted national oncology services.,Critical,0.0,0.0
ME-00118,Ultrasound,24722.0,Nassi Hospitals,Busia,2026-03-26 17:00:00,E-CRITICAL,0.8355,Maintenance-neglect-to-breakdown pattern modeled on the 2025 Kenyatta National Hospital radiotherapy machine failure that disrupted national oncology services.,Critical,0.0,0.0
ME-00118,Ultrasound,24722.0,Nassi Hospitals,Busia,2026-03-26 20:00:00,E-CRITICAL,0.8702,Maintenance-neglect-to-breakdown pattern modeled on the 2025 Kenyatta National Hospital radiotherapy machine failure that disrupted national oncology services.,Critical,0.0,0.0
ME-00118,Ultrasound,24722.0,Nassi Hospitals,Busia,2026-03-27 00:00:00,E-CRITICAL,0.6973,Maintenance-neglect-to-breakdown pattern modeled on the 2025 Kenyatta National Hospital radiotherapy machine failure that disrupted national oncology services.,Critical,0.0,0.0
ME-00118,Ultrasound,24722.0,Nassi Hospitals,Busia,2026-03-27 13:00:00,E-CRITICAL,0.8183,Maintenance-neglect-to-breakdown pattern modeled on the 2025 Kenyatta National Hospital radiotherapy machine failure that disrupted national oncology services.,Critical,0.0,0.0
ME-00118,Ultrasound,24722.0,Nassi Hospitals,Busia,2026-03-28 14:00:00,E-CRITICAL,0.765,Maintenance-neglect-to-breakdown pattern modeled on the 2025 Kenyatta National Hospital radiotherapy machine failure that disrupted national oncology services.,Critical,0.0,0.0
ME-00118,Ultrasound,24722.0,Nassi Hospitals,Busia,2026-03-29 04:00:00,E-CRITICAL,0.7445,Maintenance-neglect-to-breakdown pattern modeled on the 2025 Kenyatta National Hospital radiotherapy machine failure that disrupted national oncology services.,Critical,0.0,0.0
ME-00118,Ultrasound,24722.0,Nassi Hospitals,Busia,2026-03-29 10:00:00,E-CRITICAL,0.8259,Maintenance-neglect-to-breakdown pattern modeled on the 2025 Kenyatta National Hospital radiotherapy machine failure that disrupted national oncology services.,Critical,0.0,0.0
ME-00118,Ultrasound,24722.0,Nassi Hospitals,Busia,2026-03-29 16:00:00,E-CRITICAL,0.7914,Maintenance-neglect-to-breakdown pattern modeled on the 2025 Kenyatta National Hospital radiotherapy machine failure that disrupted national oncology services.,Critical,0.0,0.0
ME-00118,Ultrasound,24722.0,Nassi Hospitals,Busia,2026-03-29 17:00:00,E-CRITICAL,0.8443,Maintenance-neglect-to-breakdown pattern modeled on the 2025 Kenyatta National Hospital radiotherapy machine failure that disrupted national oncology services.,Critical,0.0,0.0
ME-00118,Ultrasound,24722.0,Nassi Hospitals,Busia,2026-03-29 20:00:00,E-CRITICAL,0.7352,Maintenance-neglect-to-breakdown pattern modeled on the 2025 Kenyatta National Hospital radiotherapy machine failure that disrupted national oncology services.,Critical,0.0,0.0
ME-00118,Ultrasound,24722.0,Nassi Hospitals,Busia,2026-03-30 04:00:00,E-CRITICAL,0.9511,Maintenance-neglect-to-breakdown pattern modeled on the 2025 Kenyatta National Hospital radiotherapy machine failure that disrupted national oncology services.,Critical,0.0,0.0
ME-00118,Ultrasound,24722.0,Nassi Hospitals,Busia,2026-03-30 05:00:00,E-CRITICAL,1.0,Maintenance-neglect-to-breakdown pattern modeled on the 2025 Kenyatta National Hospital radiotherapy machine failure that disrupted national oncology services.,Critical,0.0,0.0
ME-00118,Ultrasound,24722.0,Nassi Hospitals,Busia,2026-03-30 16:00:00,E-CRITICAL,0.8904,Maintenance-neglect-to-breakdown pattern modeled on the 2025 Kenyatta National Hospital radiotherapy machine failure that disrupted national oncology services.,Critical,0.0,0.0
ME-00118,Ultrasound,24722.0,Nassi Hospitals,Busia,2026-03-31 03:00:00,E-CRITICAL,0.8168,Maintenance-neglect-to-breakdown pattern modeled on the 2025 Kenyatta National Hospital radiotherapy machine failure that disrupted national oncology services.,Critical,0.0,0.0
ME-00118,Ultrasound,24722.0,Nassi Hospitals,Busia,2026-03-31 09:00:00,E-CRITICAL,0.8891,Maintenance-neglect-to-breakdown pattern modeled on the 2025 Kenyatta National Hospital radiotherapy machine failure that disrupted national oncology services.,Critical,0.0,0.0
ME-00138,Anesthesia,13856.0,Nightingale Medical Centre,Kisumu,2026-03-25 04:00:00,E-CRITICAL,0.8449,Maintenance-neglect-to-breakdown pattern modeled on the 2025 Kenyatta National Hospital radiotherapy machine failure that disrupted national oncology services.,Critical,0.0,0.0
ME-00138,Anesthesia,13856.0,Nightingale Medical Centre,Kisumu,2026-03-25 11:00:00,E-CRITICAL,0.7753,Maintenance-neglect-to-breakdown pattern modeled on the 2025 Kenyatta National Hospital radiotherapy machine failure that disrupted national oncology services.,Critical,0.0,0.0
ME-00138,Anesthesia,13856.0,Nightingale Medical Centre,Kisumu,2026-03-25 18:00:00,E-CRITICAL,0.7741,Maintenance-neglect-to-breakdown pattern modeled on the 2025 Kenyatta National Hospital radiotherapy machine failure that disrupted national oncology services.,Critical,0.0,0.0
ME-00138,Anesthesia,13856.0,Nightingale Medical Centre,Kisumu,2026-03-25 22:00:00,E-CRITICAL,0.8012,Maintenance-neglect-to-breakdown pattern modeled on the 2025 Kenyatta National Hospital radiotherapy machine failure that disrupted national oncology services.,Critical,0.0,0.0
ME-00138,Anesthesia,13856.0,Nightingale Medical Centre,Kisumu,2026-03-25 23:00:00,E-CRITICAL,0.8487,Maintenance-neglect-to-breakdown pattern modeled on the 2025 Kenyatta National Hospital radiotherapy machine failure that disrupted national oncology services.,Critical,0.0,0.0
ME-00138,Anesthesia,13856.0,Nightingale Medical Centre,Kisumu,2026-03-26 13:00:00,E-CRITICAL,0.8303,Maintenance-neglect-to-breakdown pattern modeled on the 2025 Kenyatta National Hospital radiotherapy machine failure that disrupted national oncology services.,Critical,0.0,0.0
ME-00138,Anesthesia,13856.0,Nightingale Medical Centre,Kisumu,2026-03-26 22:00:00,E-CRITICAL,0.7909,Maintenance-neglect-to-breakdown pattern modeled on the 2025 Kenyatta National Hospital radiotherapy machine failure that disrupted national oncology services.,Critical,0.0,0.0
ME-00138,Anesthesia,13856.0,Nightingale Medical Centre,Kisumu,2026-03-26 23:00:00,E-CRITICAL,0.8129,Maintenance-neglect-to-breakdown pattern modeled on the 2025 Kenyatta National Hospital radiotherapy machine failure that disrupted national oncology services.,Critical,0.0,0.0
ME-00138,Anesthesia,13856.0,Nightingale Medical Centre,Kisumu,2026-03-27 04:00:00,E-CRITICAL,0.8418,Maintenance-neglect-to-breakdown pattern modeled on the 2025 Kenyatta National Hospital radiotherapy machine failure that disrupted national oncology services.,Critical,0.0,0.0
ME-00138,Anesthesia,13856.0,Nightingale Medical Centre,Kisumu,2026-03-27 22:00:00,E-CRITICAL,0.9188,Maintenance-neglect-to-breakdown pattern modeled on the 2025 Kenyatta National Hospital radiotherapy machine failure that disrupted national oncology services.,Critical,0.0,0.0
ME-00138,Anesthesia,13856.0,Nightingale Medical Centre,Kisumu,2026-03-28 04:00:00,E-CRITICAL,0.7955,Maintenance-neglect-to-breakdown pattern modeled on the 2025 Kenyatta National Hospital radiotherapy machine failure that disrupted national oncology services.,Critical,0.0,0.0
ME-00138,Anesthesia,13856.0,Nightingale Medical Centre,Kisumu,2026-03-28 11:00:00,E-CRITICAL,0.8105,Maintenance-neglect-to-breakdown pattern modeled on the 2025 Kenyatta National Hospital radiotherapy machine failure that disrupted national oncology services.,Critical,0.0,0.0
ME-00138,Anesthesia,13856.0,Nightingale Medical Centre,Kisumu,2026-03-28 16:00:00,E-CRITICAL,0.9118,Maintenance-neglect-to-breakdown pattern modeled on the 2025 Kenyatta National Hospital radiotherapy machine failure that disrupted national oncology services.,Critical,0.0,0.0
ME-00138,Anesthesia,13856.0,Nightingale Medical Centre,Kisumu,2026-03-29 01:00:00,E-CRITICAL,0.9538,Maintenance-neglect-to-breakdown pattern modeled on the 2025 Kenyatta National Hospital radiotherapy machine failure that disrupted national oncology services.,Critical,0.0,0.0
ME-00138,Anesthesia,13856.0,Nightingale Medical Centre,Kisumu,2026-03-29 02:00:00,E-CRITICAL,0.8115,Maintenance-neglect-to-breakdown pattern modeled on the 2025 Kenyatta National Hospital radiotherapy machine failure that disrupted national oncology services.,Critical,0.0,0.0
ME-00138,Anesthesia,13856.0,Nightingale Medical Centre,Kisumu,2026-03-29 04:00:00,E-CRITICAL,0.9273,Maintenance-neglect-to-breakdown pattern modeled on the 2025 Kenyatta National Hospital radiotherapy machine failure that disrupted national oncology services.,Critical,0.0,0.0
ME-00138,Anesthesia,13856.0,Nightingale Medical Centre,Kisumu,2026-03-29 08:00:00,E-CRITICAL,0.9653,Maintenance-neglect-to-breakdown pattern modeled on the 2025 Kenyatta National Hospital radiotherapy machine failure that disrupted national oncology services.,Critical,0.0,0.0
ME-00138,Anesthesia,13856.0,Nightingale Medical Centre,Kisumu,2026-03-30 03:00:00,E-CRITICAL,0.7956,Maintenance-neglect-to-breakdown pattern modeled on the 2025 Kenyatta National Hospital radiotherapy machine failure that disrupted national oncology services.,Critical,0.0,0.0
ME-00138,Anesthesia,13856.0,Nightingale Medical Centre,Kisumu,2026-03-30 04:00:00,E-CRITICAL,0.8843,Maintenance-neglect-to-breakdown pattern modeled on the 2025 Kenyatta National Hospital radiotherapy machine failure that disrupted national oncology services.,Critical,0.0,0.0
ME-00138,Anesthesia,13856.0,Nightingale Medical Centre,Kisumu,2026-03-30 05:00:00,E-CRITICAL,0.9414,Maintenance-neglect-to-breakdown pattern modeled on the 2025 Kenyatta National Hospital radiotherapy machine failure that disrupted national oncology services.,Critical,0.0,0.0
ME-00138,Anesthesia,13856.0,Nightingale Medical Centre,Kisumu,2026-03-30 09:00:00,E-CRITICAL,0.952,Maintenance-neglect-to-breakdown pattern modeled on the 2025 Kenyatta National Hospital radiotherapy machine failure that disrupted national oncology services.,Critical,0.0,0.0
ME-00138,Anesthesia,13856.0,Nightingale Medical Centre,Kisumu,2026-03-30 15:00:00,E-CRITICAL,0.9103,Maintenance-neglect-to-breakdown pattern modeled on the 2025 Kenyatta National Hospital radiotherapy machine failure that disrupted national oncology services.,Critical,0.0,0.0
ME-00138,Anesthesia,13856.0,Nightingale Medical Centre,Kisumu,2026-03-30 16:00:00,E-CRITICAL,0.9642,Maintenance-neglect-to-breakdown pattern modeled on the 2025 Kenyatta National Hospital radiotherapy machine failure that disrupted national oncology services.,Critical,0.0,0.0
ME-00138,Anesthesia,13856.0,Nightingale Medical Centre,Kisumu,2026-03-30 19:00:00,E-CRITICAL,0.9079,Maintenance-neglect-to-breakdown pattern modeled on the 2025 Kenyatta National Hospital radiotherapy machine failure that disrupted national oncology services.,Critical,0.0,0.0
ME-00138,Anesthesia,13856.0,Nightingale Medical Centre,Kisumu,2026-03-31 04:00:00,E-CRITICAL,0.9426,Maintenance-neglect-to-breakdown pattern modeled on the 2025 Kenyatta National Hospital radiotherapy machine failure that disrupted national oncology services.,Critical,0.0,0.0
ME-00138,Anesthesia,13856.0,Nightingale Medical Centre,Kisumu,2026-03-31 05:00:00,E-CRITICAL,1.0,Maintenance-neglect-to-breakdown pattern modeled on the 2025 Kenyatta National Hospital radiotherapy machine failure that disrupted national oncology services.,Critical,0.0,0.0
ME-00138,Anesthesia,13856.0,Nightingale Medical Centre,Kisumu,2026-03-31 17:00:00,E-CRITICAL,0.9602,Maintenance-neglect-to-breakdown pattern modeled on the 2025 Kenyatta National Hospital radiotherapy machine failure that disrupted national oncology services.,Critical,0.0,0.0
ME-00138,Anesthesia,13856.0,Nightingale Medical Centre,Kisumu,2026-03-31 18:00:00,E-CRITICAL,1.0,Maintenance-neglect-to-breakdown pattern modeled on the 2025 Kenyatta National Hospital radiotherapy machine failure that disrupted national oncology services.,Critical,0.0,0.0
ME-00138,Anesthesia,13856.0,Nightingale Medical Centre,Kisumu,2026-03-31 20:00:00,E-CRITICAL,0.958,Maintenance-neglect-to-breakdown pattern modeled on the 2025 Kenyatta National Hospital radiotherapy machine failure that disrupted national oncology services.,Critical,0.0,0.0
ME-00142,Ventilator,15565.0,Sigor Sub-District Hospital,Bomet,2026-03-22 15:00:00,E-CRITICAL,0.6825,Maintenance-neglect-to-breakdown pattern modeled on the 2025 Kenyatta National Hospital radiotherapy machine failure that disrupted national oncology services.,Critical,0.0,0.0
ME-00142,Ventilator,15565.0,Sigor Sub-District Hospital,Bomet,2026-03-23 07:00:00,E-CRITICAL,0.7942,Maintenance-neglect-to-breakdown pattern modeled on the 2025 Kenyatta National Hospital radiotherapy machine failure that disrupted national oncology services.,Critical,0.0,0.0
ME-00142,Ventilator,15565.0,Sigor Sub-District Hospital,Bomet,2026-03-24 07:00:00,E-CRITICAL,0.7641,Maintenance-neglect-to-breakdown pattern modeled on the 2025 Kenyatta National Hospital radiotherapy machine failure that disrupted national oncology services.,Critical,0.0,0.0
ME-00142,Ventilator,15565.0,Sigor Sub-District Hospital,Bomet,2026-03-27 01:00:00,E-CRITICAL,0.669,Maintenance-neglect-to-breakdown pattern modeled on the 2025 Kenyatta National Hospital radiotherapy machine failure that disrupted national oncology services.,Critical,0.0,0.0
ME-00142,Ventilator,15565.0,Sigor Sub-District Hospital,Bomet,2026-03-27 15:00:00,E-CRITICAL,0.6666,Maintenance-neglect-to-breakdown pattern modeled on the 2025 Kenyatta National Hospital radiotherapy machine failure that disrupted national oncology services.,Critical,0.0,0.0
ME-00142,Ventilator,15565.0,Sigor Sub-District Hospital,Bomet,2026-03-28 00:00:00,E-CRITICAL,0.7115,Maintenance-neglect-to-breakdown pattern modeled on the 2025 Kenyatta National Hospital radiotherapy machine failure that disrupted national oncology services.,Critical,0.0,0.0
ME-00142,Ventilator,15565.0,Sigor Sub-District Hospital,Bomet,2026-03-28 06:00:00,E-CRITICAL,0.8225,Maintenance-neglect-to-breakdown pattern modeled on the 2025 Kenyatta National Hospital radiotherapy machine failure that disrupted national oncology services.,Critical,0.0,0.0
ME-00142,Ventilator,15565.0,Sigor Sub-District Hospital,Bomet,2026-03-28 17:00:00,E-CRITICAL,0.7218,Maintenance-neglect-to-breakdown pattern modeled on the 2025 Kenyatta National Hospital radiotherapy machine failure that disrupted national oncology services.,Critical,0.0,0.0
ME-00142,Ventilator,15565.0,Sigor Sub-District Hospital,Bomet,2026-03-29 11:00:00,E-CRITICAL,0.8227,Maintenance-neglect-to-breakdown pattern modeled on the 2025 Kenyatta National Hospital radiotherapy machine failure that disrupted national oncology services.,Critical,0.0,0.0
ME-00142,Ventilator,15565.0,Sigor Sub-District Hospital,Bomet,2026-03-29 16:00:00,E-CRITICAL,0.828,Maintenance-neglect-to-breakdown pattern modeled on the 2025 Kenyatta National Hospital radiotherapy machine failure that disrupted national oncology services.,Critical,0.0,0.0
ME-00142,Ventilator,15565.0,Sigor Sub-District Hospital,Bomet,2026-03-29 19:00:00,E-CRITICAL,0.8859,Maintenance-neglect-to-breakdown pattern modeled on the 2025 Kenyatta National Hospital radiotherapy machine failure that disrupted national oncology services.,Critical,0.0,0.0
ME-00142,Ventilator,15565.0,Sigor Sub-District Hospital,Bomet,2026-03-29 22:00:00,E-CRITICAL,0.7448,Maintenance-neglect-to-breakdown pattern modeled on the 2025 Kenyatta National Hospital radiotherapy machine failure that disrupted national oncology services.,Critical,0.0,0.0
ME-00142,Ventilator,15565.0,Sigor Sub-District Hospital,Bomet,2026-03-30 00:00:00,E-CRITICAL,0.8851,Maintenance-neglect-to-breakdown pattern modeled on the 2025 Kenyatta National Hospital radiotherapy machine failure that disrupted national oncology services.,Critical,0.0,0.0
ME-00142,Ventilator,15565.0,Sigor Sub-District Hospital,Bomet,2026-03-30 12:00:00,E-CRITICAL,0.7664,Maintenance-neglect-to-breakdown pattern modeled on the 2025 Kenyatta National Hospital radiotherapy machine failure that disrupted national oncology services.,Critical,0.0,0.0
ME-00142,Ventilator,15565.0,Sigor Sub-District Hospital,Bomet,2026-03-30 14:00:00,E-CRITICAL,0.9239,Maintenance-neglect-to-breakdown pattern modeled on the 2025 Kenyatta National Hospital radiotherapy machine failure that disrupted national oncology services.,Critical,0.0,0.0
ME-00142,Ventilator,15565.0,Sigor Sub-District Hospital,Bomet,2026-03-31 07:00:00,E-CRITICAL,0.9023,Maintenance-neglect-to-breakdown pattern modeled on the 2025 Kenyatta National Hospital radiotherapy machine failure that disrupted national oncology services.,Critical,0.0,0.0
ME-00142,Ventilator,15565.0,Sigor Sub-District Hospital,Bomet,2026-03-31 17:00:00,E-CRITICAL,0.7852,Maintenance-neglect-to-breakdown pattern modeled on the 2025 Kenyatta National Hospital radiotherapy machine failure that disrupted national oncology services.,Critical,0.0,0.0
ME-00142,Ventilator,15565.0,Sigor Sub-District Hospital,Bomet,2026-03-31 18:00:00,E-CRITICAL,0.8894,Maintenance-neglect-to-breakdown pattern modeled on the 2025 Kenyatta National Hospital radiotherapy machine failure that disrupted national oncology services.,Critical,0.0,0.0
ME-00142,Ventilator,15565.0,Sigor Sub-District Hospital,Bomet,2026-03-31 20:00:00,E-CRITICAL,0.8166,Maintenance-neglect-to-breakdown pattern modeled on the 2025 Kenyatta National Hospital radiotherapy machine failure that disrupted national oncology services.,Critical,0.0,0.0
ME-00142,Ventilator,15565.0,Sigor Sub-District Hospital,Bomet,2026-03-31 22:00:00,E-CRITICAL,0.7677,Maintenance-neglect-to-breakdown pattern modeled on the 2025 Kenyatta National Hospital radiotherapy machine failure that disrupted national oncology services.,Critical,0.0,0.0
ME-00142,Ventilator,15565.0,Sigor Sub-District Hospital,Bomet,2026-03-31 23:00:00,E-CRITICAL,0.8977,Maintenance-neglect-to-breakdown pattern modeled on the 2025 Kenyatta National Hospital radiotherapy machine failure that disrupted national oncology services.,Critical,0.0,0.0
ME-00144,Ventilator,10154.0,Vineyard Hospital,Kiambu,2026-03-25 03:00:00,E-CRITICAL,0.7134,"Maintenance-neglect-to-breakdown pattern modeled on the MES 125-hospital equipment-halt case, where machines across facilities ground to a halt due to lack of maintenance.",Critical,0.0,0.0
ME-00144,Ventilator,10154.0,Vineyard Hospital,Kiambu,2026-03-26 08:00:00,E-CRITICAL,0.7347,"Maintenance-neglect-to-breakdown pattern modeled on the MES 125-hospital equipment-halt case, where machines across facilities ground to a halt due to lack of maintenance.",Critical,0.0,0.0
ME-00144,Ventilator,10154.0,Vineyard Hospital,Kiambu,2026-03-27 10:00:00,E-CRITICAL,0.8147,"Maintenance-neglect-to-breakdown pattern modeled on the MES 125-hospital equipment-halt case, where machines across facilities ground to a halt due to lack of maintenance.",Critical,0.0,0.0
ME-00144,Ventilator,10154.0,Vineyard Hospital,Kiambu,2026-03-27 11:00:00,E-CRITICAL,0.8015,"Maintenance-neglect-to-breakdown pattern modeled on the MES 125-hospital equipment-halt case, where machines across facilities ground to a halt due to lack of maintenance.",Critical,0.0,0.0
ME-00144,Ventilator,10154.0,Vineyard Hospital,Kiambu,2026-03-27 13:00:00,E-CRITICAL,0.7794,"Maintenance-neglect-to-breakdown pattern modeled on the MES 125-hospital equipment-halt case, where machines across facilities ground to a halt due to lack of maintenance.",Critical,0.0,0.0
ME-00144,Ventilator,10154.0,Vineyard Hospital,Kiambu,2026-03-27 18:00:00,E-CRITICAL,0.7882,"Maintenance-neglect-to-breakdown pattern modeled on the MES 125-hospital equipment-halt case, where machines across facilities ground to a halt due to lack of maintenance.",Critical,0.0,0.0
ME-00144,Ventilator,10154.0,Vineyard Hospital,Kiambu,2026-03-28 01:00:00,E-CRITICAL,0.6888,"Maintenance-neglect-to-breakdown pattern modeled on the MES 125-hospital equipment-halt case, where machines across facilities ground to a halt due to lack of maintenance.",Critical,0.0,0.0
ME-00144,Ventilator,10154.0,Vineyard Hospital,Kiambu,2026-03-28 06:00:00,E-CRITICAL,0.6718,"Maintenance-neglect-to-breakdown pattern modeled on the MES 125-hospital equipment-halt case, where machines across facilities ground to a halt due to lack of maintenance.",Critical,0.0,0.0
ME-00144,Ventilator,10154.0,Vineyard Hospital,Kiambu,2026-03-29 20:00:00,E-CRITICAL,0.7758,"Maintenance-neglect-to-breakdown pattern modeled on the MES 125-hospital equipment-halt case, where machines across facilities ground to a halt due to lack of maintenance.",Critical,0.0,0.0
ME-00144,Ventilator,10154.0,Vineyard Hospital,Kiambu,2026-03-29 22:00:00,E-CRITICAL,0.86,"Maintenance-neglect-to-breakdown pattern modeled on the MES 125-hospital equipment-halt case, where machines across facilities ground to a halt due to lack of maintenance.",Critical,0.0,0.0
ME-00144,Ventilator,10154.0,Vineyard Hospital,Kiambu,2026-03-30 00:00:00,E-CRITICAL,0.8098,"Maintenance-neglect-to-breakdown pattern modeled on the MES 125-hospital equipment-halt case, where machines across facilities ground to a halt due to lack of maintenance.",Critical,0.0,0.0
ME-00144,Ventilator,10154.0,Vineyard Hospital,Kiambu,2026-03-30 03:00:00,E-CRITICAL,0.8687,"Maintenance-neglect-to-breakdown pattern modeled on the MES 125-hospital equipment-halt case, where machines across facilities ground to a halt due to lack of maintenance.",Critical,0.0,0.0
ME-00144,Ventilator,10154.0,Vineyard Hospital,Kiambu,2026-03-30 10:00:00,E-CRITICAL,0.7575,"Maintenance-neglect-to-breakdown pattern modeled on the MES 125-hospital equipment-halt case, where machines across facilities ground to a halt due to lack of maintenance.",Critical,0.0,0.0
ME-00144,Ventilator,10154.0,Vineyard Hospital,Kiambu,2026-03-31 10:00:00,E-CRITICAL,0.7653,"Maintenance-neglect-to-breakdown pattern modeled on the MES 125-hospital equipment-halt case, where machines across facilities ground to a halt due to lack of maintenance.",Critical,0.0,0.0
ME-00149,Ventilator,14511.0,Gilgil Military Regional Hospital,Nakuru,2026-03-27 09:00:00,E-CRITICAL,0.7761,"Usage-reporting discrepancy modeled on the 2026 national MES dialysis audit finding: machine usage counters showed materially more work performed than hospitals' paper registers recorded, by more than 30% in some cases. Maintenance-neglect-to-breakdown pattern modeled on the MES 125-hospital equipment-halt case, where machines across facilities ground to a halt due to lack of maintenance.",Critical,0.0,0.0
ME-00149,Ventilator,14511.0,Gilgil Military Regional Hospital,Nakuru,2026-03-27 14:00:00,E-CRITICAL,0.6601,"Usage-reporting discrepancy modeled on the 2026 national MES dialysis audit finding: machine usage counters showed materially more work performed than hospitals' paper registers recorded, by more than 30% in some cases. Maintenance-neglect-to-breakdown pattern modeled on the MES 125-hospital equipment-halt case, where machines across facilities ground to a halt due to lack of maintenance.",Critical,0.0,0.0
ME-00149,Ventilator,14511.0,Gilgil Military Regional Hospital,Nakuru,2026-03-27 22:00:00,E-CRITICAL,0.7217,"Usage-reporting discrepancy modeled on the 2026 national MES dialysis audit finding: machine usage counters showed materially more work performed than hospitals' paper registers recorded, by more than 30% in some cases. Maintenance-neglect-to-breakdown pattern modeled on the MES 125-hospital equipment-halt case, where machines across facilities ground to a halt due to lack of maintenance.",Critical,0.0,0.0
ME-00149,Ventilator,14511.0,Gilgil Military Regional Hospital,Nakuru,2026-03-28 22:00:00,E-CRITICAL,0.7123,"Usage-reporting discrepancy modeled on the 2026 national MES dialysis audit finding: machine usage counters showed materially more work performed than hospitals' paper registers recorded, by more than 30% in some cases. Maintenance-neglect-to-breakdown pattern modeled on the MES 125-hospital equipment-halt case, where machines across facilities ground to a halt due to lack of maintenance.",Critical,0.0,0.0
ME-00149,Ventilator,14511.0,Gilgil Military Regional Hospital,Nakuru,2026-03-29 01:00:00,E-CRITICAL,0.8012,"Usage-reporting discrepancy modeled on the 2026 national MES dialysis audit finding: machine usage counters showed materially more work performed than hospitals' paper registers recorded, by more than 30% in some cases. Maintenance-neglect-to-breakdown pattern modeled on the MES 125-hospital equipment-halt case, where machines across facilities ground to a halt due to lack of maintenance.",Critical,0.0,0.0
ME-00149,Ventilator,14511.0,Gilgil Military Regional Hospital,Nakuru,2026-03-29 10:00:00,E-CRITICAL,0.773,"Usage-reporting discrepancy modeled on the 2026 national MES dialysis audit finding: machine usage counters showed materially more work performed than hospitals' paper registers recorded, by more than 30% in some cases. Maintenance-neglect-to-breakdown pattern modeled on the MES 125-hospital equipment-halt case, where machines across facilities ground to a halt due to lack of maintenance.",Critical,0.0,0.0
ME-00149,Ventilator,14511.0,Gilgil Military Regional Hospital,Nakuru,2026-03-29 17:00:00,E-CRITICAL,0.8236,"Usage-reporting discrepancy modeled on the 2026 national MES dialysis audit finding: machine usage counters showed materially more work performed than hospitals' paper registers recorded, by more than 30% in some cases. Maintenance-neglect-to-breakdown pattern modeled on the MES 125-hospital equipment-halt case, where machines across facilities ground to a halt due to lack of maintenance.",Critical,0.0,0.0
ME-00149,Ventilator,14511.0,Gilgil Military Regional Hospital,Nakuru,2026-03-30 04:00:00,E-CRITICAL,0.7033,"Usage-reporting discrepancy modeled on the 2026 national MES dialysis audit finding: machine usage counters showed materially more work performed than hospitals' paper registers recorded, by more than 30% in some cases. Maintenance-neglect-to-breakdown pattern modeled on the MES 125-hospital equipment-halt case, where machines across facilities ground to a halt due to lack of maintenance.",Critical,0.0,0.0
ME-00149,Ventilator,14511.0,Gilgil Military Regional Hospital,Nakuru,2026-03-30 11:00:00,E-CRITICAL,0.8615,"Usage-reporting discrepancy modeled on the 2026 national MES dialysis audit finding: machine usage counters showed materially more work performed than hospitals' paper registers recorded, by more than 30% in some cases. Maintenance-neglect-to-breakdown pattern modeled on the MES 125-hospital equipment-halt case, where machines across facilities ground to a halt due to lack of maintenance.",Critical,0.0,0.0
ME-00149,Ventilator,14511.0,Gilgil Military Regional Hospital,Nakuru,2026-03-30 18:00:00,E-CRITICAL,0.8542,"Usage-reporting discrepancy modeled on the 2026 national MES dialysis audit finding: machine usage counters showed materially more work performed than hospitals' paper registers recorded, by more than 30% in some cases. Maintenance-neglect-to-breakdown pattern modeled on the MES 125-hospital equipment-halt case, where machines across facilities ground to a halt due to lack of maintenance.",Critical,0.0,0.0
ME-00149,Ventilator,14511.0,Gilgil Military Regional Hospital,Nakuru,2026-03-30 23:00:00,E-CRITICAL,0.7949,"Usage-reporting discrepancy modeled on the 2026 national MES dialysis audit finding: machine usage counters showed materially more work performed than hospitals' paper registers recorded, by more than 30% in some cases. Maintenance-neglect-to-breakdown pattern modeled on the MES 125-hospital equipment-halt case, where machines across facilities ground to a halt due to lack of maintenance.",Critical,0.0,0.0
ME-00149,Ventilator,14511.0,Gilgil Military Regional Hospital,Nakuru,2026-03-31 01:00:00,E-CRITICAL,0.83,"Usage-reporting discrepancy modeled on the 2026 national MES dialysis audit finding: machine usage counters showed materially more work performed than hospitals' paper registers recorded, by more than 30% in some cases. Maintenance-neglect-to-breakdown pattern modeled on the MES 125-hospital equipment-halt case, where machines across facilities ground to a halt due to lack of maintenance.",Critical,0.0,0.0
ME-00149,Ventilator,14511.0,Gilgil Military Regional Hospital,Nakuru,2026-03-31 02:00:00,E-CRITICAL,0.8852,"Usage-reporting discrepancy modeled on the 2026 national MES dialysis audit finding: machine usage counters showed materially more work performed than hospitals' paper registers recorded, by more than 30% in some cases. Maintenance-neglect-to-breakdown pattern modeled on the MES 125-hospital equipment-halt case, where machines across facilities ground to a halt due to lack of maintenance.",Critical,0.0,0.0
ME-00149,Ventilator,14511.0,Gilgil Military Regional Hospital,Nakuru,2026-03-31 03:00:00,E-CRITICAL,0.8464,"Usage-reporting discrepancy modeled on the 2026 national MES dialysis audit finding: machine usage counters showed materially more work performed than hospitals' paper registers recorded, by more than 30% in some cases. Maintenance-neglect-to-breakdown pattern modeled on the MES 125-hospital equipment-halt case, where machines across facilities ground to a halt due to lack of maintenance.",Critical,0.0,0.0
ME-00149,Ventilator,14511.0,Gilgil Military Regional Hospital,Nakuru,2026-03-31 06:00:00,E-CRITICAL,0.7996,"Usage-reporting discrepancy modeled on the 2026 national MES dialysis audit finding: machine usage counters showed materially more work performed than hospitals' paper registers recorded, by more than 30% in some cases. Maintenance-neglect-to-breakdown pattern modeled on the MES 125-hospital equipment-halt case, where machines across facilities ground to a halt due to lack of maintenance.",Critical,0.0,0.0
ME-00149,Ventilator,14511.0,Gilgil Military Regional Hospital,Nakuru,2026-03-31 15:00:00,E-CRITICAL,0.7879,"Usage-reporting discrepancy modeled on the 2026 national MES dialysis audit finding: machine usage counters showed materially more work performed than hospitals' paper registers recorded, by more than 30% in some cases. Maintenance-neglect-to-breakdown pattern modeled on the MES 125-hospital equipment-halt case, where machines across facilities ground to a halt due to lack of maintenance.",Critical,0.0,0.0
ME-00149,Ventilator,14511.0,Gilgil Military Regional Hospital,Nakuru,2026-03-31 21:00:00,E-CRITICAL,0.6992,"Usage-reporting discrepancy modeled on the 2026 national MES dialysis audit finding: machine usage counters showed materially more work performed than hospitals' paper registers recorded, by more than 30% in some cases. Maintenance-neglect-to-breakdown pattern modeled on the MES 125-hospital equipment-halt case, where machines across facilities ground to a halt due to lack of maintenance.",Critical,0.0,0.0
