equipment_id,equipment_type,facility_id,facility,county,week_start,counter_reported_hours,register_reported_hours,discrepancy_pct,is_labeled_discrepancy_case,scenario_rationale
ME-00001,MRI,24979.0,Kenyatta University Teaching Refferal and Research Hospital,Nairobi,2025-12-29,0.9,0.76,0.1556,False,
ME-00001,MRI,24979.0,Kenyatta University Teaching Refferal and Research Hospital,Nairobi,2026-01-05,0.39,0.0,1.0,False,
ME-00001,MRI,24979.0,Kenyatta University Teaching Refferal and Research Hospital,Nairobi,2026-01-12,1.25,2.45,-0.96,False,
ME-00001,MRI,24979.0,Kenyatta University Teaching Refferal and Research Hospital,Nairobi,2026-01-19,1.23,0.61,0.5041,False,
ME-00001,MRI,24979.0,Kenyatta University Teaching Refferal and Research Hospital,Nairobi,2026-01-26,2.33,0.17,0.927,False,
ME-00001,MRI,24979.0,Kenyatta University Teaching Refferal and Research Hospital,Nairobi,2026-02-02,3.32,5.3,-0.5964,False,
ME-00001,MRI,24979.0,Kenyatta University Teaching Refferal and Research Hospital,Nairobi,2026-02-09,0.0,0.0,0.0,False,
ME-00001,MRI,24979.0,Kenyatta University Teaching Refferal and Research Hospital,Nairobi,2026-02-16,0.0,1.27,0.0,False,
ME-00001,MRI,24979.0,Kenyatta University Teaching Refferal and Research Hospital,Nairobi,2026-02-23,0.0,0.62,0.0,False,
ME-00001,MRI,24979.0,Kenyatta University Teaching Refferal and Research Hospital,Nairobi,2026-03-02,0.0,0.0,0.0,False,
ME-00001,MRI,24979.0,Kenyatta University Teaching Refferal and Research Hospital,Nairobi,2026-03-09,10.78,9.53,0.116,False,
ME-00001,MRI,24979.0,Kenyatta University Teaching Refferal and Research Hospital,Nairobi,2026-03-16,8.78,6.73,0.2335,False,
ME-00001,MRI,24979.0,Kenyatta University Teaching Refferal and Research Hospital,Nairobi,2026-03-23,3.68,5.27,-0.4321,False,
ME-00001,MRI,24979.0,Kenyatta University Teaching Refferal and Research Hospital,Nairobi,2026-03-30,0.0,0.0,0.0,False,
ME-00002,Hemodialysis,24823.0,LIGHTHOUSE HOSPITAL AND REHABILITATION CENTRE,Uasin Gishu,2025-12-29,0.79,0.62,0.2152,True,"Usage-reporting discrepancy modeled on the 2026 national MES dialysis audit finding: machine usage counters showed materially more work performed than hospitals' paper registers recorded, by more than 30% in some cases."
ME-00002,Hemodialysis,24823.0,LIGHTHOUSE HOSPITAL AND REHABILITATION CENTRE,Uasin Gishu,2026-01-05,1.95,1.36,0.3026,True,"Usage-reporting discrepancy modeled on the 2026 national MES dialysis audit finding: machine usage counters showed materially more work performed than hospitals' paper registers recorded, by more than 30% in some cases."
ME-00002,Hemodialysis,24823.0,LIGHTHOUSE HOSPITAL AND REHABILITATION CENTRE,Uasin Gishu,2026-01-12,0.0,0.0,0.0,True,"Usage-reporting discrepancy modeled on the 2026 national MES dialysis audit finding: machine usage counters showed materially more work performed than hospitals' paper registers recorded, by more than 30% in some cases."
ME-00002,Hemodialysis,24823.0,LIGHTHOUSE HOSPITAL AND REHABILITATION CENTRE,Uasin Gishu,2026-01-19,0.0,0.0,0.0,True,"Usage-reporting discrepancy modeled on the 2026 national MES dialysis audit finding: machine usage counters showed materially more work performed than hospitals' paper registers recorded, by more than 30% in some cases."
ME-00002,Hemodialysis,24823.0,LIGHTHOUSE HOSPITAL AND REHABILITATION CENTRE,Uasin Gishu,2026-01-26,1.08,0.68,0.3704,True,"Usage-reporting discrepancy modeled on the 2026 national MES dialysis audit finding: machine usage counters showed materially more work performed than hospitals' paper registers recorded, by more than 30% in some cases."
ME-00002,Hemodialysis,24823.0,LIGHTHOUSE HOSPITAL AND REHABILITATION CENTRE,Uasin Gishu,2026-02-02,1.63,0.97,0.4049,True,"Usage-reporting discrepancy modeled on the 2026 national MES dialysis audit finding: machine usage counters showed materially more work performed than hospitals' paper registers recorded, by more than 30% in some cases."
ME-00002,Hemodialysis,24823.0,LIGHTHOUSE HOSPITAL AND REHABILITATION CENTRE,Uasin Gishu,2026-02-09,0.0,0.0,0.0,True,"Usage-reporting discrepancy modeled on the 2026 national MES dialysis audit finding: machine usage counters showed materially more work performed than hospitals' paper registers recorded, by more than 30% in some cases."
ME-00002,Hemodialysis,24823.0,LIGHTHOUSE HOSPITAL AND REHABILITATION CENTRE,Uasin Gishu,2026-02-16,0.0,0.0,0.0,True,"Usage-reporting discrepancy modeled on the 2026 national MES dialysis audit finding: machine usage counters showed materially more work performed than hospitals' paper registers recorded, by more than 30% in some cases."
ME-00002,Hemodialysis,24823.0,LIGHTHOUSE HOSPITAL AND REHABILITATION CENTRE,Uasin Gishu,2026-02-23,0.0,0.0,0.0,True,"Usage-reporting discrepancy modeled on the 2026 national MES dialysis audit finding: machine usage counters showed materially more work performed than hospitals' paper registers recorded, by more than 30% in some cases."
ME-00002,Hemodialysis,24823.0,LIGHTHOUSE HOSPITAL AND REHABILITATION CENTRE,Uasin Gishu,2026-03-02,1.74,1.17,0.3276,True,"Usage-reporting discrepancy modeled on the 2026 national MES dialysis audit finding: machine usage counters showed materially more work performed than hospitals' paper registers recorded, by more than 30% in some cases."
ME-00002,Hemodialysis,24823.0,LIGHTHOUSE HOSPITAL AND REHABILITATION CENTRE,Uasin Gishu,2026-03-09,0.0,0.0,0.0,True,"Usage-reporting discrepancy modeled on the 2026 national MES dialysis audit finding: machine usage counters showed materially more work performed than hospitals' paper registers recorded, by more than 30% in some cases."
ME-00002,Hemodialysis,24823.0,LIGHTHOUSE HOSPITAL AND REHABILITATION CENTRE,Uasin Gishu,2026-03-16,6.19,4.44,0.2827,True,"Usage-reporting discrepancy modeled on the 2026 national MES dialysis audit finding: machine usage counters showed materially more work performed than hospitals' paper registers recorded, by more than 30% in some cases."
ME-00002,Hemodialysis,24823.0,LIGHTHOUSE HOSPITAL AND REHABILITATION CENTRE,Uasin Gishu,2026-03-23,0.0,0.0,0.0,True,"Usage-reporting discrepancy modeled on the 2026 national MES dialysis audit finding: machine usage counters showed materially more work performed than hospitals' paper registers recorded, by more than 30% in some cases."
ME-00002,Hemodialysis,24823.0,LIGHTHOUSE HOSPITAL AND REHABILITATION CENTRE,Uasin Gishu,2026-03-30,24.88,17.47,0.2978,True,"Usage-reporting discrepancy modeled on the 2026 national MES dialysis audit finding: machine usage counters showed materially more work performed than hospitals' paper registers recorded, by more than 30% in some cases."
ME-00003,X-Ray,13907.0,Nyamekongoroto Health Centre,Migori,2025-12-29,1.32,1.11,0.1591,False,
ME-00003,X-Ray,13907.0,Nyamekongoroto Health Centre,Migori,2026-01-05,0.89,2.41,-1.7079,False,
ME-00003,X-Ray,13907.0,Nyamekongoroto Health Centre,Migori,2026-01-12,2.87,2.41,0.1603,False,
ME-00003,X-Ray,13907.0,Nyamekongoroto Health Centre,Migori,2026-01-19,1.36,0.85,0.375,False,
ME-00003,X-Ray,13907.0,Nyamekongoroto Health Centre,Migori,2026-01-26,9.62,9.17,0.0468,False,
ME-00003,X-Ray,13907.0,Nyamekongoroto Health Centre,Migori,2026-02-02,0.0,0.0,0.0,False,
ME-00003,X-Ray,13907.0,Nyamekongoroto Health Centre,Migori,2026-02-09,1.55,2.2,-0.4194,False,
ME-00003,X-Ray,13907.0,Nyamekongoroto Health Centre,Migori,2026-02-16,0.0,0.01,0.0,False,
ME-00003,X-Ray,13907.0,Nyamekongoroto Health Centre,Migori,2026-02-23,13.68,16.15,-0.1806,False,
ME-00003,X-Ray,13907.0,Nyamekongoroto Health Centre,Migori,2026-03-02,0.0,1.68,0.0,False,
ME-00003,X-Ray,13907.0,Nyamekongoroto Health Centre,Migori,2026-03-09,0.0,2.14,0.0,False,
ME-00003,X-Ray,13907.0,Nyamekongoroto Health Centre,Migori,2026-03-16,0.0,0.0,0.0,False,
ME-00003,X-Ray,13907.0,Nyamekongoroto Health Centre,Migori,2026-03-23,0.0,0.26,0.0,False,
ME-00003,X-Ray,13907.0,Nyamekongoroto Health Centre,Migori,2026-03-30,0.0,0.0,0.0,False,
ME-00004,MRI,12516.0,Meru District hospital,Meru,2025-12-29,0.64,0.0,1.0,False,
ME-00004,MRI,12516.0,Meru District hospital,Meru,2026-01-05,0.82,1.31,-0.5976,False,
ME-00004,MRI,12516.0,Meru District hospital,Meru,2026-01-12,4.73,4.46,0.0571,False,
ME-00004,MRI,12516.0,Meru District hospital,Meru,2026-01-19,1.13,2.13,-0.885,False,
ME-00004,MRI,12516.0,Meru District hospital,Meru,2026-01-26,0.79,0.0,1.0,False,
ME-00004,MRI,12516.0,Meru District hospital,Meru,2026-02-02,5.1,5.19,-0.0176,False,
ME-00004,MRI,12516.0,Meru District hospital,Meru,2026-02-09,6.36,4.94,0.2233,False,
ME-00004,MRI,12516.0,Meru District hospital,Meru,2026-02-16,11.1,11.04,0.0054,False,
ME-00004,MRI,12516.0,Meru District hospital,Meru,2026-02-23,0.0,0.0,0.0,False,
ME-00004,MRI,12516.0,Meru District hospital,Meru,2026-03-02,5.82,6.12,-0.0515,False,
ME-00004,MRI,12516.0,Meru District hospital,Meru,2026-03-09,0.0,0.63,0.0,False,
ME-00004,MRI,12516.0,Meru District hospital,Meru,2026-03-16,6.67,8.34,-0.2504,False,
ME-00004,MRI,12516.0,Meru District hospital,Meru,2026-03-23,0.0,0.0,0.0,False,
ME-00004,MRI,12516.0,Meru District hospital,Meru,2026-03-30,14.27,13.99,0.0196,False,
ME-00005,CT,24979.0,Kenyatta University Teaching Refferal and Research Hospital,Nairobi,2025-12-29,0.68,0.75,-0.1029,False,
ME-00005,CT,24979.0,Kenyatta University Teaching Refferal and Research Hospital,Nairobi,2026-01-05,0.8,0.0,1.0,False,
ME-00005,CT,24979.0,Kenyatta University Teaching Refferal and Research Hospital,Nairobi,2026-01-12,0.0,1.32,0.0,False,
ME-00005,CT,24979.0,Kenyatta University Teaching Refferal and Research Hospital,Nairobi,2026-01-19,1.04,1.35,-0.2981,False,
ME-00005,CT,24979.0,Kenyatta University Teaching Refferal and Research Hospital,Nairobi,2026-01-26,4.89,4.08,0.1656,False,
ME-00005,CT,24979.0,Kenyatta University Teaching Refferal and Research Hospital,Nairobi,2026-02-02,0.0,0.0,0.0,False,
ME-00005,CT,24979.0,Kenyatta University Teaching Refferal and Research Hospital,Nairobi,2026-02-09,2.28,3.36,-0.4737,False,
ME-00005,CT,24979.0,Kenyatta University Teaching Refferal and Research Hospital,Nairobi,2026-02-16,7.32,4.28,0.4153,False,
ME-00005,CT,24979.0,Kenyatta University Teaching Refferal and Research Hospital,Nairobi,2026-02-23,0.0,0.0,0.0,False,
ME-00005,CT,24979.0,Kenyatta University Teaching Refferal and Research Hospital,Nairobi,2026-03-02,0.0,0.86,0.0,False,
ME-00005,CT,24979.0,Kenyatta University Teaching Refferal and Research Hospital,Nairobi,2026-03-09,0.0,0.4,0.0,False,
ME-00005,CT,24979.0,Kenyatta University Teaching Refferal and Research Hospital,Nairobi,2026-03-16,0.0,0.51,0.0,False,
ME-00005,CT,24979.0,Kenyatta University Teaching Refferal and Research Hospital,Nairobi,2026-03-23,0.0,0.0,0.0,False,
ME-00005,CT,24979.0,Kenyatta University Teaching Refferal and Research Hospital,Nairobi,2026-03-30,0.0,0.0,0.0,False,
ME-00006,Anesthesia,13380.0,Khorof Harar Sub-District Hospital,Wajir,2025-12-29,1.19,1.79,-0.5042,False,
ME-00006,Anesthesia,13380.0,Khorof Harar Sub-District Hospital,Wajir,2026-01-05,1.17,0.57,0.5128,False,
ME-00006,Anesthesia,13380.0,Khorof Harar Sub-District Hospital,Wajir,2026-01-12,1.98,3.37,-0.702,False,
ME-00006,Anesthesia,13380.0,Khorof Harar Sub-District Hospital,Wajir,2026-01-19,3.03,3.32,-0.0957,False,
ME-00006,Anesthesia,13380.0,Khorof Harar Sub-District Hospital,Wajir,2026-01-26,2.14,2.36,-0.1028,False,
ME-00006,Anesthesia,13380.0,Khorof Harar Sub-District Hospital,Wajir,2026-02-02,3.69,3.89,-0.0542,False,
ME-00006,Anesthesia,13380.0,Khorof Harar Sub-District Hospital,Wajir,2026-02-09,1.95,1.32,0.3231,False,
ME-00006,Anesthesia,13380.0,Khorof Harar Sub-District Hospital,Wajir,2026-02-16,0.0,0.0,0.0,False,
ME-00006,Anesthesia,13380.0,Khorof Harar Sub-District Hospital,Wajir,2026-02-23,3.13,3.72,-0.1885,False,
ME-00006,Anesthesia,13380.0,Khorof Harar Sub-District Hospital,Wajir,2026-03-02,1.36,1.45,-0.0662,False,
ME-00006,Anesthesia,13380.0,Khorof Harar Sub-District Hospital,Wajir,2026-03-09,0.0,0.0,0.0,False,
ME-00006,Anesthesia,13380.0,Khorof Harar Sub-District Hospital,Wajir,2026-03-16,8.61,9.04,-0.0499,False,
ME-00006,Anesthesia,13380.0,Khorof Harar Sub-District Hospital,Wajir,2026-03-23,0.0,0.0,0.0,False,
ME-00006,Anesthesia,13380.0,Khorof Harar Sub-District Hospital,Wajir,2026-03-30,0.0,0.0,0.0,False,
ME-00007,Ultrasound,11161.0,Wamagana Health Centre,Nyeri,2025-12-29,1.39,1.05,0.2446,True,"Usage-reporting discrepancy modeled on the 2026 national MES dialysis audit finding: machine usage counters showed materially more work performed than hospitals' paper registers recorded, by more than 30% in some cases."
ME-00007,Ultrasound,11161.0,Wamagana Health Centre,Nyeri,2026-01-05,1.75,1.35,0.2286,True,"Usage-reporting discrepancy modeled on the 2026 national MES dialysis audit finding: machine usage counters showed materially more work performed than hospitals' paper registers recorded, by more than 30% in some cases."
ME-00007,Ultrasound,11161.0,Wamagana Health Centre,Nyeri,2026-01-12,4.25,3.03,0.2871,True,"Usage-reporting discrepancy modeled on the 2026 national MES dialysis audit finding: machine usage counters showed materially more work performed than hospitals' paper registers recorded, by more than 30% in some cases."
ME-00007,Ultrasound,11161.0,Wamagana Health Centre,Nyeri,2026-01-19,0.5,0.35,0.3,True,"Usage-reporting discrepancy modeled on the 2026 national MES dialysis audit finding: machine usage counters showed materially more work performed than hospitals' paper registers recorded, by more than 30% in some cases."
ME-00007,Ultrasound,11161.0,Wamagana Health Centre,Nyeri,2026-01-26,0.0,0.0,0.0,True,"Usage-reporting discrepancy modeled on the 2026 national MES dialysis audit finding: machine usage counters showed materially more work performed than hospitals' paper registers recorded, by more than 30% in some cases."
ME-00007,Ultrasound,11161.0,Wamagana Health Centre,Nyeri,2026-02-02,0.0,0.0,0.0,True,"Usage-reporting discrepancy modeled on the 2026 national MES dialysis audit finding: machine usage counters showed materially more work performed than hospitals' paper registers recorded, by more than 30% in some cases."
ME-00007,Ultrasound,11161.0,Wamagana Health Centre,Nyeri,2026-02-09,0.0,0.0,0.0,True,"Usage-reporting discrepancy modeled on the 2026 national MES dialysis audit finding: machine usage counters showed materially more work performed than hospitals' paper registers recorded, by more than 30% in some cases."
ME-00007,Ultrasound,11161.0,Wamagana Health Centre,Nyeri,2026-02-16,9.22,6.59,0.2852,True,"Usage-reporting discrepancy modeled on the 2026 national MES dialysis audit finding: machine usage counters showed materially more work performed than hospitals' paper registers recorded, by more than 30% in some cases."
ME-00007,Ultrasound,11161.0,Wamagana Health Centre,Nyeri,2026-02-23,0.0,0.0,0.0,True,"Usage-reporting discrepancy modeled on the 2026 national MES dialysis audit finding: machine usage counters showed materially more work performed than hospitals' paper registers recorded, by more than 30% in some cases."
ME-00007,Ultrasound,11161.0,Wamagana Health Centre,Nyeri,2026-03-02,6.97,4.86,0.3027,True,"Usage-reporting discrepancy modeled on the 2026 national MES dialysis audit finding: machine usage counters showed materially more work performed than hospitals' paper registers recorded, by more than 30% in some cases."
ME-00007,Ultrasound,11161.0,Wamagana Health Centre,Nyeri,2026-03-09,0.0,0.0,0.0,True,"Usage-reporting discrepancy modeled on the 2026 national MES dialysis audit finding: machine usage counters showed materially more work performed than hospitals' paper registers recorded, by more than 30% in some cases."
ME-00007,Ultrasound,11161.0,Wamagana Health Centre,Nyeri,2026-03-16,11.84,8.73,0.2627,True,"Usage-reporting discrepancy modeled on the 2026 national MES dialysis audit finding: machine usage counters showed materially more work performed than hospitals' paper registers recorded, by more than 30% in some cases."
ME-00007,Ultrasound,11161.0,Wamagana Health Centre,Nyeri,2026-03-23,6.24,4.81,0.2292,True,"Usage-reporting discrepancy modeled on the 2026 national MES dialysis audit finding: machine usage counters showed materially more work performed than hospitals' paper registers recorded, by more than 30% in some cases."
ME-00007,Ultrasound,11161.0,Wamagana Health Centre,Nyeri,2026-03-30,0.5,0.35,0.3,True,"Usage-reporting discrepancy modeled on the 2026 national MES dialysis audit finding: machine usage counters showed materially more work performed than hospitals' paper registers recorded, by more than 30% in some cases."
ME-00008,CT,13023.0,Kenyatta National Hospital,Nairobi,2025-12-29,1.25,0.93,0.256,True,"Usage-reporting discrepancy modeled on the 2026 national MES dialysis audit finding: machine usage counters showed materially more work performed than hospitals' paper registers recorded, by more than 30% in some cases."
ME-00008,CT,13023.0,Kenyatta National Hospital,Nairobi,2026-01-05,3.41,2.29,0.3284,True,"Usage-reporting discrepancy modeled on the 2026 national MES dialysis audit finding: machine usage counters showed materially more work performed than hospitals' paper registers recorded, by more than 30% in some cases."
ME-00008,CT,13023.0,Kenyatta National Hospital,Nairobi,2026-01-12,1.08,0.75,0.3056,True,"Usage-reporting discrepancy modeled on the 2026 national MES dialysis audit finding: machine usage counters showed materially more work performed than hospitals' paper registers recorded, by more than 30% in some cases."
ME-00008,CT,13023.0,Kenyatta National Hospital,Nairobi,2026-01-19,0.0,0.0,0.0,True,"Usage-reporting discrepancy modeled on the 2026 national MES dialysis audit finding: machine usage counters showed materially more work performed than hospitals' paper registers recorded, by more than 30% in some cases."
ME-00008,CT,13023.0,Kenyatta National Hospital,Nairobi,2026-01-26,1.09,0.76,0.3028,True,"Usage-reporting discrepancy modeled on the 2026 national MES dialysis audit finding: machine usage counters showed materially more work performed than hospitals' paper registers recorded, by more than 30% in some cases."
ME-00008,CT,13023.0,Kenyatta National Hospital,Nairobi,2026-02-02,0.0,0.0,0.0,True,"Usage-reporting discrepancy modeled on the 2026 national MES dialysis audit finding: machine usage counters showed materially more work performed than hospitals' paper registers recorded, by more than 30% in some cases."
ME-00008,CT,13023.0,Kenyatta National Hospital,Nairobi,2026-02-09,0.0,0.0,0.0,True,"Usage-reporting discrepancy modeled on the 2026 national MES dialysis audit finding: machine usage counters showed materially more work performed than hospitals' paper registers recorded, by more than 30% in some cases."
ME-00008,CT,13023.0,Kenyatta National Hospital,Nairobi,2026-02-16,1.21,0.86,0.2893,True,"Usage-reporting discrepancy modeled on the 2026 national MES dialysis audit finding: machine usage counters showed materially more work performed than hospitals' paper registers recorded, by more than 30% in some cases."
ME-00008,CT,13023.0,Kenyatta National Hospital,Nairobi,2026-02-23,14.23,9.34,0.3436,True,"Usage-reporting discrepancy modeled on the 2026 national MES dialysis audit finding: machine usage counters showed materially more work performed than hospitals' paper registers recorded, by more than 30% in some cases."
ME-00008,CT,13023.0,Kenyatta National Hospital,Nairobi,2026-03-02,0.0,0.0,0.0,True,"Usage-reporting discrepancy modeled on the 2026 national MES dialysis audit finding: machine usage counters showed materially more work performed than hospitals' paper registers recorded, by more than 30% in some cases."
ME-00008,CT,13023.0,Kenyatta National Hospital,Nairobi,2026-03-09,0.0,0.0,0.0,True,"Usage-reporting discrepancy modeled on the 2026 national MES dialysis audit finding: machine usage counters showed materially more work performed than hospitals' paper registers recorded, by more than 30% in some cases."
ME-00008,CT,13023.0,Kenyatta National Hospital,Nairobi,2026-03-16,1.11,0.75,0.3243,True,"Usage-reporting discrepancy modeled on the 2026 national MES dialysis audit finding: machine usage counters showed materially more work performed than hospitals' paper registers recorded, by more than 30% in some cases."
ME-00008,CT,13023.0,Kenyatta National Hospital,Nairobi,2026-03-23,0.0,0.0,0.0,True,"Usage-reporting discrepancy modeled on the 2026 national MES dialysis audit finding: machine usage counters showed materially more work performed than hospitals' paper registers recorded, by more than 30% in some cases."
ME-00008,CT,13023.0,Kenyatta National Hospital,Nairobi,2026-03-30,11.99,7.31,0.3903,True,"Usage-reporting discrepancy modeled on the 2026 national MES dialysis audit finding: machine usage counters showed materially more work performed than hospitals' paper registers recorded, by more than 30% in some cases."
ME-00009,Hemodialysis,21922.0,Jumuia Hospitals Kakamega Clinic,Kakamega,2025-12-29,1.01,0.82,0.1881,True,"Usage-reporting discrepancy modeled on the 2026 national MES dialysis audit finding: machine usage counters showed materially more work performed than hospitals' paper registers recorded, by more than 30% in some cases."
ME-00009,Hemodialysis,21922.0,Jumuia Hospitals Kakamega Clinic,Kakamega,2026-01-05,0.37,0.29,0.2162,True,"Usage-reporting discrepancy modeled on the 2026 national MES dialysis audit finding: machine usage counters showed materially more work performed than hospitals' paper registers recorded, by more than 30% in some cases."
ME-00009,Hemodialysis,21922.0,Jumuia Hospitals Kakamega Clinic,Kakamega,2026-01-12,2.07,1.56,0.2464,True,"Usage-reporting discrepancy modeled on the 2026 national MES dialysis audit finding: machine usage counters showed materially more work performed than hospitals' paper registers recorded, by more than 30% in some cases."
ME-00009,Hemodialysis,21922.0,Jumuia Hospitals Kakamega Clinic,Kakamega,2026-01-19,5.29,3.94,0.2552,True,"Usage-reporting discrepancy modeled on the 2026 national MES dialysis audit finding: machine usage counters showed materially more work performed than hospitals' paper registers recorded, by more than 30% in some cases."
ME-00009,Hemodialysis,21922.0,Jumuia Hospitals Kakamega Clinic,Kakamega,2026-01-26,0.0,0.0,0.0,True,"Usage-reporting discrepancy modeled on the 2026 national MES dialysis audit finding: machine usage counters showed materially more work performed than hospitals' paper registers recorded, by more than 30% in some cases."
ME-00009,Hemodialysis,21922.0,Jumuia Hospitals Kakamega Clinic,Kakamega,2026-02-02,0.0,0.0,0.0,True,"Usage-reporting discrepancy modeled on the 2026 national MES dialysis audit finding: machine usage counters showed materially more work performed than hospitals' paper registers recorded, by more than 30% in some cases."
ME-00009,Hemodialysis,21922.0,Jumuia Hospitals Kakamega Clinic,Kakamega,2026-02-09,0.0,0.0,0.0,True,"Usage-reporting discrepancy modeled on the 2026 national MES dialysis audit finding: machine usage counters showed materially more work performed than hospitals' paper registers recorded, by more than 30% in some cases."
ME-00009,Hemodialysis,21922.0,Jumuia Hospitals Kakamega Clinic,Kakamega,2026-02-16,1.97,1.53,0.2234,True,"Usage-reporting discrepancy modeled on the 2026 national MES dialysis audit finding: machine usage counters showed materially more work performed than hospitals' paper registers recorded, by more than 30% in some cases."
ME-00009,Hemodialysis,21922.0,Jumuia Hospitals Kakamega Clinic,Kakamega,2026-02-23,0.0,0.0,0.0,True,"Usage-reporting discrepancy modeled on the 2026 national MES dialysis audit finding: machine usage counters showed materially more work performed than hospitals' paper registers recorded, by more than 30% in some cases."
ME-00009,Hemodialysis,21922.0,Jumuia Hospitals Kakamega Clinic,Kakamega,2026-03-02,0.0,0.0,0.0,True,"Usage-reporting discrepancy modeled on the 2026 national MES dialysis audit finding: machine usage counters showed materially more work performed than hospitals' paper registers recorded, by more than 30% in some cases."
ME-00009,Hemodialysis,21922.0,Jumuia Hospitals Kakamega Clinic,Kakamega,2026-03-09,0.0,0.0,0.0,True,"Usage-reporting discrepancy modeled on the 2026 national MES dialysis audit finding: machine usage counters showed materially more work performed than hospitals' paper registers recorded, by more than 30% in some cases."
ME-00009,Hemodialysis,21922.0,Jumuia Hospitals Kakamega Clinic,Kakamega,2026-03-16,10.83,8.24,0.2392,True,"Usage-reporting discrepancy modeled on the 2026 national MES dialysis audit finding: machine usage counters showed materially more work performed than hospitals' paper registers recorded, by more than 30% in some cases."
ME-00009,Hemodialysis,21922.0,Jumuia Hospitals Kakamega Clinic,Kakamega,2026-03-23,0.26,0.2,0.2308,True,"Usage-reporting discrepancy modeled on the 2026 national MES dialysis audit finding: machine usage counters showed materially more work performed than hospitals' paper registers recorded, by more than 30% in some cases."
ME-00009,Hemodialysis,21922.0,Jumuia Hospitals Kakamega Clinic,Kakamega,2026-03-30,2.9,2.2,0.2414,True,"Usage-reporting discrepancy modeled on the 2026 national MES dialysis audit finding: machine usage counters showed materially more work performed than hospitals' paper registers recorded, by more than 30% in some cases."
ME-00010,Ultrasound,23284.0,Saphire Healthcare Nursing Home,Mandera,2025-12-29,0.24,0.0,1.0,False,
ME-00010,Ultrasound,23284.0,Saphire Healthcare Nursing Home,Mandera,2026-01-05,0.39,0.04,0.8974,False,
ME-00010,Ultrasound,23284.0,Saphire Healthcare Nursing Home,Mandera,2026-01-12,4.69,5.64,-0.2026,False,
ME-00010,Ultrasound,23284.0,Saphire Healthcare Nursing Home,Mandera,2026-01-19,0.0,0.0,0.0,False,
ME-00010,Ultrasound,23284.0,Saphire Healthcare Nursing Home,Mandera,2026-01-26,0.0,0.49,0.0,False,
ME-00010,Ultrasound,23284.0,Saphire Healthcare Nursing Home,Mandera,2026-02-02,2.21,3.13,-0.4163,False,
ME-00010,Ultrasound,23284.0,Saphire Healthcare Nursing Home,Mandera,2026-02-09,13.25,12.38,0.0657,False,
ME-00010,Ultrasound,23284.0,Saphire Healthcare Nursing Home,Mandera,2026-02-16,12.16,10.8,0.1118,False,
ME-00010,Ultrasound,23284.0,Saphire Healthcare Nursing Home,Mandera,2026-02-23,0.0,0.0,0.0,False,
ME-00010,Ultrasound,23284.0,Saphire Healthcare Nursing Home,Mandera,2026-03-02,5.6,5.18,0.075,False,
ME-00010,Ultrasound,23284.0,Saphire Healthcare Nursing Home,Mandera,2026-03-09,0.0,0.79,0.0,False,
ME-00010,Ultrasound,23284.0,Saphire Healthcare Nursing Home,Mandera,2026-03-16,0.0,0.88,0.0,False,
ME-00010,Ultrasound,23284.0,Saphire Healthcare Nursing Home,Mandera,2026-03-23,5.7,6.25,-0.0965,False,
ME-00010,Ultrasound,23284.0,Saphire Healthcare Nursing Home,Mandera,2026-03-30,0.0,0.0,0.0,False,
ME-00011,X-Ray,13544.0,Endiba Health Centre,Nyamira,2025-12-29,0.87,0.55,0.3678,False,
ME-00011,X-Ray,13544.0,Endiba Health Centre,Nyamira,2026-01-05,2.3,3.68,-0.6,False,
ME-00011,X-Ray,13544.0,Endiba Health Centre,Nyamira,2026-01-12,1.53,1.14,0.2549,False,
ME-00011,X-Ray,13544.0,Endiba Health Centre,Nyamira,2026-01-19,6.47,6.21,0.0402,False,
ME-00011,X-Ray,13544.0,Endiba Health Centre,Nyamira,2026-01-26,0.0,0.0,0.0,False,
ME-00011,X-Ray,13544.0,Endiba Health Centre,Nyamira,2026-02-02,0.17,0.0,1.0,False,
ME-00011,X-Ray,13544.0,Endiba Health Centre,Nyamira,2026-02-09,2.05,1.6,0.2195,False,
ME-00011,X-Ray,13544.0,Endiba Health Centre,Nyamira,2026-02-16,0.32,1.11,-2.4688,False,
ME-00011,X-Ray,13544.0,Endiba Health Centre,Nyamira,2026-02-23,0.0,0.0,0.0,False,
ME-00011,X-Ray,13544.0,Endiba Health Centre,Nyamira,2026-03-02,7.36,7.53,-0.0231,False,
ME-00011,X-Ray,13544.0,Endiba Health Centre,Nyamira,2026-03-09,0.0,1.19,0.0,False,
ME-00011,X-Ray,13544.0,Endiba Health Centre,Nyamira,2026-03-16,0.0,0.0,0.0,False,
ME-00011,X-Ray,13544.0,Endiba Health Centre,Nyamira,2026-03-23,2.23,3.5,-0.5695,False,
ME-00011,X-Ray,13544.0,Endiba Health Centre,Nyamira,2026-03-30,13.67,13.13,0.0395,False,
ME-00012,Ultrasound,24541.0,Oasis Health Sirare Medical Centre,Migori,2025-12-29,1.02,0.66,0.3529,True,"Usage-reporting discrepancy modeled on the 2026 national MES dialysis audit finding: machine usage counters showed materially more work performed than hospitals' paper registers recorded, by more than 30% in some cases. Maintenance-neglect-to-breakdown pattern modeled on the January 2025 Naivasha sub-county hospital dialysis machine breakdown, which forced patients to seek care elsewhere."
ME-00012,Ultrasound,24541.0,Oasis Health Sirare Medical Centre,Migori,2026-01-05,0.0,0.0,0.0,True,"Usage-reporting discrepancy modeled on the 2026 national MES dialysis audit finding: machine usage counters showed materially more work performed than hospitals' paper registers recorded, by more than 30% in some cases. Maintenance-neglect-to-breakdown pattern modeled on the January 2025 Naivasha sub-county hospital dialysis machine breakdown, which forced patients to seek care elsewhere."
ME-00012,Ultrasound,24541.0,Oasis Health Sirare Medical Centre,Migori,2026-01-12,0.0,0.0,0.0,True,"Usage-reporting discrepancy modeled on the 2026 national MES dialysis audit finding: machine usage counters showed materially more work performed than hospitals' paper registers recorded, by more than 30% in some cases. Maintenance-neglect-to-breakdown pattern modeled on the January 2025 Naivasha sub-county hospital dialysis machine breakdown, which forced patients to seek care elsewhere."
ME-00012,Ultrasound,24541.0,Oasis Health Sirare Medical Centre,Migori,2026-01-19,0.74,0.44,0.4054,True,"Usage-reporting discrepancy modeled on the 2026 national MES dialysis audit finding: machine usage counters showed materially more work performed than hospitals' paper registers recorded, by more than 30% in some cases. Maintenance-neglect-to-breakdown pattern modeled on the January 2025 Naivasha sub-county hospital dialysis machine breakdown, which forced patients to seek care elsewhere."
ME-00012,Ultrasound,24541.0,Oasis Health Sirare Medical Centre,Migori,2026-01-26,1.41,0.74,0.4752,True,"Usage-reporting discrepancy modeled on the 2026 national MES dialysis audit finding: machine usage counters showed materially more work performed than hospitals' paper registers recorded, by more than 30% in some cases. Maintenance-neglect-to-breakdown pattern modeled on the January 2025 Naivasha sub-county hospital dialysis machine breakdown, which forced patients to seek care elsewhere."
ME-00012,Ultrasound,24541.0,Oasis Health Sirare Medical Centre,Migori,2026-02-02,8.03,5.1,0.3649,True,"Usage-reporting discrepancy modeled on the 2026 national MES dialysis audit finding: machine usage counters showed materially more work performed than hospitals' paper registers recorded, by more than 30% in some cases. Maintenance-neglect-to-breakdown pattern modeled on the January 2025 Naivasha sub-county hospital dialysis machine breakdown, which forced patients to seek care elsewhere."
ME-00012,Ultrasound,24541.0,Oasis Health Sirare Medical Centre,Migori,2026-02-09,3.58,2.21,0.3827,True,"Usage-reporting discrepancy modeled on the 2026 national MES dialysis audit finding: machine usage counters showed materially more work performed than hospitals' paper registers recorded, by more than 30% in some cases. Maintenance-neglect-to-breakdown pattern modeled on the January 2025 Naivasha sub-county hospital dialysis machine breakdown, which forced patients to seek care elsewhere."
ME-00012,Ultrasound,24541.0,Oasis Health Sirare Medical Centre,Migori,2026-02-16,3.38,1.82,0.4615,True,"Usage-reporting discrepancy modeled on the 2026 national MES dialysis audit finding: machine usage counters showed materially more work performed than hospitals' paper registers recorded, by more than 30% in some cases. Maintenance-neglect-to-breakdown pattern modeled on the January 2025 Naivasha sub-county hospital dialysis machine breakdown, which forced patients to seek care elsewhere."
ME-00012,Ultrasound,24541.0,Oasis Health Sirare Medical Centre,Migori,2026-02-23,12.5,7.73,0.3816,True,"Usage-reporting discrepancy modeled on the 2026 national MES dialysis audit finding: machine usage counters showed materially more work performed than hospitals' paper registers recorded, by more than 30% in some cases. Maintenance-neglect-to-breakdown pattern modeled on the January 2025 Naivasha sub-county hospital dialysis machine breakdown, which forced patients to seek care elsewhere."
ME-00012,Ultrasound,24541.0,Oasis Health Sirare Medical Centre,Migori,2026-03-02,0.0,0.0,0.0,True,"Usage-reporting discrepancy modeled on the 2026 national MES dialysis audit finding: machine usage counters showed materially more work performed than hospitals' paper registers recorded, by more than 30% in some cases. Maintenance-neglect-to-breakdown pattern modeled on the January 2025 Naivasha sub-county hospital dialysis machine breakdown, which forced patients to seek care elsewhere."
ME-00012,Ultrasound,24541.0,Oasis Health Sirare Medical Centre,Migori,2026-03-09,0.0,0.0,0.0,True,"Usage-reporting discrepancy modeled on the 2026 national MES dialysis audit finding: machine usage counters showed materially more work performed than hospitals' paper registers recorded, by more than 30% in some cases. Maintenance-neglect-to-breakdown pattern modeled on the January 2025 Naivasha sub-county hospital dialysis machine breakdown, which forced patients to seek care elsewhere."
ME-00012,Ultrasound,24541.0,Oasis Health Sirare Medical Centre,Migori,2026-03-16,0.0,0.0,0.0,True,"Usage-reporting discrepancy modeled on the 2026 national MES dialysis audit finding: machine usage counters showed materially more work performed than hospitals' paper registers recorded, by more than 30% in some cases. Maintenance-neglect-to-breakdown pattern modeled on the January 2025 Naivasha sub-county hospital dialysis machine breakdown, which forced patients to seek care elsewhere."
ME-00012,Ultrasound,24541.0,Oasis Health Sirare Medical Centre,Migori,2026-03-23,2.98,1.92,0.3557,True,"Usage-reporting discrepancy modeled on the 2026 national MES dialysis audit finding: machine usage counters showed materially more work performed than hospitals' paper registers recorded, by more than 30% in some cases. Maintenance-neglect-to-breakdown pattern modeled on the January 2025 Naivasha sub-county hospital dialysis machine breakdown, which forced patients to seek care elsewhere."
ME-00012,Ultrasound,24541.0,Oasis Health Sirare Medical Centre,Migori,2026-03-30,0.0,0.0,0.0,True,"Usage-reporting discrepancy modeled on the 2026 national MES dialysis audit finding: machine usage counters showed materially more work performed than hospitals' paper registers recorded, by more than 30% in some cases. Maintenance-neglect-to-breakdown pattern modeled on the January 2025 Naivasha sub-county hospital dialysis machine breakdown, which forced patients to seek care elsewhere."
ME-00013,X-Ray,24772.0,ChanF Community& Family Health Services,Kajiado,2025-12-29,0.61,0.52,0.1475,True,"Usage-reporting discrepancy modeled on the 2026 national MES dialysis audit finding: machine usage counters showed materially more work performed than hospitals' paper registers recorded, by more than 30% in some cases."
ME-00013,X-Ray,24772.0,ChanF Community& Family Health Services,Kajiado,2026-01-05,2.1,1.88,0.1048,True,"Usage-reporting discrepancy modeled on the 2026 national MES dialysis audit finding: machine usage counters showed materially more work performed than hospitals' paper registers recorded, by more than 30% in some cases."
ME-00013,X-Ray,24772.0,ChanF Community& Family Health Services,Kajiado,2026-01-12,4.97,4.41,0.1127,True,"Usage-reporting discrepancy modeled on the 2026 national MES dialysis audit finding: machine usage counters showed materially more work performed than hospitals' paper registers recorded, by more than 30% in some cases."
ME-00013,X-Ray,24772.0,ChanF Community& Family Health Services,Kajiado,2026-01-19,3.85,3.24,0.1584,True,"Usage-reporting discrepancy modeled on the 2026 national MES dialysis audit finding: machine usage counters showed materially more work performed than hospitals' paper registers recorded, by more than 30% in some cases."
ME-00013,X-Ray,24772.0,ChanF Community& Family Health Services,Kajiado,2026-01-26,3.33,2.81,0.1562,True,"Usage-reporting discrepancy modeled on the 2026 national MES dialysis audit finding: machine usage counters showed materially more work performed than hospitals' paper registers recorded, by more than 30% in some cases."
ME-00013,X-Ray,24772.0,ChanF Community& Family Health Services,Kajiado,2026-02-02,10.14,8.35,0.1765,True,"Usage-reporting discrepancy modeled on the 2026 national MES dialysis audit finding: machine usage counters showed materially more work performed than hospitals' paper registers recorded, by more than 30% in some cases."
ME-00013,X-Ray,24772.0,ChanF Community& Family Health Services,Kajiado,2026-02-09,3.32,2.75,0.1717,True,"Usage-reporting discrepancy modeled on the 2026 national MES dialysis audit finding: machine usage counters showed materially more work performed than hospitals' paper registers recorded, by more than 30% in some cases."
ME-00013,X-Ray,24772.0,ChanF Community& Family Health Services,Kajiado,2026-02-16,0.0,0.0,0.0,True,"Usage-reporting discrepancy modeled on the 2026 national MES dialysis audit finding: machine usage counters showed materially more work performed than hospitals' paper registers recorded, by more than 30% in some cases."
ME-00013,X-Ray,24772.0,ChanF Community& Family Health Services,Kajiado,2026-02-23,0.0,0.0,0.0,True,"Usage-reporting discrepancy modeled on the 2026 national MES dialysis audit finding: machine usage counters showed materially more work performed than hospitals' paper registers recorded, by more than 30% in some cases."
ME-00013,X-Ray,24772.0,ChanF Community& Family Health Services,Kajiado,2026-03-02,4.08,3.46,0.152,True,"Usage-reporting discrepancy modeled on the 2026 national MES dialysis audit finding: machine usage counters showed materially more work performed than hospitals' paper registers recorded, by more than 30% in some cases."
ME-00013,X-Ray,24772.0,ChanF Community& Family Health Services,Kajiado,2026-03-09,0.0,0.0,0.0,True,"Usage-reporting discrepancy modeled on the 2026 national MES dialysis audit finding: machine usage counters showed materially more work performed than hospitals' paper registers recorded, by more than 30% in some cases."
ME-00013,X-Ray,24772.0,ChanF Community& Family Health Services,Kajiado,2026-03-16,0.0,0.0,0.0,True,"Usage-reporting discrepancy modeled on the 2026 national MES dialysis audit finding: machine usage counters showed materially more work performed than hospitals' paper registers recorded, by more than 30% in some cases."
ME-00013,X-Ray,24772.0,ChanF Community& Family Health Services,Kajiado,2026-03-23,1.35,1.13,0.163,True,"Usage-reporting discrepancy modeled on the 2026 national MES dialysis audit finding: machine usage counters showed materially more work performed than hospitals' paper registers recorded, by more than 30% in some cases."
ME-00013,X-Ray,24772.0,ChanF Community& Family Health Services,Kajiado,2026-03-30,0.0,0.0,0.0,True,"Usage-reporting discrepancy modeled on the 2026 national MES dialysis audit finding: machine usage counters showed materially more work performed than hospitals' paper registers recorded, by more than 30% in some cases."
ME-00014,Ultrasound,21805.0,Jirani Diagnostic Centre Machakos,Machakos,2025-12-29,1.24,0.98,0.2097,True,"Usage-reporting discrepancy modeled on the 2026 national MES dialysis audit finding: machine usage counters showed materially more work performed than hospitals' paper registers recorded, by more than 30% in some cases."
ME-00014,Ultrasound,21805.0,Jirani Diagnostic Centre Machakos,Machakos,2026-01-05,1.91,1.39,0.2723,True,"Usage-reporting discrepancy modeled on the 2026 national MES dialysis audit finding: machine usage counters showed materially more work performed than hospitals' paper registers recorded, by more than 30% in some cases."
ME-00014,Ultrasound,21805.0,Jirani Diagnostic Centre Machakos,Machakos,2026-01-12,2.01,1.68,0.1642,True,"Usage-reporting discrepancy modeled on the 2026 national MES dialysis audit finding: machine usage counters showed materially more work performed than hospitals' paper registers recorded, by more than 30% in some cases."
ME-00014,Ultrasound,21805.0,Jirani Diagnostic Centre Machakos,Machakos,2026-01-19,0.0,0.0,0.0,True,"Usage-reporting discrepancy modeled on the 2026 national MES dialysis audit finding: machine usage counters showed materially more work performed than hospitals' paper registers recorded, by more than 30% in some cases."
ME-00014,Ultrasound,21805.0,Jirani Diagnostic Centre Machakos,Machakos,2026-01-26,2.47,1.82,0.2632,True,"Usage-reporting discrepancy modeled on the 2026 national MES dialysis audit finding: machine usage counters showed materially more work performed than hospitals' paper registers recorded, by more than 30% in some cases."
ME-00014,Ultrasound,21805.0,Jirani Diagnostic Centre Machakos,Machakos,2026-02-02,0.0,0.0,0.0,True,"Usage-reporting discrepancy modeled on the 2026 national MES dialysis audit finding: machine usage counters showed materially more work performed than hospitals' paper registers recorded, by more than 30% in some cases."
ME-00014,Ultrasound,21805.0,Jirani Diagnostic Centre Machakos,Machakos,2026-02-09,7.96,5.89,0.2601,True,"Usage-reporting discrepancy modeled on the 2026 national MES dialysis audit finding: machine usage counters showed materially more work performed than hospitals' paper registers recorded, by more than 30% in some cases."
ME-00014,Ultrasound,21805.0,Jirani Diagnostic Centre Machakos,Machakos,2026-02-16,10.05,7.92,0.2119,True,"Usage-reporting discrepancy modeled on the 2026 national MES dialysis audit finding: machine usage counters showed materially more work performed than hospitals' paper registers recorded, by more than 30% in some cases."
ME-00014,Ultrasound,21805.0,Jirani Diagnostic Centre Machakos,Machakos,2026-02-23,0.63,0.54,0.1429,True,"Usage-reporting discrepancy modeled on the 2026 national MES dialysis audit finding: machine usage counters showed materially more work performed than hospitals' paper registers recorded, by more than 30% in some cases."
ME-00014,Ultrasound,21805.0,Jirani Diagnostic Centre Machakos,Machakos,2026-03-02,0.0,0.0,0.0,True,"Usage-reporting discrepancy modeled on the 2026 national MES dialysis audit finding: machine usage counters showed materially more work performed than hospitals' paper registers recorded, by more than 30% in some cases."
ME-00014,Ultrasound,21805.0,Jirani Diagnostic Centre Machakos,Machakos,2026-03-09,4.44,3.96,0.1081,True,"Usage-reporting discrepancy modeled on the 2026 national MES dialysis audit finding: machine usage counters showed materially more work performed than hospitals' paper registers recorded, by more than 30% in some cases."
ME-00014,Ultrasound,21805.0,Jirani Diagnostic Centre Machakos,Machakos,2026-03-16,12.54,9.57,0.2368,True,"Usage-reporting discrepancy modeled on the 2026 national MES dialysis audit finding: machine usage counters showed materially more work performed than hospitals' paper registers recorded, by more than 30% in some cases."
ME-00014,Ultrasound,21805.0,Jirani Diagnostic Centre Machakos,Machakos,2026-03-23,0.0,0.0,0.0,True,"Usage-reporting discrepancy modeled on the 2026 national MES dialysis audit finding: machine usage counters showed materially more work performed than hospitals' paper registers recorded, by more than 30% in some cases."
ME-00014,Ultrasound,21805.0,Jirani Diagnostic Centre Machakos,Machakos,2026-03-30,0.0,0.0,0.0,True,"Usage-reporting discrepancy modeled on the 2026 national MES dialysis audit finding: machine usage counters showed materially more work performed than hospitals' paper registers recorded, by more than 30% in some cases."
ME-00015,X-Ray,16012.0,Mbale Rural Health Training Centre,Vihiga,2025-12-29,0.82,1.08,-0.3171,False,
ME-00015,X-Ray,16012.0,Mbale Rural Health Training Centre,Vihiga,2026-01-05,0.09,0.14,-0.5556,False,
ME-00015,X-Ray,16012.0,Mbale Rural Health Training Centre,Vihiga,2026-01-12,0.0,1.59,0.0,False,
ME-00015,X-Ray,16012.0,Mbale Rural Health Training Centre,Vihiga,2026-01-19,1.91,3.19,-0.6702,False,
ME-00015,X-Ray,16012.0,Mbale Rural Health Training Centre,Vihiga,2026-01-26,0.0,0.28,0.0,False,
ME-00015,X-Ray,16012.0,Mbale Rural Health Training Centre,Vihiga,2026-02-02,2.24,0.6,0.7321,False,
ME-00015,X-Ray,16012.0,Mbale Rural Health Training Centre,Vihiga,2026-02-09,0.0,0.2,0.0,False,
ME-00015,X-Ray,16012.0,Mbale Rural Health Training Centre,Vihiga,2026-02-16,0.0,0.26,0.0,False,
ME-00015,X-Ray,16012.0,Mbale Rural Health Training Centre,Vihiga,2026-02-23,0.52,0.46,0.1154,False,
ME-00015,X-Ray,16012.0,Mbale Rural Health Training Centre,Vihiga,2026-03-02,0.0,0.25,0.0,False,
ME-00015,X-Ray,16012.0,Mbale Rural Health Training Centre,Vihiga,2026-03-09,8.13,7.72,0.0504,False,
ME-00015,X-Ray,16012.0,Mbale Rural Health Training Centre,Vihiga,2026-03-16,0.0,0.0,0.0,False,
ME-00015,X-Ray,16012.0,Mbale Rural Health Training Centre,Vihiga,2026-03-23,0.0,0.65,0.0,False,
ME-00015,X-Ray,16012.0,Mbale Rural Health Training Centre,Vihiga,2026-03-30,3.04,3.1,-0.0197,False,
ME-00016,CT,12867.0,Aga Khan Hospital,Nairobi,2025-12-29,0.76,0.0,1.0,False,
ME-00016,CT,12867.0,Aga Khan Hospital,Nairobi,2026-01-05,1.37,1.51,-0.1022,False,
ME-00016,CT,12867.0,Aga Khan Hospital,Nairobi,2026-01-12,1.73,2.17,-0.2543,False,
ME-00016,CT,12867.0,Aga Khan Hospital,Nairobi,2026-01-19,0.0,0.0,0.0,False,
ME-00016,CT,12867.0,Aga Khan Hospital,Nairobi,2026-01-26,0.0,0.0,0.0,False,
ME-00016,CT,12867.0,Aga Khan Hospital,Nairobi,2026-02-02,4.87,4.95,-0.0164,False,
ME-00016,CT,12867.0,Aga Khan Hospital,Nairobi,2026-02-09,0.96,1.56,-0.625,False,
ME-00016,CT,12867.0,Aga Khan Hospital,Nairobi,2026-02-16,0.0,0.9,0.0,False,
ME-00016,CT,12867.0,Aga Khan Hospital,Nairobi,2026-02-23,3.54,4.01,-0.1328,False,
ME-00016,CT,12867.0,Aga Khan Hospital,Nairobi,2026-03-02,0.0,0.0,0.0,False,
ME-00016,CT,12867.0,Aga Khan Hospital,Nairobi,2026-03-09,10.01,10.15,-0.014,False,
ME-00016,CT,12867.0,Aga Khan Hospital,Nairobi,2026-03-16,6.89,6.41,0.0697,False,
ME-00016,CT,12867.0,Aga Khan Hospital,Nairobi,2026-03-23,1.77,1.14,0.3559,False,
ME-00016,CT,12867.0,Aga Khan Hospital,Nairobi,2026-03-30,22.64,20.29,0.1038,False,
ME-00017,MRI,25045.0,Mwai Kibaki Teaching and Referral Hospital,Nyeri,2025-12-29,0.35,0.34,0.0286,False,
ME-00017,MRI,25045.0,Mwai Kibaki Teaching and Referral Hospital,Nyeri,2026-01-05,2.71,4.18,-0.5424,False,
ME-00017,MRI,25045.0,Mwai Kibaki Teaching and Referral Hospital,Nyeri,2026-01-12,1.66,0.47,0.7169,False,
ME-00017,MRI,25045.0,Mwai Kibaki Teaching and Referral Hospital,Nyeri,2026-01-19,4.51,4.47,0.0089,False,
ME-00017,MRI,25045.0,Mwai Kibaki Teaching and Referral Hospital,Nyeri,2026-01-26,1.87,2.9,-0.5508,False,
ME-00017,MRI,25045.0,Mwai Kibaki Teaching and Referral Hospital,Nyeri,2026-02-02,0.78,0.72,0.0769,False,
ME-00017,MRI,25045.0,Mwai Kibaki Teaching and Referral Hospital,Nyeri,2026-02-09,10.35,8.53,0.1758,False,
ME-00017,MRI,25045.0,Mwai Kibaki Teaching and Referral Hospital,Nyeri,2026-02-16,9.33,9.03,0.0322,False,
ME-00017,MRI,25045.0,Mwai Kibaki Teaching and Referral Hospital,Nyeri,2026-02-23,3.86,4.48,-0.1606,False,
ME-00017,MRI,25045.0,Mwai Kibaki Teaching and Referral Hospital,Nyeri,2026-03-02,2.59,2.69,-0.0386,False,
ME-00017,MRI,25045.0,Mwai Kibaki Teaching and Referral Hospital,Nyeri,2026-03-09,1.1,1.13,-0.0273,False,
ME-00017,MRI,25045.0,Mwai Kibaki Teaching and Referral Hospital,Nyeri,2026-03-16,0.0,0.0,0.0,False,
ME-00017,MRI,25045.0,Mwai Kibaki Teaching and Referral Hospital,Nyeri,2026-03-23,0.0,0.0,0.0,False,
ME-00017,MRI,25045.0,Mwai Kibaki Teaching and Referral Hospital,Nyeri,2026-03-30,0.0,0.42,0.0,False,
ME-00018,Hemodialysis,11411.0,Hola District Hospital,Tana River,2025-12-29,0.46,0.71,-0.5435,False,
ME-00018,Hemodialysis,11411.0,Hola District Hospital,Tana River,2026-01-05,1.79,1.35,0.2458,False,
ME-00018,Hemodialysis,11411.0,Hola District Hospital,Tana River,2026-01-12,1.51,2.18,-0.4437,False,
ME-00018,Hemodialysis,11411.0,Hola District Hospital,Tana River,2026-01-19,0.84,2.19,-1.6071,False,
ME-00018,Hemodialysis,11411.0,Hola District Hospital,Tana River,2026-01-26,0.0,0.0,0.0,False,
ME-00018,Hemodialysis,11411.0,Hola District Hospital,Tana River,2026-02-02,0.0,0.14,0.0,False,
ME-00018,Hemodialysis,11411.0,Hola District Hospital,Tana River,2026-02-09,3.25,1.63,0.4985,False,
ME-00018,Hemodialysis,11411.0,Hola District Hospital,Tana River,2026-02-16,1.56,0.0,1.0,False,
ME-00018,Hemodialysis,11411.0,Hola District Hospital,Tana River,2026-02-23,10.83,12.27,-0.133,False,
ME-00018,Hemodialysis,11411.0,Hola District Hospital,Tana River,2026-03-02,8.64,8.42,0.0255,False,
ME-00018,Hemodialysis,11411.0,Hola District Hospital,Tana River,2026-03-09,9.06,9.26,-0.0221,False,
ME-00018,Hemodialysis,11411.0,Hola District Hospital,Tana River,2026-03-16,0.0,1.02,0.0,False,
ME-00018,Hemodialysis,11411.0,Hola District Hospital,Tana River,2026-03-23,0.0,0.0,0.0,False,
ME-00018,Hemodialysis,11411.0,Hola District Hospital,Tana River,2026-03-30,11.34,12.34,-0.0882,False,
ME-00019,Ultrasound,18761.0,Spa Nursing Home,Kiambu,2025-12-29,0.59,0.0,1.0,False,
ME-00019,Ultrasound,18761.0,Spa Nursing Home,Kiambu,2026-01-05,2.51,1.31,0.4781,False,
ME-00019,Ultrasound,18761.0,Spa Nursing Home,Kiambu,2026-01-12,1.18,1.04,0.1186,False,
ME-00019,Ultrasound,18761.0,Spa Nursing Home,Kiambu,2026-01-19,1.25,0.65,0.48,False,
ME-00019,Ultrasound,18761.0,Spa Nursing Home,Kiambu,2026-01-26,1.23,0.23,0.813,False,
ME-00019,Ultrasound,18761.0,Spa Nursing Home,Kiambu,2026-02-02,0.0,1.56,0.0,False,
ME-00019,Ultrasound,18761.0,Spa Nursing Home,Kiambu,2026-02-09,9.09,7.9,0.1309,False,
ME-00019,Ultrasound,18761.0,Spa Nursing Home,Kiambu,2026-02-16,6.79,6.22,0.0839,False,
ME-00019,Ultrasound,18761.0,Spa Nursing Home,Kiambu,2026-02-23,0.0,0.95,0.0,False,
ME-00019,Ultrasound,18761.0,Spa Nursing Home,Kiambu,2026-03-02,7.32,5.62,0.2322,False,
ME-00019,Ultrasound,18761.0,Spa Nursing Home,Kiambu,2026-03-09,8.87,10.05,-0.133,False,
ME-00019,Ultrasound,18761.0,Spa Nursing Home,Kiambu,2026-03-16,2.29,0.95,0.5852,False,
ME-00019,Ultrasound,18761.0,Spa Nursing Home,Kiambu,2026-03-23,0.0,0.0,0.0,False,
ME-00019,Ultrasound,18761.0,Spa Nursing Home,Kiambu,2026-03-30,0.23,1.99,-7.6522,False,
ME-00020,Anesthesia,25454.0,Mediforte Hospital Limited,Kisii,2025-12-29,1.81,1.54,0.1492,True,"Usage-reporting discrepancy modeled on the 2026 national MES dialysis audit finding: machine usage counters showed materially more work performed than hospitals' paper registers recorded, by more than 30% in some cases."
ME-00020,Anesthesia,25454.0,Mediforte Hospital Limited,Kisii,2026-01-05,1.76,1.45,0.1761,True,"Usage-reporting discrepancy modeled on the 2026 national MES dialysis audit finding: machine usage counters showed materially more work performed than hospitals' paper registers recorded, by more than 30% in some cases."
ME-00020,Anesthesia,25454.0,Mediforte Hospital Limited,Kisii,2026-01-12,2.88,2.19,0.2396,True,"Usage-reporting discrepancy modeled on the 2026 national MES dialysis audit finding: machine usage counters showed materially more work performed than hospitals' paper registers recorded, by more than 30% in some cases."
ME-00020,Anesthesia,25454.0,Mediforte Hospital Limited,Kisii,2026-01-19,0.0,0.0,0.0,True,"Usage-reporting discrepancy modeled on the 2026 national MES dialysis audit finding: machine usage counters showed materially more work performed than hospitals' paper registers recorded, by more than 30% in some cases."
ME-00020,Anesthesia,25454.0,Mediforte Hospital Limited,Kisii,2026-01-26,0.0,0.0,0.0,True,"Usage-reporting discrepancy modeled on the 2026 national MES dialysis audit finding: machine usage counters showed materially more work performed than hospitals' paper registers recorded, by more than 30% in some cases."
ME-00020,Anesthesia,25454.0,Mediforte Hospital Limited,Kisii,2026-02-02,7.16,5.94,0.1704,True,"Usage-reporting discrepancy modeled on the 2026 national MES dialysis audit finding: machine usage counters showed materially more work performed than hospitals' paper registers recorded, by more than 30% in some cases."
ME-00020,Anesthesia,25454.0,Mediforte Hospital Limited,Kisii,2026-02-09,0.19,0.16,0.1579,True,"Usage-reporting discrepancy modeled on the 2026 national MES dialysis audit finding: machine usage counters showed materially more work performed than hospitals' paper registers recorded, by more than 30% in some cases."
ME-00020,Anesthesia,25454.0,Mediforte Hospital Limited,Kisii,2026-02-16,0.0,0.0,0.0,True,"Usage-reporting discrepancy modeled on the 2026 national MES dialysis audit finding: machine usage counters showed materially more work performed than hospitals' paper registers recorded, by more than 30% in some cases."
ME-00020,Anesthesia,25454.0,Mediforte Hospital Limited,Kisii,2026-02-23,9.31,7.91,0.1504,True,"Usage-reporting discrepancy modeled on the 2026 national MES dialysis audit finding: machine usage counters showed materially more work performed than hospitals' paper registers recorded, by more than 30% in some cases."
ME-00020,Anesthesia,25454.0,Mediforte Hospital Limited,Kisii,2026-03-02,6.54,5.66,0.1346,True,"Usage-reporting discrepancy modeled on the 2026 national MES dialysis audit finding: machine usage counters showed materially more work performed than hospitals' paper registers recorded, by more than 30% in some cases."
ME-00020,Anesthesia,25454.0,Mediforte Hospital Limited,Kisii,2026-03-09,0.0,0.0,0.0,True,"Usage-reporting discrepancy modeled on the 2026 national MES dialysis audit finding: machine usage counters showed materially more work performed than hospitals' paper registers recorded, by more than 30% in some cases."
ME-00020,Anesthesia,25454.0,Mediforte Hospital Limited,Kisii,2026-03-16,13.99,11.64,0.168,True,"Usage-reporting discrepancy modeled on the 2026 national MES dialysis audit finding: machine usage counters showed materially more work performed than hospitals' paper registers recorded, by more than 30% in some cases."
ME-00020,Anesthesia,25454.0,Mediforte Hospital Limited,Kisii,2026-03-23,0.0,0.0,0.0,True,"Usage-reporting discrepancy modeled on the 2026 national MES dialysis audit finding: machine usage counters showed materially more work performed than hospitals' paper registers recorded, by more than 30% in some cases."
ME-00020,Anesthesia,25454.0,Mediforte Hospital Limited,Kisii,2026-03-30,0.0,0.0,0.0,True,"Usage-reporting discrepancy modeled on the 2026 national MES dialysis audit finding: machine usage counters showed materially more work performed than hospitals' paper registers recorded, by more than 30% in some cases."
ME-00021,Hemodialysis,14139.0,Tabaka Mission Hospital,Kisii,2025-12-29,1.14,1.01,0.114,True,"Usage-reporting discrepancy modeled on the 2026 national MES dialysis audit finding: machine usage counters showed materially more work performed than hospitals' paper registers recorded, by more than 30% in some cases. Maintenance-neglect-to-breakdown pattern modeled on the 2025 Kenyatta National Hospital radiotherapy machine failure that disrupted national oncology services."
ME-00021,Hemodialysis,14139.0,Tabaka Mission Hospital,Kisii,2026-01-05,3.18,2.69,0.1541,True,"Usage-reporting discrepancy modeled on the 2026 national MES dialysis audit finding: machine usage counters showed materially more work performed than hospitals' paper registers recorded, by more than 30% in some cases. Maintenance-neglect-to-breakdown pattern modeled on the 2025 Kenyatta National Hospital radiotherapy machine failure that disrupted national oncology services."
ME-00021,Hemodialysis,14139.0,Tabaka Mission Hospital,Kisii,2026-01-12,1.32,1.2,0.0909,True,"Usage-reporting discrepancy modeled on the 2026 national MES dialysis audit finding: machine usage counters showed materially more work performed than hospitals' paper registers recorded, by more than 30% in some cases. Maintenance-neglect-to-breakdown pattern modeled on the 2025 Kenyatta National Hospital radiotherapy machine failure that disrupted national oncology services."
ME-00021,Hemodialysis,14139.0,Tabaka Mission Hospital,Kisii,2026-01-19,5.46,4.6,0.1575,True,"Usage-reporting discrepancy modeled on the 2026 national MES dialysis audit finding: machine usage counters showed materially more work performed than hospitals' paper registers recorded, by more than 30% in some cases. Maintenance-neglect-to-breakdown pattern modeled on the 2025 Kenyatta National Hospital radiotherapy machine failure that disrupted national oncology services."
ME-00021,Hemodialysis,14139.0,Tabaka Mission Hospital,Kisii,2026-01-26,0.0,0.0,0.0,True,"Usage-reporting discrepancy modeled on the 2026 national MES dialysis audit finding: machine usage counters showed materially more work performed than hospitals' paper registers recorded, by more than 30% in some cases. Maintenance-neglect-to-breakdown pattern modeled on the 2025 Kenyatta National Hospital radiotherapy machine failure that disrupted national oncology services."
ME-00021,Hemodialysis,14139.0,Tabaka Mission Hospital,Kisii,2026-02-02,5.25,4.75,0.0952,True,"Usage-reporting discrepancy modeled on the 2026 national MES dialysis audit finding: machine usage counters showed materially more work performed than hospitals' paper registers recorded, by more than 30% in some cases. Maintenance-neglect-to-breakdown pattern modeled on the 2025 Kenyatta National Hospital radiotherapy machine failure that disrupted national oncology services."
ME-00021,Hemodialysis,14139.0,Tabaka Mission Hospital,Kisii,2026-02-09,0.0,0.0,0.0,True,"Usage-reporting discrepancy modeled on the 2026 national MES dialysis audit finding: machine usage counters showed materially more work performed than hospitals' paper registers recorded, by more than 30% in some cases. Maintenance-neglect-to-breakdown pattern modeled on the 2025 Kenyatta National Hospital radiotherapy machine failure that disrupted national oncology services."
ME-00021,Hemodialysis,14139.0,Tabaka Mission Hospital,Kisii,2026-02-16,0.42,0.4,0.0476,True,"Usage-reporting discrepancy modeled on the 2026 national MES dialysis audit finding: machine usage counters showed materially more work performed than hospitals' paper registers recorded, by more than 30% in some cases. Maintenance-neglect-to-breakdown pattern modeled on the 2025 Kenyatta National Hospital radiotherapy machine failure that disrupted national oncology services."
ME-00021,Hemodialysis,14139.0,Tabaka Mission Hospital,Kisii,2026-02-23,0.0,0.0,0.0,True,"Usage-reporting discrepancy modeled on the 2026 national MES dialysis audit finding: machine usage counters showed materially more work performed than hospitals' paper registers recorded, by more than 30% in some cases. Maintenance-neglect-to-breakdown pattern modeled on the 2025 Kenyatta National Hospital radiotherapy machine failure that disrupted national oncology services."
ME-00021,Hemodialysis,14139.0,Tabaka Mission Hospital,Kisii,2026-03-02,19.02,17.1,0.1009,True,"Usage-reporting discrepancy modeled on the 2026 national MES dialysis audit finding: machine usage counters showed materially more work performed than hospitals' paper registers recorded, by more than 30% in some cases. Maintenance-neglect-to-breakdown pattern modeled on the 2025 Kenyatta National Hospital radiotherapy machine failure that disrupted national oncology services."
ME-00021,Hemodialysis,14139.0,Tabaka Mission Hospital,Kisii,2026-03-09,0.0,0.0,0.0,True,"Usage-reporting discrepancy modeled on the 2026 national MES dialysis audit finding: machine usage counters showed materially more work performed than hospitals' paper registers recorded, by more than 30% in some cases. Maintenance-neglect-to-breakdown pattern modeled on the 2025 Kenyatta National Hospital radiotherapy machine failure that disrupted national oncology services."
ME-00021,Hemodialysis,14139.0,Tabaka Mission Hospital,Kisii,2026-03-16,0.0,0.0,0.0,True,"Usage-reporting discrepancy modeled on the 2026 national MES dialysis audit finding: machine usage counters showed materially more work performed than hospitals' paper registers recorded, by more than 30% in some cases. Maintenance-neglect-to-breakdown pattern modeled on the 2025 Kenyatta National Hospital radiotherapy machine failure that disrupted national oncology services."
ME-00021,Hemodialysis,14139.0,Tabaka Mission Hospital,Kisii,2026-03-23,0.31,0.24,0.2258,True,"Usage-reporting discrepancy modeled on the 2026 national MES dialysis audit finding: machine usage counters showed materially more work performed than hospitals' paper registers recorded, by more than 30% in some cases. Maintenance-neglect-to-breakdown pattern modeled on the 2025 Kenyatta National Hospital radiotherapy machine failure that disrupted national oncology services."
ME-00021,Hemodialysis,14139.0,Tabaka Mission Hospital,Kisii,2026-03-30,0.0,0.0,0.0,True,"Usage-reporting discrepancy modeled on the 2026 national MES dialysis audit finding: machine usage counters showed materially more work performed than hospitals' paper registers recorded, by more than 30% in some cases. Maintenance-neglect-to-breakdown pattern modeled on the 2025 Kenyatta National Hospital radiotherapy machine failure that disrupted national oncology services."
ME-00022,Anesthesia,23542.0,St.Marys Mother & Child Hospital (Kiambu Town ),Kiambu,2025-12-29,0.92,1.9,-1.0652,False,
ME-00022,Anesthesia,23542.0,St.Marys Mother & Child Hospital (Kiambu Town ),Kiambu,2026-01-05,2.87,2.41,0.1603,False,
ME-00022,Anesthesia,23542.0,St.Marys Mother & Child Hospital (Kiambu Town ),Kiambu,2026-01-12,2.56,0.74,0.7109,False,
ME-00022,Anesthesia,23542.0,St.Marys Mother & Child Hospital (Kiambu Town ),Kiambu,2026-01-19,3.59,4.18,-0.1643,False,
ME-00022,Anesthesia,23542.0,St.Marys Mother & Child Hospital (Kiambu Town ),Kiambu,2026-01-26,2.44,3.81,-0.5615,False,
ME-00022,Anesthesia,23542.0,St.Marys Mother & Child Hospital (Kiambu Town ),Kiambu,2026-02-02,0.0,0.0,0.0,False,
ME-00022,Anesthesia,23542.0,St.Marys Mother & Child Hospital (Kiambu Town ),Kiambu,2026-02-09,0.0,1.0,0.0,False,
ME-00022,Anesthesia,23542.0,St.Marys Mother & Child Hospital (Kiambu Town ),Kiambu,2026-02-16,0.0,0.0,0.0,False,
ME-00022,Anesthesia,23542.0,St.Marys Mother & Child Hospital (Kiambu Town ),Kiambu,2026-02-23,0.0,1.05,0.0,False,
ME-00022,Anesthesia,23542.0,St.Marys Mother & Child Hospital (Kiambu Town ),Kiambu,2026-03-02,0.0,0.02,0.0,False,
ME-00022,Anesthesia,23542.0,St.Marys Mother & Child Hospital (Kiambu Town ),Kiambu,2026-03-09,0.0,0.0,0.0,False,
ME-00022,Anesthesia,23542.0,St.Marys Mother & Child Hospital (Kiambu Town ),Kiambu,2026-03-16,0.0,0.74,0.0,False,
ME-00022,Anesthesia,23542.0,St.Marys Mother & Child Hospital (Kiambu Town ),Kiambu,2026-03-23,0.0,0.67,0.0,False,
ME-00022,Anesthesia,23542.0,St.Marys Mother & Child Hospital (Kiambu Town ),Kiambu,2026-03-30,9.92,10.09,-0.0171,False,
ME-00023,Hemodialysis,13380.0,Khorof Harar Sub-District Hospital,Wajir,2025-12-29,1.49,1.09,0.2685,True,"Usage-reporting discrepancy modeled on the 2026 national MES dialysis audit finding: machine usage counters showed materially more work performed than hospitals' paper registers recorded, by more than 30% in some cases."
ME-00023,Hemodialysis,13380.0,Khorof Harar Sub-District Hospital,Wajir,2026-01-05,0.0,0.0,0.0,True,"Usage-reporting discrepancy modeled on the 2026 national MES dialysis audit finding: machine usage counters showed materially more work performed than hospitals' paper registers recorded, by more than 30% in some cases."
ME-00023,Hemodialysis,13380.0,Khorof Harar Sub-District Hospital,Wajir,2026-01-12,5.24,3.39,0.3531,True,"Usage-reporting discrepancy modeled on the 2026 national MES dialysis audit finding: machine usage counters showed materially more work performed than hospitals' paper registers recorded, by more than 30% in some cases."
ME-00023,Hemodialysis,13380.0,Khorof Harar Sub-District Hospital,Wajir,2026-01-19,0.0,0.0,0.0,True,"Usage-reporting discrepancy modeled on the 2026 national MES dialysis audit finding: machine usage counters showed materially more work performed than hospitals' paper registers recorded, by more than 30% in some cases."
ME-00023,Hemodialysis,13380.0,Khorof Harar Sub-District Hospital,Wajir,2026-01-26,2.3,1.33,0.4217,True,"Usage-reporting discrepancy modeled on the 2026 national MES dialysis audit finding: machine usage counters showed materially more work performed than hospitals' paper registers recorded, by more than 30% in some cases."
ME-00023,Hemodialysis,13380.0,Khorof Harar Sub-District Hospital,Wajir,2026-02-02,5.97,3.79,0.3652,True,"Usage-reporting discrepancy modeled on the 2026 national MES dialysis audit finding: machine usage counters showed materially more work performed than hospitals' paper registers recorded, by more than 30% in some cases."
ME-00023,Hemodialysis,13380.0,Khorof Harar Sub-District Hospital,Wajir,2026-02-09,0.96,0.58,0.3958,True,"Usage-reporting discrepancy modeled on the 2026 national MES dialysis audit finding: machine usage counters showed materially more work performed than hospitals' paper registers recorded, by more than 30% in some cases."
ME-00023,Hemodialysis,13380.0,Khorof Harar Sub-District Hospital,Wajir,2026-02-16,2.89,1.94,0.3287,True,"Usage-reporting discrepancy modeled on the 2026 national MES dialysis audit finding: machine usage counters showed materially more work performed than hospitals' paper registers recorded, by more than 30% in some cases."
ME-00023,Hemodialysis,13380.0,Khorof Harar Sub-District Hospital,Wajir,2026-02-23,1.29,0.93,0.2791,True,"Usage-reporting discrepancy modeled on the 2026 national MES dialysis audit finding: machine usage counters showed materially more work performed than hospitals' paper registers recorded, by more than 30% in some cases."
ME-00023,Hemodialysis,13380.0,Khorof Harar Sub-District Hospital,Wajir,2026-03-02,0.0,0.0,0.0,True,"Usage-reporting discrepancy modeled on the 2026 national MES dialysis audit finding: machine usage counters showed materially more work performed than hospitals' paper registers recorded, by more than 30% in some cases."
ME-00023,Hemodialysis,13380.0,Khorof Harar Sub-District Hospital,Wajir,2026-03-09,13.9,8.29,0.4036,True,"Usage-reporting discrepancy modeled on the 2026 national MES dialysis audit finding: machine usage counters showed materially more work performed than hospitals' paper registers recorded, by more than 30% in some cases."
ME-00023,Hemodialysis,13380.0,Khorof Harar Sub-District Hospital,Wajir,2026-03-16,16.63,10.28,0.3818,True,"Usage-reporting discrepancy modeled on the 2026 national MES dialysis audit finding: machine usage counters showed materially more work performed than hospitals' paper registers recorded, by more than 30% in some cases."
ME-00023,Hemodialysis,13380.0,Khorof Harar Sub-District Hospital,Wajir,2026-03-23,3.81,2.3,0.3963,True,"Usage-reporting discrepancy modeled on the 2026 national MES dialysis audit finding: machine usage counters showed materially more work performed than hospitals' paper registers recorded, by more than 30% in some cases."
ME-00023,Hemodialysis,13380.0,Khorof Harar Sub-District Hospital,Wajir,2026-03-30,10.14,6.98,0.3116,True,"Usage-reporting discrepancy modeled on the 2026 national MES dialysis audit finding: machine usage counters showed materially more work performed than hospitals' paper registers recorded, by more than 30% in some cases."
ME-00024,X-Ray,14088.0,Simba Opepo Health Centre,Kisumu,2025-12-29,1.15,0.68,0.4087,True,"Usage-reporting discrepancy modeled on the 2026 national MES dialysis audit finding: machine usage counters showed materially more work performed than hospitals' paper registers recorded, by more than 30% in some cases."
ME-00024,X-Ray,14088.0,Simba Opepo Health Centre,Kisumu,2026-01-05,1.81,1.14,0.3702,True,"Usage-reporting discrepancy modeled on the 2026 national MES dialysis audit finding: machine usage counters showed materially more work performed than hospitals' paper registers recorded, by more than 30% in some cases."
ME-00024,X-Ray,14088.0,Simba Opepo Health Centre,Kisumu,2026-01-12,0.82,0.54,0.3415,True,"Usage-reporting discrepancy modeled on the 2026 national MES dialysis audit finding: machine usage counters showed materially more work performed than hospitals' paper registers recorded, by more than 30% in some cases."
ME-00024,X-Ray,14088.0,Simba Opepo Health Centre,Kisumu,2026-01-19,0.0,0.0,0.0,True,"Usage-reporting discrepancy modeled on the 2026 national MES dialysis audit finding: machine usage counters showed materially more work performed than hospitals' paper registers recorded, by more than 30% in some cases."
ME-00024,X-Ray,14088.0,Simba Opepo Health Centre,Kisumu,2026-01-26,3.83,2.17,0.4334,True,"Usage-reporting discrepancy modeled on the 2026 national MES dialysis audit finding: machine usage counters showed materially more work performed than hospitals' paper registers recorded, by more than 30% in some cases."
ME-00024,X-Ray,14088.0,Simba Opepo Health Centre,Kisumu,2026-02-02,3.92,2.49,0.3648,True,"Usage-reporting discrepancy modeled on the 2026 national MES dialysis audit finding: machine usage counters showed materially more work performed than hospitals' paper registers recorded, by more than 30% in some cases."
ME-00024,X-Ray,14088.0,Simba Opepo Health Centre,Kisumu,2026-02-09,0.0,0.0,0.0,True,"Usage-reporting discrepancy modeled on the 2026 national MES dialysis audit finding: machine usage counters showed materially more work performed than hospitals' paper registers recorded, by more than 30% in some cases."
ME-00024,X-Ray,14088.0,Simba Opepo Health Centre,Kisumu,2026-02-16,4.88,2.8,0.4262,True,"Usage-reporting discrepancy modeled on the 2026 national MES dialysis audit finding: machine usage counters showed materially more work performed than hospitals' paper registers recorded, by more than 30% in some cases."
ME-00024,X-Ray,14088.0,Simba Opepo Health Centre,Kisumu,2026-02-23,0.0,0.0,0.0,True,"Usage-reporting discrepancy modeled on the 2026 national MES dialysis audit finding: machine usage counters showed materially more work performed than hospitals' paper registers recorded, by more than 30% in some cases."
ME-00024,X-Ray,14088.0,Simba Opepo Health Centre,Kisumu,2026-03-02,0.0,0.0,0.0,True,"Usage-reporting discrepancy modeled on the 2026 national MES dialysis audit finding: machine usage counters showed materially more work performed than hospitals' paper registers recorded, by more than 30% in some cases."
ME-00024,X-Ray,14088.0,Simba Opepo Health Centre,Kisumu,2026-03-09,5.48,3.25,0.4069,True,"Usage-reporting discrepancy modeled on the 2026 national MES dialysis audit finding: machine usage counters showed materially more work performed than hospitals' paper registers recorded, by more than 30% in some cases."
ME-00024,X-Ray,14088.0,Simba Opepo Health Centre,Kisumu,2026-03-16,0.0,0.0,0.0,True,"Usage-reporting discrepancy modeled on the 2026 national MES dialysis audit finding: machine usage counters showed materially more work performed than hospitals' paper registers recorded, by more than 30% in some cases."
ME-00024,X-Ray,14088.0,Simba Opepo Health Centre,Kisumu,2026-03-23,0.0,0.0,0.0,True,"Usage-reporting discrepancy modeled on the 2026 national MES dialysis audit finding: machine usage counters showed materially more work performed than hospitals' paper registers recorded, by more than 30% in some cases."
ME-00024,X-Ray,14088.0,Simba Opepo Health Centre,Kisumu,2026-03-30,0.0,0.0,0.0,True,"Usage-reporting discrepancy modeled on the 2026 national MES dialysis audit finding: machine usage counters showed materially more work performed than hospitals' paper registers recorded, by more than 30% in some cases."
ME-00025,X-Ray,22190.0,Kilusi Health Centre,Homa Bay,2025-12-29,1.5,2.15,-0.4333,False,
ME-00025,X-Ray,22190.0,Kilusi Health Centre,Homa Bay,2026-01-05,1.18,2.02,-0.7119,False,
ME-00025,X-Ray,22190.0,Kilusi Health Centre,Homa Bay,2026-01-12,1.02,0.35,0.6569,False,
ME-00025,X-Ray,22190.0,Kilusi Health Centre,Homa Bay,2026-01-19,0.0,0.71,0.0,False,
ME-00025,X-Ray,22190.0,Kilusi Health Centre,Homa Bay,2026-01-26,11.23,10.98,0.0223,False,
ME-00025,X-Ray,22190.0,Kilusi Health Centre,Homa Bay,2026-02-02,4.35,5.47,-0.2575,False,
ME-00025,X-Ray,22190.0,Kilusi Health Centre,Homa Bay,2026-02-09,0.0,0.0,0.0,False,
ME-00025,X-Ray,22190.0,Kilusi Health Centre,Homa Bay,2026-02-16,0.0,0.0,0.0,False,
ME-00025,X-Ray,22190.0,Kilusi Health Centre,Homa Bay,2026-02-23,0.0,0.0,0.0,False,
ME-00025,X-Ray,22190.0,Kilusi Health Centre,Homa Bay,2026-03-02,4.54,4.02,0.1145,False,
ME-00025,X-Ray,22190.0,Kilusi Health Centre,Homa Bay,2026-03-09,5.96,5.68,0.047,False,
ME-00025,X-Ray,22190.0,Kilusi Health Centre,Homa Bay,2026-03-16,0.52,0.39,0.25,False,
ME-00025,X-Ray,22190.0,Kilusi Health Centre,Homa Bay,2026-03-23,1.7,0.62,0.6353,False,
ME-00025,X-Ray,22190.0,Kilusi Health Centre,Homa Bay,2026-03-30,0.0,0.47,0.0,False,
ME-00026,X-Ray,13461.0,Abidha Health Centre,Siaya,2025-12-29,0.39,0.22,0.4359,False,
ME-00026,X-Ray,13461.0,Abidha Health Centre,Siaya,2026-01-05,0.5,0.07,0.86,False,
ME-00026,X-Ray,13461.0,Abidha Health Centre,Siaya,2026-01-12,0.0,0.0,0.0,False,
ME-00026,X-Ray,13461.0,Abidha Health Centre,Siaya,2026-01-19,0.0,0.3,0.0,False,
ME-00026,X-Ray,13461.0,Abidha Health Centre,Siaya,2026-01-26,1.76,3.0,-0.7045,False,
ME-00026,X-Ray,13461.0,Abidha Health Centre,Siaya,2026-02-02,3.16,1.2,0.6203,False,
ME-00026,X-Ray,13461.0,Abidha Health Centre,Siaya,2026-02-09,4.2,5.1,-0.2143,False,
ME-00026,X-Ray,13461.0,Abidha Health Centre,Siaya,2026-02-16,0.0,0.0,0.0,False,
ME-00026,X-Ray,13461.0,Abidha Health Centre,Siaya,2026-02-23,4.06,5.48,-0.3498,False,
ME-00026,X-Ray,13461.0,Abidha Health Centre,Siaya,2026-03-02,0.0,0.0,0.0,False,
ME-00026,X-Ray,13461.0,Abidha Health Centre,Siaya,2026-03-09,2.53,3.67,-0.4506,False,
ME-00026,X-Ray,13461.0,Abidha Health Centre,Siaya,2026-03-16,0.0,0.0,0.0,False,
ME-00026,X-Ray,13461.0,Abidha Health Centre,Siaya,2026-03-23,2.2,1.38,0.3727,False,
ME-00026,X-Ray,13461.0,Abidha Health Centre,Siaya,2026-03-30,0.0,0.0,0.0,False,
ME-00027,Ultrasound,25723.0,Mimosa Cottage Hospital,Nairobi,2025-12-29,0.96,0.76,0.2083,True,"Usage-reporting discrepancy modeled on the 2026 national MES dialysis audit finding: machine usage counters showed materially more work performed than hospitals' paper registers recorded, by more than 30% in some cases. Maintenance-neglect-to-breakdown pattern modeled on the MES 125-hospital equipment-halt case, where machines across facilities ground to a halt due to lack of maintenance."
ME-00027,Ultrasound,25723.0,Mimosa Cottage Hospital,Nairobi,2026-01-05,1.42,1.21,0.1479,True,"Usage-reporting discrepancy modeled on the 2026 national MES dialysis audit finding: machine usage counters showed materially more work performed than hospitals' paper registers recorded, by more than 30% in some cases. Maintenance-neglect-to-breakdown pattern modeled on the MES 125-hospital equipment-halt case, where machines across facilities ground to a halt due to lack of maintenance."
ME-00027,Ultrasound,25723.0,Mimosa Cottage Hospital,Nairobi,2026-01-12,6.28,5.13,0.1831,True,"Usage-reporting discrepancy modeled on the 2026 national MES dialysis audit finding: machine usage counters showed materially more work performed than hospitals' paper registers recorded, by more than 30% in some cases. Maintenance-neglect-to-breakdown pattern modeled on the MES 125-hospital equipment-halt case, where machines across facilities ground to a halt due to lack of maintenance."
ME-00027,Ultrasound,25723.0,Mimosa Cottage Hospital,Nairobi,2026-01-19,0.0,0.0,0.0,True,"Usage-reporting discrepancy modeled on the 2026 national MES dialysis audit finding: machine usage counters showed materially more work performed than hospitals' paper registers recorded, by more than 30% in some cases. Maintenance-neglect-to-breakdown pattern modeled on the MES 125-hospital equipment-halt case, where machines across facilities ground to a halt due to lack of maintenance."
ME-00027,Ultrasound,25723.0,Mimosa Cottage Hospital,Nairobi,2026-01-26,2.21,1.74,0.2127,True,"Usage-reporting discrepancy modeled on the 2026 national MES dialysis audit finding: machine usage counters showed materially more work performed than hospitals' paper registers recorded, by more than 30% in some cases. Maintenance-neglect-to-breakdown pattern modeled on the MES 125-hospital equipment-halt case, where machines across facilities ground to a halt due to lack of maintenance."
ME-00027,Ultrasound,25723.0,Mimosa Cottage Hospital,Nairobi,2026-02-02,6.51,5.04,0.2258,True,"Usage-reporting discrepancy modeled on the 2026 national MES dialysis audit finding: machine usage counters showed materially more work performed than hospitals' paper registers recorded, by more than 30% in some cases. Maintenance-neglect-to-breakdown pattern modeled on the MES 125-hospital equipment-halt case, where machines across facilities ground to a halt due to lack of maintenance."
ME-00027,Ultrasound,25723.0,Mimosa Cottage Hospital,Nairobi,2026-02-09,0.0,0.0,0.0,True,"Usage-reporting discrepancy modeled on the 2026 national MES dialysis audit finding: machine usage counters showed materially more work performed than hospitals' paper registers recorded, by more than 30% in some cases. Maintenance-neglect-to-breakdown pattern modeled on the MES 125-hospital equipment-halt case, where machines across facilities ground to a halt due to lack of maintenance."
ME-00027,Ultrasound,25723.0,Mimosa Cottage Hospital,Nairobi,2026-02-16,6.57,5.57,0.1522,True,"Usage-reporting discrepancy modeled on the 2026 national MES dialysis audit finding: machine usage counters showed materially more work performed than hospitals' paper registers recorded, by more than 30% in some cases. Maintenance-neglect-to-breakdown pattern modeled on the MES 125-hospital equipment-halt case, where machines across facilities ground to a halt due to lack of maintenance."
ME-00027,Ultrasound,25723.0,Mimosa Cottage Hospital,Nairobi,2026-02-23,4.38,3.48,0.2055,True,"Usage-reporting discrepancy modeled on the 2026 national MES dialysis audit finding: machine usage counters showed materially more work performed than hospitals' paper registers recorded, by more than 30% in some cases. Maintenance-neglect-to-breakdown pattern modeled on the MES 125-hospital equipment-halt case, where machines across facilities ground to a halt due to lack of maintenance."
ME-00027,Ultrasound,25723.0,Mimosa Cottage Hospital,Nairobi,2026-03-02,24.62,20.31,0.1751,True,"Usage-reporting discrepancy modeled on the 2026 national MES dialysis audit finding: machine usage counters showed materially more work performed than hospitals' paper registers recorded, by more than 30% in some cases. Maintenance-neglect-to-breakdown pattern modeled on the MES 125-hospital equipment-halt case, where machines across facilities ground to a halt due to lack of maintenance."
ME-00027,Ultrasound,25723.0,Mimosa Cottage Hospital,Nairobi,2026-03-09,0.0,0.0,0.0,True,"Usage-reporting discrepancy modeled on the 2026 national MES dialysis audit finding: machine usage counters showed materially more work performed than hospitals' paper registers recorded, by more than 30% in some cases. Maintenance-neglect-to-breakdown pattern modeled on the MES 125-hospital equipment-halt case, where machines across facilities ground to a halt due to lack of maintenance."
ME-00027,Ultrasound,25723.0,Mimosa Cottage Hospital,Nairobi,2026-03-16,0.0,0.0,0.0,True,"Usage-reporting discrepancy modeled on the 2026 national MES dialysis audit finding: machine usage counters showed materially more work performed than hospitals' paper registers recorded, by more than 30% in some cases. Maintenance-neglect-to-breakdown pattern modeled on the MES 125-hospital equipment-halt case, where machines across facilities ground to a halt due to lack of maintenance."
ME-00027,Ultrasound,25723.0,Mimosa Cottage Hospital,Nairobi,2026-03-23,5.96,4.68,0.2148,True,"Usage-reporting discrepancy modeled on the 2026 national MES dialysis audit finding: machine usage counters showed materially more work performed than hospitals' paper registers recorded, by more than 30% in some cases. Maintenance-neglect-to-breakdown pattern modeled on the MES 125-hospital equipment-halt case, where machines across facilities ground to a halt due to lack of maintenance."
ME-00027,Ultrasound,25723.0,Mimosa Cottage Hospital,Nairobi,2026-03-30,12.4,10.68,0.1387,True,"Usage-reporting discrepancy modeled on the 2026 national MES dialysis audit finding: machine usage counters showed materially more work performed than hospitals' paper registers recorded, by more than 30% in some cases. Maintenance-neglect-to-breakdown pattern modeled on the MES 125-hospital equipment-halt case, where machines across facilities ground to a halt due to lack of maintenance."
ME-00028,Hemodialysis,13841.0,Ndhiwa Sub-District Hospital,Homa Bay,2025-12-29,1.07,0.73,0.3178,True,"Usage-reporting discrepancy modeled on the 2026 national MES dialysis audit finding: machine usage counters showed materially more work performed than hospitals' paper registers recorded, by more than 30% in some cases."
ME-00028,Hemodialysis,13841.0,Ndhiwa Sub-District Hospital,Homa Bay,2026-01-05,1.18,0.76,0.3559,True,"Usage-reporting discrepancy modeled on the 2026 national MES dialysis audit finding: machine usage counters showed materially more work performed than hospitals' paper registers recorded, by more than 30% in some cases."
ME-00028,Hemodialysis,13841.0,Ndhiwa Sub-District Hospital,Homa Bay,2026-01-12,2.55,1.94,0.2392,True,"Usage-reporting discrepancy modeled on the 2026 national MES dialysis audit finding: machine usage counters showed materially more work performed than hospitals' paper registers recorded, by more than 30% in some cases."
ME-00028,Hemodialysis,13841.0,Ndhiwa Sub-District Hospital,Homa Bay,2026-01-19,2.5,1.71,0.316,True,"Usage-reporting discrepancy modeled on the 2026 national MES dialysis audit finding: machine usage counters showed materially more work performed than hospitals' paper registers recorded, by more than 30% in some cases."
ME-00028,Hemodialysis,13841.0,Ndhiwa Sub-District Hospital,Homa Bay,2026-01-26,0.0,0.0,0.0,True,"Usage-reporting discrepancy modeled on the 2026 national MES dialysis audit finding: machine usage counters showed materially more work performed than hospitals' paper registers recorded, by more than 30% in some cases."
ME-00028,Hemodialysis,13841.0,Ndhiwa Sub-District Hospital,Homa Bay,2026-02-02,9.61,7.13,0.2581,True,"Usage-reporting discrepancy modeled on the 2026 national MES dialysis audit finding: machine usage counters showed materially more work performed than hospitals' paper registers recorded, by more than 30% in some cases."
ME-00028,Hemodialysis,13841.0,Ndhiwa Sub-District Hospital,Homa Bay,2026-02-09,0.0,0.0,0.0,True,"Usage-reporting discrepancy modeled on the 2026 national MES dialysis audit finding: machine usage counters showed materially more work performed than hospitals' paper registers recorded, by more than 30% in some cases."
ME-00028,Hemodialysis,13841.0,Ndhiwa Sub-District Hospital,Homa Bay,2026-02-16,0.88,0.59,0.3295,True,"Usage-reporting discrepancy modeled on the 2026 national MES dialysis audit finding: machine usage counters showed materially more work performed than hospitals' paper registers recorded, by more than 30% in some cases."
ME-00028,Hemodialysis,13841.0,Ndhiwa Sub-District Hospital,Homa Bay,2026-02-23,0.0,0.0,0.0,True,"Usage-reporting discrepancy modeled on the 2026 national MES dialysis audit finding: machine usage counters showed materially more work performed than hospitals' paper registers recorded, by more than 30% in some cases."
ME-00028,Hemodialysis,13841.0,Ndhiwa Sub-District Hospital,Homa Bay,2026-03-02,0.0,0.0,0.0,True,"Usage-reporting discrepancy modeled on the 2026 national MES dialysis audit finding: machine usage counters showed materially more work performed than hospitals' paper registers recorded, by more than 30% in some cases."
ME-00028,Hemodialysis,13841.0,Ndhiwa Sub-District Hospital,Homa Bay,2026-03-09,0.0,0.0,0.0,True,"Usage-reporting discrepancy modeled on the 2026 national MES dialysis audit finding: machine usage counters showed materially more work performed than hospitals' paper registers recorded, by more than 30% in some cases."
ME-00028,Hemodialysis,13841.0,Ndhiwa Sub-District Hospital,Homa Bay,2026-03-16,4.96,3.62,0.2702,True,"Usage-reporting discrepancy modeled on the 2026 national MES dialysis audit finding: machine usage counters showed materially more work performed than hospitals' paper registers recorded, by more than 30% in some cases."
ME-00028,Hemodialysis,13841.0,Ndhiwa Sub-District Hospital,Homa Bay,2026-03-23,0.0,0.0,0.0,True,"Usage-reporting discrepancy modeled on the 2026 national MES dialysis audit finding: machine usage counters showed materially more work performed than hospitals' paper registers recorded, by more than 30% in some cases."
ME-00028,Hemodialysis,13841.0,Ndhiwa Sub-District Hospital,Homa Bay,2026-03-30,0.0,0.0,0.0,True,"Usage-reporting discrepancy modeled on the 2026 national MES dialysis audit finding: machine usage counters showed materially more work performed than hospitals' paper registers recorded, by more than 30% in some cases."
ME-00029,Ultrasound,14256.0,Biretwa health centre,Elgeyo Marakwet,2025-12-29,0.87,0.73,0.1609,True,"Usage-reporting discrepancy modeled on the 2026 national MES dialysis audit finding: machine usage counters showed materially more work performed than hospitals' paper registers recorded, by more than 30% in some cases."
ME-00029,Ultrasound,14256.0,Biretwa health centre,Elgeyo Marakwet,2026-01-05,0.8,0.68,0.15,True,"Usage-reporting discrepancy modeled on the 2026 national MES dialysis audit finding: machine usage counters showed materially more work performed than hospitals' paper registers recorded, by more than 30% in some cases."
ME-00029,Ultrasound,14256.0,Biretwa health centre,Elgeyo Marakwet,2026-01-12,1.34,1.1,0.1791,True,"Usage-reporting discrepancy modeled on the 2026 national MES dialysis audit finding: machine usage counters showed materially more work performed than hospitals' paper registers recorded, by more than 30% in some cases."
ME-00029,Ultrasound,14256.0,Biretwa health centre,Elgeyo Marakwet,2026-01-19,0.0,0.0,0.0,True,"Usage-reporting discrepancy modeled on the 2026 national MES dialysis audit finding: machine usage counters showed materially more work performed than hospitals' paper registers recorded, by more than 30% in some cases."
ME-00029,Ultrasound,14256.0,Biretwa health centre,Elgeyo Marakwet,2026-01-26,2.37,2.02,0.1477,True,"Usage-reporting discrepancy modeled on the 2026 national MES dialysis audit finding: machine usage counters showed materially more work performed than hospitals' paper registers recorded, by more than 30% in some cases."
ME-00029,Ultrasound,14256.0,Biretwa health centre,Elgeyo Marakwet,2026-02-02,0.0,0.0,0.0,True,"Usage-reporting discrepancy modeled on the 2026 national MES dialysis audit finding: machine usage counters showed materially more work performed than hospitals' paper registers recorded, by more than 30% in some cases."
ME-00029,Ultrasound,14256.0,Biretwa health centre,Elgeyo Marakwet,2026-02-09,0.0,0.0,0.0,True,"Usage-reporting discrepancy modeled on the 2026 national MES dialysis audit finding: machine usage counters showed materially more work performed than hospitals' paper registers recorded, by more than 30% in some cases."
ME-00029,Ultrasound,14256.0,Biretwa health centre,Elgeyo Marakwet,2026-02-16,0.41,0.34,0.1707,True,"Usage-reporting discrepancy modeled on the 2026 national MES dialysis audit finding: machine usage counters showed materially more work performed than hospitals' paper registers recorded, by more than 30% in some cases."
ME-00029,Ultrasound,14256.0,Biretwa health centre,Elgeyo Marakwet,2026-02-23,8.03,6.75,0.1594,True,"Usage-reporting discrepancy modeled on the 2026 national MES dialysis audit finding: machine usage counters showed materially more work performed than hospitals' paper registers recorded, by more than 30% in some cases."
ME-00029,Ultrasound,14256.0,Biretwa health centre,Elgeyo Marakwet,2026-03-02,9.19,7.95,0.1349,True,"Usage-reporting discrepancy modeled on the 2026 national MES dialysis audit finding: machine usage counters showed materially more work performed than hospitals' paper registers recorded, by more than 30% in some cases."
ME-00029,Ultrasound,14256.0,Biretwa health centre,Elgeyo Marakwet,2026-03-09,0.0,0.0,0.0,True,"Usage-reporting discrepancy modeled on the 2026 national MES dialysis audit finding: machine usage counters showed materially more work performed than hospitals' paper registers recorded, by more than 30% in some cases."
ME-00029,Ultrasound,14256.0,Biretwa health centre,Elgeyo Marakwet,2026-03-16,0.0,0.0,0.0,True,"Usage-reporting discrepancy modeled on the 2026 national MES dialysis audit finding: machine usage counters showed materially more work performed than hospitals' paper registers recorded, by more than 30% in some cases."
ME-00029,Ultrasound,14256.0,Biretwa health centre,Elgeyo Marakwet,2026-03-23,0.0,0.0,0.0,True,"Usage-reporting discrepancy modeled on the 2026 national MES dialysis audit finding: machine usage counters showed materially more work performed than hospitals' paper registers recorded, by more than 30% in some cases."
ME-00029,Ultrasound,14256.0,Biretwa health centre,Elgeyo Marakwet,2026-03-30,0.0,0.0,0.0,True,"Usage-reporting discrepancy modeled on the 2026 national MES dialysis audit finding: machine usage counters showed materially more work performed than hospitals' paper registers recorded, by more than 30% in some cases."
ME-00030,Hemodialysis,13798.0,Mbita Sub-County Hospital,Homa Bay,2025-12-29,0.94,1.63,-0.734,False,
ME-00030,Hemodialysis,13798.0,Mbita Sub-County Hospital,Homa Bay,2026-01-05,4.63,5.46,-0.1793,False,
ME-00030,Hemodialysis,13798.0,Mbita Sub-County Hospital,Homa Bay,2026-01-12,3.51,2.37,0.3248,False,
ME-00030,Hemodialysis,13798.0,Mbita Sub-County Hospital,Homa Bay,2026-01-19,1.21,3.25,-1.686,False,
ME-00030,Hemodialysis,13798.0,Mbita Sub-County Hospital,Homa Bay,2026-01-26,4.69,3.53,0.2473,False,
ME-00030,Hemodialysis,13798.0,Mbita Sub-County Hospital,Homa Bay,2026-02-02,2.66,2.98,-0.1203,False,
ME-00030,Hemodialysis,13798.0,Mbita Sub-County Hospital,Homa Bay,2026-02-09,0.0,0.7,0.0,False,
ME-00030,Hemodialysis,13798.0,Mbita Sub-County Hospital,Homa Bay,2026-02-16,0.0,0.15,0.0,False,
ME-00030,Hemodialysis,13798.0,Mbita Sub-County Hospital,Homa Bay,2026-02-23,0.0,1.65,0.0,False,
ME-00030,Hemodialysis,13798.0,Mbita Sub-County Hospital,Homa Bay,2026-03-02,12.13,12.4,-0.0223,False,
ME-00030,Hemodialysis,13798.0,Mbita Sub-County Hospital,Homa Bay,2026-03-09,2.43,0.51,0.7901,False,
ME-00030,Hemodialysis,13798.0,Mbita Sub-County Hospital,Homa Bay,2026-03-16,11.13,11.08,0.0045,False,
ME-00030,Hemodialysis,13798.0,Mbita Sub-County Hospital,Homa Bay,2026-03-23,0.0,0.0,0.0,False,
ME-00030,Hemodialysis,13798.0,Mbita Sub-County Hospital,Homa Bay,2026-03-30,2.83,1.08,0.6184,False,
ME-00031,Ventilator,10491.0,Karen Hospital Annex,Nyeri,2025-12-29,1.06,0.65,0.3868,False,
ME-00031,Ventilator,10491.0,Karen Hospital Annex,Nyeri,2026-01-05,3.34,2.71,0.1886,False,
ME-00031,Ventilator,10491.0,Karen Hospital Annex,Nyeri,2026-01-12,0.83,0.99,-0.1928,False,
ME-00031,Ventilator,10491.0,Karen Hospital Annex,Nyeri,2026-01-19,0.0,1.21,0.0,False,
ME-00031,Ventilator,10491.0,Karen Hospital Annex,Nyeri,2026-01-26,2.01,0.74,0.6318,False,
ME-00031,Ventilator,10491.0,Karen Hospital Annex,Nyeri,2026-02-02,2.85,3.4,-0.193,False,
ME-00031,Ventilator,10491.0,Karen Hospital Annex,Nyeri,2026-02-09,0.0,0.0,0.0,False,
ME-00031,Ventilator,10491.0,Karen Hospital Annex,Nyeri,2026-02-16,0.0,0.21,0.0,False,
ME-00031,Ventilator,10491.0,Karen Hospital Annex,Nyeri,2026-02-23,12.49,11.76,0.0584,False,
ME-00031,Ventilator,10491.0,Karen Hospital Annex,Nyeri,2026-03-02,0.0,0.31,0.0,False,
ME-00031,Ventilator,10491.0,Karen Hospital Annex,Nyeri,2026-03-09,0.74,2.13,-1.8784,False,
ME-00031,Ventilator,10491.0,Karen Hospital Annex,Nyeri,2026-03-16,0.0,0.0,0.0,False,
ME-00031,Ventilator,10491.0,Karen Hospital Annex,Nyeri,2026-03-23,0.67,0.0,1.0,False,
ME-00031,Ventilator,10491.0,Karen Hospital Annex,Nyeri,2026-03-30,13.55,14.48,-0.0686,False,
ME-00032,Patient Monitor,21112.0,Salaam Hospital,Mombasa,2025-12-29,0.8,0.94,-0.175,False,
ME-00032,Patient Monitor,21112.0,Salaam Hospital,Mombasa,2026-01-05,2.5,4.44,-0.776,False,
ME-00032,Patient Monitor,21112.0,Salaam Hospital,Mombasa,2026-01-12,2.8,2.83,-0.0107,False,
ME-00032,Patient Monitor,21112.0,Salaam Hospital,Mombasa,2026-01-19,0.39,0.0,1.0,False,
ME-00032,Patient Monitor,21112.0,Salaam Hospital,Mombasa,2026-01-26,2.94,1.21,0.5884,False,
ME-00032,Patient Monitor,21112.0,Salaam Hospital,Mombasa,2026-02-02,0.0,0.5,0.0,False,
ME-00032,Patient Monitor,21112.0,Salaam Hospital,Mombasa,2026-02-09,4.82,4.09,0.1515,False,
ME-00032,Patient Monitor,21112.0,Salaam Hospital,Mombasa,2026-02-16,0.0,0.19,0.0,False,
ME-00032,Patient Monitor,21112.0,Salaam Hospital,Mombasa,2026-02-23,0.0,0.27,0.0,False,
ME-00032,Patient Monitor,21112.0,Salaam Hospital,Mombasa,2026-03-02,0.0,1.27,0.0,False,
ME-00032,Patient Monitor,21112.0,Salaam Hospital,Mombasa,2026-03-09,10.95,10.99,-0.0037,False,
ME-00032,Patient Monitor,21112.0,Salaam Hospital,Mombasa,2026-03-16,0.0,0.0,0.0,False,
ME-00032,Patient Monitor,21112.0,Salaam Hospital,Mombasa,2026-03-23,2.55,2.37,0.0706,False,
ME-00032,Patient Monitor,21112.0,Salaam Hospital,Mombasa,2026-03-30,4.04,3.12,0.2277,False,
ME-00033,Hemodialysis,19037.0,Medina Hospital,Garissa,2025-12-29,1.6,1.34,0.1625,False,
ME-00033,Hemodialysis,19037.0,Medina Hospital,Garissa,2026-01-05,0.0,0.0,0.0,False,
ME-00033,Hemodialysis,19037.0,Medina Hospital,Garissa,2026-01-12,0.0,0.59,0.0,False,
ME-00033,Hemodialysis,19037.0,Medina Hospital,Garissa,2026-01-19,5.86,5.63,0.0392,False,
ME-00033,Hemodialysis,19037.0,Medina Hospital,Garissa,2026-01-26,0.0,0.16,0.0,False,
ME-00033,Hemodialysis,19037.0,Medina Hospital,Garissa,2026-02-02,3.83,3.68,0.0392,False,
ME-00033,Hemodialysis,19037.0,Medina Hospital,Garissa,2026-02-09,3.46,2.51,0.2746,False,
ME-00033,Hemodialysis,19037.0,Medina Hospital,Garissa,2026-02-16,6.11,6.82,-0.1162,False,
ME-00033,Hemodialysis,19037.0,Medina Hospital,Garissa,2026-02-23,5.86,5.46,0.0683,False,
ME-00033,Hemodialysis,19037.0,Medina Hospital,Garissa,2026-03-02,6.63,5.99,0.0965,False,
ME-00033,Hemodialysis,19037.0,Medina Hospital,Garissa,2026-03-09,0.0,0.0,0.0,False,
ME-00033,Hemodialysis,19037.0,Medina Hospital,Garissa,2026-03-16,0.0,1.1,0.0,False,
ME-00033,Hemodialysis,19037.0,Medina Hospital,Garissa,2026-03-23,6.82,5.46,0.1994,False,
ME-00033,Hemodialysis,19037.0,Medina Hospital,Garissa,2026-03-30,7.39,7.59,-0.0271,False,
ME-00034,Ultrasound,12545.0,Moyale Nursing Home,Marsabit,2025-12-29,0.68,1.89,-1.7794,False,
ME-00034,Ultrasound,12545.0,Moyale Nursing Home,Marsabit,2026-01-05,2.57,1.3,0.4942,False,
ME-00034,Ultrasound,12545.0,Moyale Nursing Home,Marsabit,2026-01-12,0.41,0.25,0.3902,False,
ME-00034,Ultrasound,12545.0,Moyale Nursing Home,Marsabit,2026-01-19,0.0,0.0,0.0,False,
ME-00034,Ultrasound,12545.0,Moyale Nursing Home,Marsabit,2026-01-26,0.0,0.12,0.0,False,
ME-00034,Ultrasound,12545.0,Moyale Nursing Home,Marsabit,2026-02-02,3.02,3.24,-0.0728,False,
ME-00034,Ultrasound,12545.0,Moyale Nursing Home,Marsabit,2026-02-09,0.0,1.48,0.0,False,
ME-00034,Ultrasound,12545.0,Moyale Nursing Home,Marsabit,2026-02-16,0.0,0.91,0.0,False,
ME-00034,Ultrasound,12545.0,Moyale Nursing Home,Marsabit,2026-02-23,1.32,1.88,-0.4242,False,
ME-00034,Ultrasound,12545.0,Moyale Nursing Home,Marsabit,2026-03-02,0.0,0.56,0.0,False,
ME-00034,Ultrasound,12545.0,Moyale Nursing Home,Marsabit,2026-03-09,0.0,0.0,0.0,False,
ME-00034,Ultrasound,12545.0,Moyale Nursing Home,Marsabit,2026-03-16,8.77,8.77,0.0,False,
ME-00034,Ultrasound,12545.0,Moyale Nursing Home,Marsabit,2026-03-23,0.0,0.0,0.0,False,
ME-00034,Ultrasound,12545.0,Moyale Nursing Home,Marsabit,2026-03-30,0.0,0.14,0.0,False,
ME-00035,Hemodialysis,24981.0,Glogoh Hospital Limited,Uasin Gishu,2025-12-29,1.12,0.9,0.1964,False,
ME-00035,Hemodialysis,24981.0,Glogoh Hospital Limited,Uasin Gishu,2026-01-05,0.4,0.08,0.8,False,
ME-00035,Hemodialysis,24981.0,Glogoh Hospital Limited,Uasin Gishu,2026-01-12,1.53,2.1,-0.3725,False,
ME-00035,Hemodialysis,24981.0,Glogoh Hospital Limited,Uasin Gishu,2026-01-19,5.02,6.67,-0.3287,False,
ME-00035,Hemodialysis,24981.0,Glogoh Hospital Limited,Uasin Gishu,2026-01-26,0.0,0.5,0.0,False,
ME-00035,Hemodialysis,24981.0,Glogoh Hospital Limited,Uasin Gishu,2026-02-02,0.99,2.18,-1.202,False,
ME-00035,Hemodialysis,24981.0,Glogoh Hospital Limited,Uasin Gishu,2026-02-09,0.0,0.58,0.0,False,
ME-00035,Hemodialysis,24981.0,Glogoh Hospital Limited,Uasin Gishu,2026-02-16,1.18,0.75,0.3644,False,
ME-00035,Hemodialysis,24981.0,Glogoh Hospital Limited,Uasin Gishu,2026-02-23,5.07,6.24,-0.2308,False,
ME-00035,Hemodialysis,24981.0,Glogoh Hospital Limited,Uasin Gishu,2026-03-02,0.0,0.0,0.0,False,
ME-00035,Hemodialysis,24981.0,Glogoh Hospital Limited,Uasin Gishu,2026-03-09,0.0,0.0,0.0,False,
ME-00035,Hemodialysis,24981.0,Glogoh Hospital Limited,Uasin Gishu,2026-03-16,5.06,3.01,0.4051,False,
ME-00035,Hemodialysis,24981.0,Glogoh Hospital Limited,Uasin Gishu,2026-03-23,0.0,0.0,0.0,False,
ME-00035,Hemodialysis,24981.0,Glogoh Hospital Limited,Uasin Gishu,2026-03-30,0.0,1.71,0.0,False,
ME-00036,Ultrasound,15827.0,Bungasi Health Centre,Kakamega,2025-12-29,0.97,0.63,0.3505,True,"Usage-reporting discrepancy modeled on the 2026 national MES dialysis audit finding: machine usage counters showed materially more work performed than hospitals' paper registers recorded, by more than 30% in some cases."
ME-00036,Ultrasound,15827.0,Bungasi Health Centre,Kakamega,2026-01-05,2.1,1.35,0.3571,True,"Usage-reporting discrepancy modeled on the 2026 national MES dialysis audit finding: machine usage counters showed materially more work performed than hospitals' paper registers recorded, by more than 30% in some cases."
ME-00036,Ultrasound,15827.0,Bungasi Health Centre,Kakamega,2026-01-12,0.0,0.0,0.0,True,"Usage-reporting discrepancy modeled on the 2026 national MES dialysis audit finding: machine usage counters showed materially more work performed than hospitals' paper registers recorded, by more than 30% in some cases."
ME-00036,Ultrasound,15827.0,Bungasi Health Centre,Kakamega,2026-01-19,2.01,1.43,0.2886,True,"Usage-reporting discrepancy modeled on the 2026 national MES dialysis audit finding: machine usage counters showed materially more work performed than hospitals' paper registers recorded, by more than 30% in some cases."
ME-00036,Ultrasound,15827.0,Bungasi Health Centre,Kakamega,2026-01-26,0.16,0.11,0.3125,True,"Usage-reporting discrepancy modeled on the 2026 national MES dialysis audit finding: machine usage counters showed materially more work performed than hospitals' paper registers recorded, by more than 30% in some cases."
ME-00036,Ultrasound,15827.0,Bungasi Health Centre,Kakamega,2026-02-02,5.56,3.47,0.3759,True,"Usage-reporting discrepancy modeled on the 2026 national MES dialysis audit finding: machine usage counters showed materially more work performed than hospitals' paper registers recorded, by more than 30% in some cases."
ME-00036,Ultrasound,15827.0,Bungasi Health Centre,Kakamega,2026-02-09,0.0,0.0,0.0,True,"Usage-reporting discrepancy modeled on the 2026 national MES dialysis audit finding: machine usage counters showed materially more work performed than hospitals' paper registers recorded, by more than 30% in some cases."
ME-00036,Ultrasound,15827.0,Bungasi Health Centre,Kakamega,2026-02-16,6.09,4.29,0.2956,True,"Usage-reporting discrepancy modeled on the 2026 national MES dialysis audit finding: machine usage counters showed materially more work performed than hospitals' paper registers recorded, by more than 30% in some cases."
ME-00036,Ultrasound,15827.0,Bungasi Health Centre,Kakamega,2026-02-23,0.0,0.0,0.0,True,"Usage-reporting discrepancy modeled on the 2026 national MES dialysis audit finding: machine usage counters showed materially more work performed than hospitals' paper registers recorded, by more than 30% in some cases."
ME-00036,Ultrasound,15827.0,Bungasi Health Centre,Kakamega,2026-03-02,0.0,0.0,0.0,True,"Usage-reporting discrepancy modeled on the 2026 national MES dialysis audit finding: machine usage counters showed materially more work performed than hospitals' paper registers recorded, by more than 30% in some cases."
ME-00036,Ultrasound,15827.0,Bungasi Health Centre,Kakamega,2026-03-09,0.91,0.64,0.2967,True,"Usage-reporting discrepancy modeled on the 2026 national MES dialysis audit finding: machine usage counters showed materially more work performed than hospitals' paper registers recorded, by more than 30% in some cases."
ME-00036,Ultrasound,15827.0,Bungasi Health Centre,Kakamega,2026-03-16,1.29,0.96,0.2558,True,"Usage-reporting discrepancy modeled on the 2026 national MES dialysis audit finding: machine usage counters showed materially more work performed than hospitals' paper registers recorded, by more than 30% in some cases."
ME-00036,Ultrasound,15827.0,Bungasi Health Centre,Kakamega,2026-03-23,9.8,6.69,0.3173,True,"Usage-reporting discrepancy modeled on the 2026 national MES dialysis audit finding: machine usage counters showed materially more work performed than hospitals' paper registers recorded, by more than 30% in some cases."
ME-00036,Ultrasound,15827.0,Bungasi Health Centre,Kakamega,2026-03-30,0.0,0.0,0.0,True,"Usage-reporting discrepancy modeled on the 2026 national MES dialysis audit finding: machine usage counters showed materially more work performed than hospitals' paper registers recorded, by more than 30% in some cases."
ME-00037,Ventilator,13158.0,Radiant Pangani Hospital,Nairobi,2025-12-29,1.44,4.42,-2.0694,False,
ME-00037,Ventilator,13158.0,Radiant Pangani Hospital,Nairobi,2026-01-05,1.91,2.27,-0.1885,False,
ME-00037,Ventilator,13158.0,Radiant Pangani Hospital,Nairobi,2026-01-12,3.66,3.19,0.1284,False,
ME-00037,Ventilator,13158.0,Radiant Pangani Hospital,Nairobi,2026-01-19,2.69,1.54,0.4275,False,
ME-00037,Ventilator,13158.0,Radiant Pangani Hospital,Nairobi,2026-01-26,2.2,2.47,-0.1227,False,
ME-00037,Ventilator,13158.0,Radiant Pangani Hospital,Nairobi,2026-02-02,0.0,0.0,0.0,False,
ME-00037,Ventilator,13158.0,Radiant Pangani Hospital,Nairobi,2026-02-09,0.0,0.0,0.0,False,
ME-00037,Ventilator,13158.0,Radiant Pangani Hospital,Nairobi,2026-02-16,1.07,2.49,-1.3271,False,
ME-00037,Ventilator,13158.0,Radiant Pangani Hospital,Nairobi,2026-02-23,0.0,0.0,0.0,False,
ME-00037,Ventilator,13158.0,Radiant Pangani Hospital,Nairobi,2026-03-02,0.0,0.0,0.0,False,
ME-00037,Ventilator,13158.0,Radiant Pangani Hospital,Nairobi,2026-03-09,0.0,0.02,0.0,False,
ME-00037,Ventilator,13158.0,Radiant Pangani Hospital,Nairobi,2026-03-16,29.2,30.24,-0.0356,False,
ME-00037,Ventilator,13158.0,Radiant Pangani Hospital,Nairobi,2026-03-23,0.0,0.0,0.0,False,
ME-00037,Ventilator,13158.0,Radiant Pangani Hospital,Nairobi,2026-03-30,0.0,0.83,0.0,False,
ME-00038,MRI,12004.0,Embu Provincial General Hospital,Embu,2025-12-29,1.0,0.0,1.0,False,
ME-00038,MRI,12004.0,Embu Provincial General Hospital,Embu,2026-01-05,0.38,0.0,1.0,False,
ME-00038,MRI,12004.0,Embu Provincial General Hospital,Embu,2026-01-12,0.0,0.0,0.0,False,
ME-00038,MRI,12004.0,Embu Provincial General Hospital,Embu,2026-01-19,0.43,0.0,1.0,False,
ME-00038,MRI,12004.0,Embu Provincial General Hospital,Embu,2026-01-26,0.51,0.0,1.0,False,
ME-00038,MRI,12004.0,Embu Provincial General Hospital,Embu,2026-02-02,1.01,1.57,-0.5545,False,
ME-00038,MRI,12004.0,Embu Provincial General Hospital,Embu,2026-02-09,0.0,0.0,0.0,False,
ME-00038,MRI,12004.0,Embu Provincial General Hospital,Embu,2026-02-16,0.0,2.07,0.0,False,
ME-00038,MRI,12004.0,Embu Provincial General Hospital,Embu,2026-02-23,3.63,3.19,0.1212,False,
ME-00038,MRI,12004.0,Embu Provincial General Hospital,Embu,2026-03-02,0.0,0.09,0.0,False,
ME-00038,MRI,12004.0,Embu Provincial General Hospital,Embu,2026-03-09,3.36,2.55,0.2411,False,
ME-00038,MRI,12004.0,Embu Provincial General Hospital,Embu,2026-03-16,4.43,2.33,0.474,False,
ME-00038,MRI,12004.0,Embu Provincial General Hospital,Embu,2026-03-23,2.16,1.91,0.1157,False,
ME-00038,MRI,12004.0,Embu Provincial General Hospital,Embu,2026-03-30,0.0,0.55,0.0,False,
ME-00039,MRI,12004.0,Embu Provincial General Hospital,Embu,2025-12-29,1.29,1.83,-0.4186,False,
ME-00039,MRI,12004.0,Embu Provincial General Hospital,Embu,2026-01-05,1.71,1.08,0.3684,False,
ME-00039,MRI,12004.0,Embu Provincial General Hospital,Embu,2026-01-12,0.51,0.0,1.0,False,
ME-00039,MRI,12004.0,Embu Provincial General Hospital,Embu,2026-01-19,0.0,1.37,0.0,False,
ME-00039,MRI,12004.0,Embu Provincial General Hospital,Embu,2026-01-26,2.55,2.76,-0.0824,False,
ME-00039,MRI,12004.0,Embu Provincial General Hospital,Embu,2026-02-02,6.95,7.34,-0.0561,False,
ME-00039,MRI,12004.0,Embu Provincial General Hospital,Embu,2026-02-09,4.49,4.48,0.0022,False,
ME-00039,MRI,12004.0,Embu Provincial General Hospital,Embu,2026-02-16,7.08,7.22,-0.0198,False,
ME-00039,MRI,12004.0,Embu Provincial General Hospital,Embu,2026-02-23,0.0,0.38,0.0,False,
ME-00039,MRI,12004.0,Embu Provincial General Hospital,Embu,2026-03-02,0.0,0.87,0.0,False,
ME-00039,MRI,12004.0,Embu Provincial General Hospital,Embu,2026-03-09,0.0,0.0,0.0,False,
ME-00039,MRI,12004.0,Embu Provincial General Hospital,Embu,2026-03-16,0.0,0.76,0.0,False,
ME-00039,MRI,12004.0,Embu Provincial General Hospital,Embu,2026-03-23,0.0,0.68,0.0,False,
ME-00039,MRI,12004.0,Embu Provincial General Hospital,Embu,2026-03-30,5.4,6.42,-0.1889,False,
ME-00040,Hemodialysis,22934.0,Mazira Memorial Hospital,Kajiado,2025-12-29,1.61,0.98,0.3913,False,
ME-00040,Hemodialysis,22934.0,Mazira Memorial Hospital,Kajiado,2026-01-05,1.37,0.0,1.0,False,
ME-00040,Hemodialysis,22934.0,Mazira Memorial Hospital,Kajiado,2026-01-12,0.0,0.0,0.0,False,
ME-00040,Hemodialysis,22934.0,Mazira Memorial Hospital,Kajiado,2026-01-19,2.56,2.89,-0.1289,False,
ME-00040,Hemodialysis,22934.0,Mazira Memorial Hospital,Kajiado,2026-01-26,2.79,3.15,-0.129,False,
ME-00040,Hemodialysis,22934.0,Mazira Memorial Hospital,Kajiado,2026-02-02,2.94,0.85,0.7109,False,
ME-00040,Hemodialysis,22934.0,Mazira Memorial Hospital,Kajiado,2026-02-09,5.15,6.51,-0.2641,False,
ME-00040,Hemodialysis,22934.0,Mazira Memorial Hospital,Kajiado,2026-02-16,10.35,11.68,-0.1285,False,
ME-00040,Hemodialysis,22934.0,Mazira Memorial Hospital,Kajiado,2026-02-23,0.0,0.22,0.0,False,
ME-00040,Hemodialysis,22934.0,Mazira Memorial Hospital,Kajiado,2026-03-02,0.0,1.0,0.0,False,
ME-00040,Hemodialysis,22934.0,Mazira Memorial Hospital,Kajiado,2026-03-09,6.68,5.49,0.1781,False,
ME-00040,Hemodialysis,22934.0,Mazira Memorial Hospital,Kajiado,2026-03-16,0.0,0.0,0.0,False,
ME-00040,Hemodialysis,22934.0,Mazira Memorial Hospital,Kajiado,2026-03-23,0.0,0.0,0.0,False,
ME-00040,Hemodialysis,22934.0,Mazira Memorial Hospital,Kajiado,2026-03-30,3.74,6.44,-0.7219,False,
ME-00041,Ventilator,12605.0,Mutuati Sub-District Hospital,Meru,2025-12-29,0.38,0.08,0.7895,False,
ME-00041,Ventilator,12605.0,Mutuati Sub-District Hospital,Meru,2026-01-05,2.6,2.31,0.1115,False,
ME-00041,Ventilator,12605.0,Mutuati Sub-District Hospital,Meru,2026-01-12,1.58,1.72,-0.0886,False,
ME-00041,Ventilator,12605.0,Mutuati Sub-District Hospital,Meru,2026-01-19,1.94,2.73,-0.4072,False,
ME-00041,Ventilator,12605.0,Mutuati Sub-District Hospital,Meru,2026-01-26,0.0,0.0,0.0,False,
ME-00041,Ventilator,12605.0,Mutuati Sub-District Hospital,Meru,2026-02-02,1.59,0.0,1.0,False,
ME-00041,Ventilator,12605.0,Mutuati Sub-District Hospital,Meru,2026-02-09,0.0,0.0,0.0,False,
ME-00041,Ventilator,12605.0,Mutuati Sub-District Hospital,Meru,2026-02-16,0.0,0.71,0.0,False,
ME-00041,Ventilator,12605.0,Mutuati Sub-District Hospital,Meru,2026-02-23,6.14,6.61,-0.0765,False,
ME-00041,Ventilator,12605.0,Mutuati Sub-District Hospital,Meru,2026-03-02,4.36,6.76,-0.5505,False,
ME-00041,Ventilator,12605.0,Mutuati Sub-District Hospital,Meru,2026-03-09,0.0,1.52,0.0,False,
ME-00041,Ventilator,12605.0,Mutuati Sub-District Hospital,Meru,2026-03-16,12.26,11.77,0.04,False,
ME-00041,Ventilator,12605.0,Mutuati Sub-District Hospital,Meru,2026-03-23,4.18,4.74,-0.134,False,
ME-00041,Ventilator,12605.0,Mutuati Sub-District Hospital,Meru,2026-03-30,0.0,0.0,0.0,False,
ME-00042,X-Ray,10490.0,Karemeno Health Centre,Nyeri,2025-12-29,0.86,1.13,-0.314,False,
ME-00042,X-Ray,10490.0,Karemeno Health Centre,Nyeri,2026-01-05,2.15,5.6,-1.6047,False,
ME-00042,X-Ray,10490.0,Karemeno Health Centre,Nyeri,2026-01-12,3.79,3.24,0.1451,False,
ME-00042,X-Ray,10490.0,Karemeno Health Centre,Nyeri,2026-01-19,0.0,0.87,0.0,False,
ME-00042,X-Ray,10490.0,Karemeno Health Centre,Nyeri,2026-01-26,0.0,0.0,0.0,False,
ME-00042,X-Ray,10490.0,Karemeno Health Centre,Nyeri,2026-02-02,4.53,4.26,0.0596,False,
ME-00042,X-Ray,10490.0,Karemeno Health Centre,Nyeri,2026-02-09,0.0,0.0,0.0,False,
ME-00042,X-Ray,10490.0,Karemeno Health Centre,Nyeri,2026-02-16,1.64,2.33,-0.4207,False,
ME-00042,X-Ray,10490.0,Karemeno Health Centre,Nyeri,2026-02-23,1.63,3.14,-0.9264,False,
ME-00042,X-Ray,10490.0,Karemeno Health Centre,Nyeri,2026-03-02,6.73,7.03,-0.0446,False,
ME-00042,X-Ray,10490.0,Karemeno Health Centre,Nyeri,2026-03-09,7.46,7.95,-0.0657,False,
ME-00042,X-Ray,10490.0,Karemeno Health Centre,Nyeri,2026-03-16,0.0,0.35,0.0,False,
ME-00042,X-Ray,10490.0,Karemeno Health Centre,Nyeri,2026-03-23,28.62,28.84,-0.0077,False,
ME-00042,X-Ray,10490.0,Karemeno Health Centre,Nyeri,2026-03-30,6.2,6.29,-0.0145,False,
ME-00043,CT,13074.0,The Mater Misericordiae Hospital,Nairobi,2025-12-29,1.13,1.37,-0.2124,False,
ME-00043,CT,13074.0,The Mater Misericordiae Hospital,Nairobi,2026-01-05,2.13,3.3,-0.5493,False,
ME-00043,CT,13074.0,The Mater Misericordiae Hospital,Nairobi,2026-01-12,1.43,1.68,-0.1748,False,
ME-00043,CT,13074.0,The Mater Misericordiae Hospital,Nairobi,2026-01-19,4.79,5.91,-0.2338,False,
ME-00043,CT,13074.0,The Mater Misericordiae Hospital,Nairobi,2026-01-26,0.43,0.0,1.0,False,
ME-00043,CT,13074.0,The Mater Misericordiae Hospital,Nairobi,2026-02-02,3.73,2.72,0.2708,False,
ME-00043,CT,13074.0,The Mater Misericordiae Hospital,Nairobi,2026-02-09,6.82,6.37,0.066,False,
ME-00043,CT,13074.0,The Mater Misericordiae Hospital,Nairobi,2026-02-16,0.0,1.42,0.0,False,
ME-00043,CT,13074.0,The Mater Misericordiae Hospital,Nairobi,2026-02-23,0.0,0.0,0.0,False,
ME-00043,CT,13074.0,The Mater Misericordiae Hospital,Nairobi,2026-03-02,2.91,2.46,0.1546,False,
ME-00043,CT,13074.0,The Mater Misericordiae Hospital,Nairobi,2026-03-09,5.1,3.46,0.3216,False,
ME-00043,CT,13074.0,The Mater Misericordiae Hospital,Nairobi,2026-03-16,0.0,0.32,0.0,False,
ME-00043,CT,13074.0,The Mater Misericordiae Hospital,Nairobi,2026-03-23,0.0,0.04,0.0,False,
ME-00043,CT,13074.0,The Mater Misericordiae Hospital,Nairobi,2026-03-30,3.15,3.78,-0.2,False,
ME-00044,CT,25719.0,The white cresent Hospital,Nandi,2025-12-29,1.26,0.76,0.3968,True,"Usage-reporting discrepancy modeled on the 2026 national MES dialysis audit finding: machine usage counters showed materially more work performed than hospitals' paper registers recorded, by more than 30% in some cases."
ME-00044,CT,25719.0,The white cresent Hospital,Nandi,2026-01-05,0.0,0.0,0.0,True,"Usage-reporting discrepancy modeled on the 2026 national MES dialysis audit finding: machine usage counters showed materially more work performed than hospitals' paper registers recorded, by more than 30% in some cases."
ME-00044,CT,25719.0,The white cresent Hospital,Nandi,2026-01-12,0.96,0.61,0.3646,True,"Usage-reporting discrepancy modeled on the 2026 national MES dialysis audit finding: machine usage counters showed materially more work performed than hospitals' paper registers recorded, by more than 30% in some cases."
ME-00044,CT,25719.0,The white cresent Hospital,Nandi,2026-01-19,0.11,0.07,0.3636,True,"Usage-reporting discrepancy modeled on the 2026 national MES dialysis audit finding: machine usage counters showed materially more work performed than hospitals' paper registers recorded, by more than 30% in some cases."
ME-00044,CT,25719.0,The white cresent Hospital,Nandi,2026-01-26,3.9,2.43,0.3769,True,"Usage-reporting discrepancy modeled on the 2026 national MES dialysis audit finding: machine usage counters showed materially more work performed than hospitals' paper registers recorded, by more than 30% in some cases."
ME-00044,CT,25719.0,The white cresent Hospital,Nandi,2026-02-02,2.75,1.93,0.2982,True,"Usage-reporting discrepancy modeled on the 2026 national MES dialysis audit finding: machine usage counters showed materially more work performed than hospitals' paper registers recorded, by more than 30% in some cases."
ME-00044,CT,25719.0,The white cresent Hospital,Nandi,2026-02-09,8.31,5.21,0.373,True,"Usage-reporting discrepancy modeled on the 2026 national MES dialysis audit finding: machine usage counters showed materially more work performed than hospitals' paper registers recorded, by more than 30% in some cases."
ME-00044,CT,25719.0,The white cresent Hospital,Nandi,2026-02-16,0.0,0.0,0.0,True,"Usage-reporting discrepancy modeled on the 2026 national MES dialysis audit finding: machine usage counters showed materially more work performed than hospitals' paper registers recorded, by more than 30% in some cases."
ME-00044,CT,25719.0,The white cresent Hospital,Nandi,2026-02-23,0.0,0.0,0.0,True,"Usage-reporting discrepancy modeled on the 2026 national MES dialysis audit finding: machine usage counters showed materially more work performed than hospitals' paper registers recorded, by more than 30% in some cases."
ME-00044,CT,25719.0,The white cresent Hospital,Nandi,2026-03-02,3.26,2.21,0.3221,True,"Usage-reporting discrepancy modeled on the 2026 national MES dialysis audit finding: machine usage counters showed materially more work performed than hospitals' paper registers recorded, by more than 30% in some cases."
ME-00044,CT,25719.0,The white cresent Hospital,Nandi,2026-03-09,0.0,0.0,0.0,True,"Usage-reporting discrepancy modeled on the 2026 national MES dialysis audit finding: machine usage counters showed materially more work performed than hospitals' paper registers recorded, by more than 30% in some cases."
ME-00044,CT,25719.0,The white cresent Hospital,Nandi,2026-03-16,20.59,12.21,0.407,True,"Usage-reporting discrepancy modeled on the 2026 national MES dialysis audit finding: machine usage counters showed materially more work performed than hospitals' paper registers recorded, by more than 30% in some cases."
ME-00044,CT,25719.0,The white cresent Hospital,Nandi,2026-03-23,0.0,0.0,0.0,True,"Usage-reporting discrepancy modeled on the 2026 national MES dialysis audit finding: machine usage counters showed materially more work performed than hospitals' paper registers recorded, by more than 30% in some cases."
ME-00044,CT,25719.0,The white cresent Hospital,Nandi,2026-03-30,6.84,4.15,0.3933,True,"Usage-reporting discrepancy modeled on the 2026 national MES dialysis audit finding: machine usage counters showed materially more work performed than hospitals' paper registers recorded, by more than 30% in some cases."
ME-00045,Patient Monitor,13068.0,Marie Stopes Nursing Home (Eastleigh),Nairobi,2025-12-29,0.64,0.44,0.3125,True,"Usage-reporting discrepancy modeled on the 2026 national MES dialysis audit finding: machine usage counters showed materially more work performed than hospitals' paper registers recorded, by more than 30% in some cases."
ME-00045,Patient Monitor,13068.0,Marie Stopes Nursing Home (Eastleigh),Nairobi,2026-01-05,0.03,0.02,0.3333,True,"Usage-reporting discrepancy modeled on the 2026 national MES dialysis audit finding: machine usage counters showed materially more work performed than hospitals' paper registers recorded, by more than 30% in some cases."
ME-00045,Patient Monitor,13068.0,Marie Stopes Nursing Home (Eastleigh),Nairobi,2026-01-12,0.0,0.0,0.0,True,"Usage-reporting discrepancy modeled on the 2026 national MES dialysis audit finding: machine usage counters showed materially more work performed than hospitals' paper registers recorded, by more than 30% in some cases."
ME-00045,Patient Monitor,13068.0,Marie Stopes Nursing Home (Eastleigh),Nairobi,2026-01-19,0.0,0.0,0.0,True,"Usage-reporting discrepancy modeled on the 2026 national MES dialysis audit finding: machine usage counters showed materially more work performed than hospitals' paper registers recorded, by more than 30% in some cases."
ME-00045,Patient Monitor,13068.0,Marie Stopes Nursing Home (Eastleigh),Nairobi,2026-01-26,0.36,0.23,0.3611,True,"Usage-reporting discrepancy modeled on the 2026 national MES dialysis audit finding: machine usage counters showed materially more work performed than hospitals' paper registers recorded, by more than 30% in some cases."
ME-00045,Patient Monitor,13068.0,Marie Stopes Nursing Home (Eastleigh),Nairobi,2026-02-02,0.0,0.0,0.0,True,"Usage-reporting discrepancy modeled on the 2026 national MES dialysis audit finding: machine usage counters showed materially more work performed than hospitals' paper registers recorded, by more than 30% in some cases."
ME-00045,Patient Monitor,13068.0,Marie Stopes Nursing Home (Eastleigh),Nairobi,2026-02-09,0.0,0.0,0.0,True,"Usage-reporting discrepancy modeled on the 2026 national MES dialysis audit finding: machine usage counters showed materially more work performed than hospitals' paper registers recorded, by more than 30% in some cases."
ME-00045,Patient Monitor,13068.0,Marie Stopes Nursing Home (Eastleigh),Nairobi,2026-02-16,2.74,1.75,0.3613,True,"Usage-reporting discrepancy modeled on the 2026 national MES dialysis audit finding: machine usage counters showed materially more work performed than hospitals' paper registers recorded, by more than 30% in some cases."
ME-00045,Patient Monitor,13068.0,Marie Stopes Nursing Home (Eastleigh),Nairobi,2026-02-23,8.71,5.07,0.4179,True,"Usage-reporting discrepancy modeled on the 2026 national MES dialysis audit finding: machine usage counters showed materially more work performed than hospitals' paper registers recorded, by more than 30% in some cases."
ME-00045,Patient Monitor,13068.0,Marie Stopes Nursing Home (Eastleigh),Nairobi,2026-03-02,6.53,4.59,0.2971,True,"Usage-reporting discrepancy modeled on the 2026 national MES dialysis audit finding: machine usage counters showed materially more work performed than hospitals' paper registers recorded, by more than 30% in some cases."
ME-00045,Patient Monitor,13068.0,Marie Stopes Nursing Home (Eastleigh),Nairobi,2026-03-09,0.0,0.0,0.0,True,"Usage-reporting discrepancy modeled on the 2026 national MES dialysis audit finding: machine usage counters showed materially more work performed than hospitals' paper registers recorded, by more than 30% in some cases."
ME-00045,Patient Monitor,13068.0,Marie Stopes Nursing Home (Eastleigh),Nairobi,2026-03-16,0.0,0.0,0.0,True,"Usage-reporting discrepancy modeled on the 2026 national MES dialysis audit finding: machine usage counters showed materially more work performed than hospitals' paper registers recorded, by more than 30% in some cases."
ME-00045,Patient Monitor,13068.0,Marie Stopes Nursing Home (Eastleigh),Nairobi,2026-03-23,0.0,0.0,0.0,True,"Usage-reporting discrepancy modeled on the 2026 national MES dialysis audit finding: machine usage counters showed materially more work performed than hospitals' paper registers recorded, by more than 30% in some cases."
ME-00045,Patient Monitor,13068.0,Marie Stopes Nursing Home (Eastleigh),Nairobi,2026-03-30,0.0,0.0,0.0,True,"Usage-reporting discrepancy modeled on the 2026 national MES dialysis audit finding: machine usage counters showed materially more work performed than hospitals' paper registers recorded, by more than 30% in some cases."
ME-00046,X-Ray,12166.0,Kamutei Health Centre,Kitui,2025-12-29,1.36,0.86,0.3676,True,"Usage-reporting discrepancy modeled on the 2026 national MES dialysis audit finding: machine usage counters showed materially more work performed than hospitals' paper registers recorded, by more than 30% in some cases. Maintenance-neglect-to-breakdown pattern modeled on the 2025 Kenyatta National Hospital radiotherapy machine failure that disrupted national oncology services."
ME-00046,X-Ray,12166.0,Kamutei Health Centre,Kitui,2026-01-05,2.69,1.77,0.342,True,"Usage-reporting discrepancy modeled on the 2026 national MES dialysis audit finding: machine usage counters showed materially more work performed than hospitals' paper registers recorded, by more than 30% in some cases. Maintenance-neglect-to-breakdown pattern modeled on the 2025 Kenyatta National Hospital radiotherapy machine failure that disrupted national oncology services."
ME-00046,X-Ray,12166.0,Kamutei Health Centre,Kitui,2026-01-12,2.76,1.73,0.3732,True,"Usage-reporting discrepancy modeled on the 2026 national MES dialysis audit finding: machine usage counters showed materially more work performed than hospitals' paper registers recorded, by more than 30% in some cases. Maintenance-neglect-to-breakdown pattern modeled on the 2025 Kenyatta National Hospital radiotherapy machine failure that disrupted national oncology services."
ME-00046,X-Ray,12166.0,Kamutei Health Centre,Kitui,2026-01-19,0.0,0.0,0.0,True,"Usage-reporting discrepancy modeled on the 2026 national MES dialysis audit finding: machine usage counters showed materially more work performed than hospitals' paper registers recorded, by more than 30% in some cases. Maintenance-neglect-to-breakdown pattern modeled on the 2025 Kenyatta National Hospital radiotherapy machine failure that disrupted national oncology services."
ME-00046,X-Ray,12166.0,Kamutei Health Centre,Kitui,2026-01-26,0.0,0.0,0.0,True,"Usage-reporting discrepancy modeled on the 2026 national MES dialysis audit finding: machine usage counters showed materially more work performed than hospitals' paper registers recorded, by more than 30% in some cases. Maintenance-neglect-to-breakdown pattern modeled on the 2025 Kenyatta National Hospital radiotherapy machine failure that disrupted national oncology services."
ME-00046,X-Ray,12166.0,Kamutei Health Centre,Kitui,2026-02-02,1.2,0.83,0.3083,True,"Usage-reporting discrepancy modeled on the 2026 national MES dialysis audit finding: machine usage counters showed materially more work performed than hospitals' paper registers recorded, by more than 30% in some cases. Maintenance-neglect-to-breakdown pattern modeled on the 2025 Kenyatta National Hospital radiotherapy machine failure that disrupted national oncology services."
ME-00046,X-Ray,12166.0,Kamutei Health Centre,Kitui,2026-02-09,16.15,11.4,0.2941,True,"Usage-reporting discrepancy modeled on the 2026 national MES dialysis audit finding: machine usage counters showed materially more work performed than hospitals' paper registers recorded, by more than 30% in some cases. Maintenance-neglect-to-breakdown pattern modeled on the 2025 Kenyatta National Hospital radiotherapy machine failure that disrupted national oncology services."
ME-00046,X-Ray,12166.0,Kamutei Health Centre,Kitui,2026-02-16,5.83,3.69,0.3671,True,"Usage-reporting discrepancy modeled on the 2026 national MES dialysis audit finding: machine usage counters showed materially more work performed than hospitals' paper registers recorded, by more than 30% in some cases. Maintenance-neglect-to-breakdown pattern modeled on the 2025 Kenyatta National Hospital radiotherapy machine failure that disrupted national oncology services."
ME-00046,X-Ray,12166.0,Kamutei Health Centre,Kitui,2026-02-23,1.45,0.81,0.4414,True,"Usage-reporting discrepancy modeled on the 2026 national MES dialysis audit finding: machine usage counters showed materially more work performed than hospitals' paper registers recorded, by more than 30% in some cases. Maintenance-neglect-to-breakdown pattern modeled on the 2025 Kenyatta National Hospital radiotherapy machine failure that disrupted national oncology services."
ME-00046,X-Ray,12166.0,Kamutei Health Centre,Kitui,2026-03-02,2.44,1.56,0.3607,True,"Usage-reporting discrepancy modeled on the 2026 national MES dialysis audit finding: machine usage counters showed materially more work performed than hospitals' paper registers recorded, by more than 30% in some cases. Maintenance-neglect-to-breakdown pattern modeled on the 2025 Kenyatta National Hospital radiotherapy machine failure that disrupted national oncology services."
ME-00046,X-Ray,12166.0,Kamutei Health Centre,Kitui,2026-03-09,0.0,0.0,0.0,True,"Usage-reporting discrepancy modeled on the 2026 national MES dialysis audit finding: machine usage counters showed materially more work performed than hospitals' paper registers recorded, by more than 30% in some cases. Maintenance-neglect-to-breakdown pattern modeled on the 2025 Kenyatta National Hospital radiotherapy machine failure that disrupted national oncology services."
ME-00046,X-Ray,12166.0,Kamutei Health Centre,Kitui,2026-03-16,0.0,0.0,0.0,True,"Usage-reporting discrepancy modeled on the 2026 national MES dialysis audit finding: machine usage counters showed materially more work performed than hospitals' paper registers recorded, by more than 30% in some cases. Maintenance-neglect-to-breakdown pattern modeled on the 2025 Kenyatta National Hospital radiotherapy machine failure that disrupted national oncology services."
ME-00046,X-Ray,12166.0,Kamutei Health Centre,Kitui,2026-03-23,8.35,5.29,0.3665,True,"Usage-reporting discrepancy modeled on the 2026 national MES dialysis audit finding: machine usage counters showed materially more work performed than hospitals' paper registers recorded, by more than 30% in some cases. Maintenance-neglect-to-breakdown pattern modeled on the 2025 Kenyatta National Hospital radiotherapy machine failure that disrupted national oncology services."
ME-00046,X-Ray,12166.0,Kamutei Health Centre,Kitui,2026-03-30,2.46,1.2,0.5122,True,"Usage-reporting discrepancy modeled on the 2026 national MES dialysis audit finding: machine usage counters showed materially more work performed than hospitals' paper registers recorded, by more than 30% in some cases. Maintenance-neglect-to-breakdown pattern modeled on the 2025 Kenyatta National Hospital radiotherapy machine failure that disrupted national oncology services."
ME-00047,MRI,10539.0,Kiambu County Referal Hospital,Kiambu,2025-12-29,1.32,0.85,0.3561,False,
ME-00047,MRI,10539.0,Kiambu County Referal Hospital,Kiambu,2026-01-05,2.17,2.74,-0.2627,False,
ME-00047,MRI,10539.0,Kiambu County Referal Hospital,Kiambu,2026-01-12,0.0,2.57,0.0,False,
ME-00047,MRI,10539.0,Kiambu County Referal Hospital,Kiambu,2026-01-19,3.32,2.67,0.1958,False,
ME-00047,MRI,10539.0,Kiambu County Referal Hospital,Kiambu,2026-01-26,2.72,3.67,-0.3493,False,
ME-00047,MRI,10539.0,Kiambu County Referal Hospital,Kiambu,2026-02-02,0.0,0.55,0.0,False,
ME-00047,MRI,10539.0,Kiambu County Referal Hospital,Kiambu,2026-02-09,1.07,0.43,0.5981,False,
ME-00047,MRI,10539.0,Kiambu County Referal Hospital,Kiambu,2026-02-16,0.74,1.32,-0.7838,False,
ME-00047,MRI,10539.0,Kiambu County Referal Hospital,Kiambu,2026-02-23,13.96,10.89,0.2199,False,
ME-00047,MRI,10539.0,Kiambu County Referal Hospital,Kiambu,2026-03-02,1.1,1.04,0.0545,False,
ME-00047,MRI,10539.0,Kiambu County Referal Hospital,Kiambu,2026-03-09,20.0,19.65,0.0175,False,
ME-00047,MRI,10539.0,Kiambu County Referal Hospital,Kiambu,2026-03-16,1.1,3.28,-1.9818,False,
ME-00047,MRI,10539.0,Kiambu County Referal Hospital,Kiambu,2026-03-23,0.0,2.42,0.0,False,
ME-00047,MRI,10539.0,Kiambu County Referal Hospital,Kiambu,2026-03-30,13.08,12.3,0.0596,False,
ME-00048,Hemodialysis,16091.0,Port Victoria Hospital,Busia,2025-12-29,1.08,1.51,-0.3981,False,
ME-00048,Hemodialysis,16091.0,Port Victoria Hospital,Busia,2026-01-05,0.88,0.97,-0.1023,False,
ME-00048,Hemodialysis,16091.0,Port Victoria Hospital,Busia,2026-01-12,2.37,2.16,0.0886,False,
ME-00048,Hemodialysis,16091.0,Port Victoria Hospital,Busia,2026-01-19,2.03,1.58,0.2217,False,
ME-00048,Hemodialysis,16091.0,Port Victoria Hospital,Busia,2026-01-26,6.66,6.02,0.0961,False,
ME-00048,Hemodialysis,16091.0,Port Victoria Hospital,Busia,2026-02-02,1.42,2.03,-0.4296,False,
ME-00048,Hemodialysis,16091.0,Port Victoria Hospital,Busia,2026-02-09,1.17,2.26,-0.9316,False,
ME-00048,Hemodialysis,16091.0,Port Victoria Hospital,Busia,2026-02-16,0.0,0.0,0.0,False,
ME-00048,Hemodialysis,16091.0,Port Victoria Hospital,Busia,2026-02-23,0.0,2.79,0.0,False,
ME-00048,Hemodialysis,16091.0,Port Victoria Hospital,Busia,2026-03-02,7.44,8.75,-0.1761,False,
ME-00048,Hemodialysis,16091.0,Port Victoria Hospital,Busia,2026-03-09,0.0,0.0,0.0,False,
ME-00048,Hemodialysis,16091.0,Port Victoria Hospital,Busia,2026-03-16,0.0,0.0,0.0,False,
ME-00048,Hemodialysis,16091.0,Port Victoria Hospital,Busia,2026-03-23,12.86,12.51,0.0272,False,
ME-00048,Hemodialysis,16091.0,Port Victoria Hospital,Busia,2026-03-30,0.0,1.07,0.0,False,
ME-00049,CT,13074.0,The Mater Misericordiae Hospital,Nairobi,2025-12-29,1.14,0.61,0.4649,True,"Usage-reporting discrepancy modeled on the 2026 national MES dialysis audit finding: machine usage counters showed materially more work performed than hospitals' paper registers recorded, by more than 30% in some cases."
ME-00049,CT,13074.0,The Mater Misericordiae Hospital,Nairobi,2026-01-05,2.29,1.42,0.3799,True,"Usage-reporting discrepancy modeled on the 2026 national MES dialysis audit finding: machine usage counters showed materially more work performed than hospitals' paper registers recorded, by more than 30% in some cases."
ME-00049,CT,13074.0,The Mater Misericordiae Hospital,Nairobi,2026-01-12,2.23,1.3,0.417,True,"Usage-reporting discrepancy modeled on the 2026 national MES dialysis audit finding: machine usage counters showed materially more work performed than hospitals' paper registers recorded, by more than 30% in some cases."
ME-00049,CT,13074.0,The Mater Misericordiae Hospital,Nairobi,2026-01-19,1.57,0.98,0.3758,True,"Usage-reporting discrepancy modeled on the 2026 national MES dialysis audit finding: machine usage counters showed materially more work performed than hospitals' paper registers recorded, by more than 30% in some cases."
ME-00049,CT,13074.0,The Mater Misericordiae Hospital,Nairobi,2026-01-26,3.37,2.04,0.3947,True,"Usage-reporting discrepancy modeled on the 2026 national MES dialysis audit finding: machine usage counters showed materially more work performed than hospitals' paper registers recorded, by more than 30% in some cases."
ME-00049,CT,13074.0,The Mater Misericordiae Hospital,Nairobi,2026-02-02,0.0,0.0,0.0,True,"Usage-reporting discrepancy modeled on the 2026 national MES dialysis audit finding: machine usage counters showed materially more work performed than hospitals' paper registers recorded, by more than 30% in some cases."
ME-00049,CT,13074.0,The Mater Misericordiae Hospital,Nairobi,2026-02-09,3.58,2.38,0.3352,True,"Usage-reporting discrepancy modeled on the 2026 national MES dialysis audit finding: machine usage counters showed materially more work performed than hospitals' paper registers recorded, by more than 30% in some cases."
ME-00049,CT,13074.0,The Mater Misericordiae Hospital,Nairobi,2026-02-16,11.56,7.33,0.3659,True,"Usage-reporting discrepancy modeled on the 2026 national MES dialysis audit finding: machine usage counters showed materially more work performed than hospitals' paper registers recorded, by more than 30% in some cases."
ME-00049,CT,13074.0,The Mater Misericordiae Hospital,Nairobi,2026-02-23,0.0,0.0,0.0,True,"Usage-reporting discrepancy modeled on the 2026 national MES dialysis audit finding: machine usage counters showed materially more work performed than hospitals' paper registers recorded, by more than 30% in some cases."
ME-00049,CT,13074.0,The Mater Misericordiae Hospital,Nairobi,2026-03-02,0.0,0.0,0.0,True,"Usage-reporting discrepancy modeled on the 2026 national MES dialysis audit finding: machine usage counters showed materially more work performed than hospitals' paper registers recorded, by more than 30% in some cases."
ME-00049,CT,13074.0,The Mater Misericordiae Hospital,Nairobi,2026-03-09,22.49,12.3,0.4531,True,"Usage-reporting discrepancy modeled on the 2026 national MES dialysis audit finding: machine usage counters showed materially more work performed than hospitals' paper registers recorded, by more than 30% in some cases."
ME-00049,CT,13074.0,The Mater Misericordiae Hospital,Nairobi,2026-03-16,0.0,0.0,0.0,True,"Usage-reporting discrepancy modeled on the 2026 national MES dialysis audit finding: machine usage counters showed materially more work performed than hospitals' paper registers recorded, by more than 30% in some cases."
ME-00049,CT,13074.0,The Mater Misericordiae Hospital,Nairobi,2026-03-23,0.0,0.0,0.0,True,"Usage-reporting discrepancy modeled on the 2026 national MES dialysis audit finding: machine usage counters showed materially more work performed than hospitals' paper registers recorded, by more than 30% in some cases."
ME-00049,CT,13074.0,The Mater Misericordiae Hospital,Nairobi,2026-03-30,0.33,0.18,0.4545,True,"Usage-reporting discrepancy modeled on the 2026 national MES dialysis audit finding: machine usage counters showed materially more work performed than hospitals' paper registers recorded, by more than 30% in some cases."
ME-00050,Hemodialysis,20834.0,Mount Olive Sinai Hospital,Kajiado,2025-12-29,0.48,0.24,0.5,False,
ME-00050,Hemodialysis,20834.0,Mount Olive Sinai Hospital,Kajiado,2026-01-05,2.81,2.71,0.0356,False,
ME-00050,Hemodialysis,20834.0,Mount Olive Sinai Hospital,Kajiado,2026-01-12,2.62,1.41,0.4618,False,
ME-00050,Hemodialysis,20834.0,Mount Olive Sinai Hospital,Kajiado,2026-01-19,1.16,1.69,-0.4569,False,
ME-00050,Hemodialysis,20834.0,Mount Olive Sinai Hospital,Kajiado,2026-01-26,3.31,4.44,-0.3414,False,
ME-00050,Hemodialysis,20834.0,Mount Olive Sinai Hospital,Kajiado,2026-02-02,6.85,6.43,0.0613,False,
ME-00050,Hemodialysis,20834.0,Mount Olive Sinai Hospital,Kajiado,2026-02-09,10.97,11.5,-0.0483,False,
ME-00050,Hemodialysis,20834.0,Mount Olive Sinai Hospital,Kajiado,2026-02-16,1.2,1.49,-0.2417,False,
ME-00050,Hemodialysis,20834.0,Mount Olive Sinai Hospital,Kajiado,2026-02-23,3.47,3.88,-0.1182,False,
ME-00050,Hemodialysis,20834.0,Mount Olive Sinai Hospital,Kajiado,2026-03-02,0.0,1.97,0.0,False,
ME-00050,Hemodialysis,20834.0,Mount Olive Sinai Hospital,Kajiado,2026-03-09,0.0,0.13,0.0,False,
ME-00050,Hemodialysis,20834.0,Mount Olive Sinai Hospital,Kajiado,2026-03-16,16.27,16.48,-0.0129,False,
ME-00050,Hemodialysis,20834.0,Mount Olive Sinai Hospital,Kajiado,2026-03-23,15.17,16.31,-0.0751,False,
ME-00050,Hemodialysis,20834.0,Mount Olive Sinai Hospital,Kajiado,2026-03-30,10.22,11.3,-0.1057,False,
ME-00051,CT,15915.0,Kakamega County General Hospital,Kakamega,2025-12-29,0.59,0.35,0.4068,True,"Usage-reporting discrepancy modeled on the 2026 national MES dialysis audit finding: machine usage counters showed materially more work performed than hospitals' paper registers recorded, by more than 30% in some cases."
ME-00051,CT,15915.0,Kakamega County General Hospital,Kakamega,2026-01-05,0.46,0.29,0.3696,True,"Usage-reporting discrepancy modeled on the 2026 national MES dialysis audit finding: machine usage counters showed materially more work performed than hospitals' paper registers recorded, by more than 30% in some cases."
ME-00051,CT,15915.0,Kakamega County General Hospital,Kakamega,2026-01-12,0.0,0.0,0.0,True,"Usage-reporting discrepancy modeled on the 2026 national MES dialysis audit finding: machine usage counters showed materially more work performed than hospitals' paper registers recorded, by more than 30% in some cases."
ME-00051,CT,15915.0,Kakamega County General Hospital,Kakamega,2026-01-19,1.37,0.93,0.3212,True,"Usage-reporting discrepancy modeled on the 2026 national MES dialysis audit finding: machine usage counters showed materially more work performed than hospitals' paper registers recorded, by more than 30% in some cases."
ME-00051,CT,15915.0,Kakamega County General Hospital,Kakamega,2026-01-26,0.0,0.0,0.0,True,"Usage-reporting discrepancy modeled on the 2026 national MES dialysis audit finding: machine usage counters showed materially more work performed than hospitals' paper registers recorded, by more than 30% in some cases."
ME-00051,CT,15915.0,Kakamega County General Hospital,Kakamega,2026-02-02,0.6,0.33,0.45,True,"Usage-reporting discrepancy modeled on the 2026 national MES dialysis audit finding: machine usage counters showed materially more work performed than hospitals' paper registers recorded, by more than 30% in some cases."
ME-00051,CT,15915.0,Kakamega County General Hospital,Kakamega,2026-02-09,4.25,2.6,0.3882,True,"Usage-reporting discrepancy modeled on the 2026 national MES dialysis audit finding: machine usage counters showed materially more work performed than hospitals' paper registers recorded, by more than 30% in some cases."
ME-00051,CT,15915.0,Kakamega County General Hospital,Kakamega,2026-02-16,0.0,0.0,0.0,True,"Usage-reporting discrepancy modeled on the 2026 national MES dialysis audit finding: machine usage counters showed materially more work performed than hospitals' paper registers recorded, by more than 30% in some cases."
ME-00051,CT,15915.0,Kakamega County General Hospital,Kakamega,2026-02-23,0.0,0.0,0.0,True,"Usage-reporting discrepancy modeled on the 2026 national MES dialysis audit finding: machine usage counters showed materially more work performed than hospitals' paper registers recorded, by more than 30% in some cases."
ME-00051,CT,15915.0,Kakamega County General Hospital,Kakamega,2026-03-02,7.14,4.16,0.4174,True,"Usage-reporting discrepancy modeled on the 2026 national MES dialysis audit finding: machine usage counters showed materially more work performed than hospitals' paper registers recorded, by more than 30% in some cases."
ME-00051,CT,15915.0,Kakamega County General Hospital,Kakamega,2026-03-09,0.0,0.0,0.0,True,"Usage-reporting discrepancy modeled on the 2026 national MES dialysis audit finding: machine usage counters showed materially more work performed than hospitals' paper registers recorded, by more than 30% in some cases."
ME-00051,CT,15915.0,Kakamega County General Hospital,Kakamega,2026-03-16,0.0,0.0,0.0,True,"Usage-reporting discrepancy modeled on the 2026 national MES dialysis audit finding: machine usage counters showed materially more work performed than hospitals' paper registers recorded, by more than 30% in some cases."
ME-00051,CT,15915.0,Kakamega County General Hospital,Kakamega,2026-03-23,0.0,0.0,0.0,True,"Usage-reporting discrepancy modeled on the 2026 national MES dialysis audit finding: machine usage counters showed materially more work performed than hospitals' paper registers recorded, by more than 30% in some cases."
ME-00051,CT,15915.0,Kakamega County General Hospital,Kakamega,2026-03-30,0.0,0.0,0.0,True,"Usage-reporting discrepancy modeled on the 2026 national MES dialysis audit finding: machine usage counters showed materially more work performed than hospitals' paper registers recorded, by more than 30% in some cases."
ME-00052,MRI,25719.0,The white cresent Hospital,Nandi,2025-12-29,1.05,2.14,-1.0381,False,
ME-00052,MRI,25719.0,The white cresent Hospital,Nandi,2026-01-05,1.18,0.71,0.3983,False,
ME-00052,MRI,25719.0,The white cresent Hospital,Nandi,2026-01-12,3.09,3.96,-0.2816,False,
ME-00052,MRI,25719.0,The white cresent Hospital,Nandi,2026-01-19,0.29,0.0,1.0,False,
ME-00052,MRI,25719.0,The white cresent Hospital,Nandi,2026-01-26,4.7,6.54,-0.3915,False,
ME-00052,MRI,25719.0,The white cresent Hospital,Nandi,2026-02-02,0.0,0.71,0.0,False,
ME-00052,MRI,25719.0,The white cresent Hospital,Nandi,2026-02-09,0.0,0.0,0.0,False,
ME-00052,MRI,25719.0,The white cresent Hospital,Nandi,2026-02-16,0.0,0.0,0.0,False,
ME-00052,MRI,25719.0,The white cresent Hospital,Nandi,2026-02-23,0.0,1.58,0.0,False,
ME-00052,MRI,25719.0,The white cresent Hospital,Nandi,2026-03-02,0.0,0.22,0.0,False,
ME-00052,MRI,25719.0,The white cresent Hospital,Nandi,2026-03-09,0.0,0.0,0.0,False,
ME-00052,MRI,25719.0,The white cresent Hospital,Nandi,2026-03-16,0.0,0.0,0.0,False,
ME-00052,MRI,25719.0,The white cresent Hospital,Nandi,2026-03-23,0.0,0.0,0.0,False,
ME-00052,MRI,25719.0,The white cresent Hospital,Nandi,2026-03-30,0.0,0.1,0.0,False,
ME-00053,CT,10539.0,Kiambu County Referal Hospital,Kiambu,2025-12-29,1.24,1.43,-0.1532,False,
ME-00053,CT,10539.0,Kiambu County Referal Hospital,Kiambu,2026-01-05,1.11,1.65,-0.4865,False,
ME-00053,CT,10539.0,Kiambu County Referal Hospital,Kiambu,2026-01-12,2.1,2.45,-0.1667,False,
ME-00053,CT,10539.0,Kiambu County Referal Hospital,Kiambu,2026-01-19,4.36,5.1,-0.1697,False,
ME-00053,CT,10539.0,Kiambu County Referal Hospital,Kiambu,2026-01-26,1.38,1.59,-0.1522,False,
ME-00053,CT,10539.0,Kiambu County Referal Hospital,Kiambu,2026-02-02,0.0,0.0,0.0,False,
ME-00053,CT,10539.0,Kiambu County Referal Hospital,Kiambu,2026-02-09,2.47,1.37,0.4453,False,
ME-00053,CT,10539.0,Kiambu County Referal Hospital,Kiambu,2026-02-16,0.0,0.57,0.0,False,
ME-00053,CT,10539.0,Kiambu County Referal Hospital,Kiambu,2026-02-23,0.0,0.0,0.0,False,
ME-00053,CT,10539.0,Kiambu County Referal Hospital,Kiambu,2026-03-02,0.0,0.0,0.0,False,
ME-00053,CT,10539.0,Kiambu County Referal Hospital,Kiambu,2026-03-09,0.0,0.0,0.0,False,
ME-00053,CT,10539.0,Kiambu County Referal Hospital,Kiambu,2026-03-16,0.0,1.24,0.0,False,
ME-00053,CT,10539.0,Kiambu County Referal Hospital,Kiambu,2026-03-23,0.0,0.0,0.0,False,
ME-00053,CT,10539.0,Kiambu County Referal Hospital,Kiambu,2026-03-30,0.0,0.0,0.0,False,
ME-00054,Anesthesia,15761.0,Unilever Central Hospital,Kericho,2025-12-29,0.21,0.29,-0.381,False,
ME-00054,Anesthesia,15761.0,Unilever Central Hospital,Kericho,2026-01-05,1.76,1.91,-0.0852,False,
ME-00054,Anesthesia,15761.0,Unilever Central Hospital,Kericho,2026-01-12,4.62,5.12,-0.1082,False,
ME-00054,Anesthesia,15761.0,Unilever Central Hospital,Kericho,2026-01-19,0.0,0.0,0.0,False,
ME-00054,Anesthesia,15761.0,Unilever Central Hospital,Kericho,2026-01-26,0.0,0.91,0.0,False,
ME-00054,Anesthesia,15761.0,Unilever Central Hospital,Kericho,2026-02-02,0.0,0.0,0.0,False,
ME-00054,Anesthesia,15761.0,Unilever Central Hospital,Kericho,2026-02-09,3.71,3.48,0.062,False,
ME-00054,Anesthesia,15761.0,Unilever Central Hospital,Kericho,2026-02-16,0.0,0.38,0.0,False,
ME-00054,Anesthesia,15761.0,Unilever Central Hospital,Kericho,2026-02-23,2.32,2.55,-0.0991,False,
ME-00054,Anesthesia,15761.0,Unilever Central Hospital,Kericho,2026-03-02,2.14,2.01,0.0607,False,
ME-00054,Anesthesia,15761.0,Unilever Central Hospital,Kericho,2026-03-09,7.45,7.16,0.0389,False,
ME-00054,Anesthesia,15761.0,Unilever Central Hospital,Kericho,2026-03-16,0.51,1.04,-1.0392,False,
ME-00054,Anesthesia,15761.0,Unilever Central Hospital,Kericho,2026-03-23,0.0,0.0,0.0,False,
ME-00054,Anesthesia,15761.0,Unilever Central Hospital,Kericho,2026-03-30,8.1,7.29,0.1,False,
ME-00055,CT,13194.0,National Spinal Injury Hospital,Nairobi,2025-12-29,1.25,0.95,0.24,True,"Usage-reporting discrepancy modeled on the 2026 national MES dialysis audit finding: machine usage counters showed materially more work performed than hospitals' paper registers recorded, by more than 30% in some cases."
ME-00055,CT,13194.0,National Spinal Injury Hospital,Nairobi,2026-01-05,1.02,0.67,0.3431,True,"Usage-reporting discrepancy modeled on the 2026 national MES dialysis audit finding: machine usage counters showed materially more work performed than hospitals' paper registers recorded, by more than 30% in some cases."
ME-00055,CT,13194.0,National Spinal Injury Hospital,Nairobi,2026-01-12,1.0,0.72,0.28,True,"Usage-reporting discrepancy modeled on the 2026 national MES dialysis audit finding: machine usage counters showed materially more work performed than hospitals' paper registers recorded, by more than 30% in some cases."
ME-00055,CT,13194.0,National Spinal Injury Hospital,Nairobi,2026-01-19,9.46,7.45,0.2125,True,"Usage-reporting discrepancy modeled on the 2026 national MES dialysis audit finding: machine usage counters showed materially more work performed than hospitals' paper registers recorded, by more than 30% in some cases."
ME-00055,CT,13194.0,National Spinal Injury Hospital,Nairobi,2026-01-26,2.83,1.96,0.3074,True,"Usage-reporting discrepancy modeled on the 2026 national MES dialysis audit finding: machine usage counters showed materially more work performed than hospitals' paper registers recorded, by more than 30% in some cases."
ME-00055,CT,13194.0,National Spinal Injury Hospital,Nairobi,2026-02-02,0.0,0.0,0.0,True,"Usage-reporting discrepancy modeled on the 2026 national MES dialysis audit finding: machine usage counters showed materially more work performed than hospitals' paper registers recorded, by more than 30% in some cases."
ME-00055,CT,13194.0,National Spinal Injury Hospital,Nairobi,2026-02-09,0.0,0.0,0.0,True,"Usage-reporting discrepancy modeled on the 2026 national MES dialysis audit finding: machine usage counters showed materially more work performed than hospitals' paper registers recorded, by more than 30% in some cases."
ME-00055,CT,13194.0,National Spinal Injury Hospital,Nairobi,2026-02-16,9.83,6.41,0.3479,True,"Usage-reporting discrepancy modeled on the 2026 national MES dialysis audit finding: machine usage counters showed materially more work performed than hospitals' paper registers recorded, by more than 30% in some cases."
ME-00055,CT,13194.0,National Spinal Injury Hospital,Nairobi,2026-02-23,0.0,0.0,0.0,True,"Usage-reporting discrepancy modeled on the 2026 national MES dialysis audit finding: machine usage counters showed materially more work performed than hospitals' paper registers recorded, by more than 30% in some cases."
ME-00055,CT,13194.0,National Spinal Injury Hospital,Nairobi,2026-03-02,0.0,0.0,0.0,True,"Usage-reporting discrepancy modeled on the 2026 national MES dialysis audit finding: machine usage counters showed materially more work performed than hospitals' paper registers recorded, by more than 30% in some cases."
ME-00055,CT,13194.0,National Spinal Injury Hospital,Nairobi,2026-03-09,5.59,3.74,0.3309,True,"Usage-reporting discrepancy modeled on the 2026 national MES dialysis audit finding: machine usage counters showed materially more work performed than hospitals' paper registers recorded, by more than 30% in some cases."
ME-00055,CT,13194.0,National Spinal Injury Hospital,Nairobi,2026-03-16,0.0,0.0,0.0,True,"Usage-reporting discrepancy modeled on the 2026 national MES dialysis audit finding: machine usage counters showed materially more work performed than hospitals' paper registers recorded, by more than 30% in some cases."
ME-00055,CT,13194.0,National Spinal Injury Hospital,Nairobi,2026-03-23,5.7,3.67,0.3561,True,"Usage-reporting discrepancy modeled on the 2026 national MES dialysis audit finding: machine usage counters showed materially more work performed than hospitals' paper registers recorded, by more than 30% in some cases."
ME-00055,CT,13194.0,National Spinal Injury Hospital,Nairobi,2026-03-30,3.19,2.13,0.3323,True,"Usage-reporting discrepancy modeled on the 2026 national MES dialysis audit finding: machine usage counters showed materially more work performed than hospitals' paper registers recorded, by more than 30% in some cases."
ME-00056,X-Ray,22967.0,Vital Solutions Health Centre,Narok,2025-12-29,0.71,0.55,0.2254,True,"Usage-reporting discrepancy modeled on the 2026 national MES dialysis audit finding: machine usage counters showed materially more work performed than hospitals' paper registers recorded, by more than 30% in some cases."
ME-00056,X-Ray,22967.0,Vital Solutions Health Centre,Narok,2026-01-05,0.37,0.3,0.1892,True,"Usage-reporting discrepancy modeled on the 2026 national MES dialysis audit finding: machine usage counters showed materially more work performed than hospitals' paper registers recorded, by more than 30% in some cases."
ME-00056,X-Ray,22967.0,Vital Solutions Health Centre,Narok,2026-01-12,0.0,0.0,0.0,True,"Usage-reporting discrepancy modeled on the 2026 national MES dialysis audit finding: machine usage counters showed materially more work performed than hospitals' paper registers recorded, by more than 30% in some cases."
ME-00056,X-Ray,22967.0,Vital Solutions Health Centre,Narok,2026-01-19,0.0,0.0,0.0,True,"Usage-reporting discrepancy modeled on the 2026 national MES dialysis audit finding: machine usage counters showed materially more work performed than hospitals' paper registers recorded, by more than 30% in some cases."
ME-00056,X-Ray,22967.0,Vital Solutions Health Centre,Narok,2026-01-26,0.0,0.0,0.0,True,"Usage-reporting discrepancy modeled on the 2026 national MES dialysis audit finding: machine usage counters showed materially more work performed than hospitals' paper registers recorded, by more than 30% in some cases."
ME-00056,X-Ray,22967.0,Vital Solutions Health Centre,Narok,2026-02-02,1.91,1.45,0.2408,True,"Usage-reporting discrepancy modeled on the 2026 national MES dialysis audit finding: machine usage counters showed materially more work performed than hospitals' paper registers recorded, by more than 30% in some cases."
ME-00056,X-Ray,22967.0,Vital Solutions Health Centre,Narok,2026-02-09,0.0,0.0,0.0,True,"Usage-reporting discrepancy modeled on the 2026 national MES dialysis audit finding: machine usage counters showed materially more work performed than hospitals' paper registers recorded, by more than 30% in some cases."
ME-00056,X-Ray,22967.0,Vital Solutions Health Centre,Narok,2026-02-16,2.13,1.79,0.1596,True,"Usage-reporting discrepancy modeled on the 2026 national MES dialysis audit finding: machine usage counters showed materially more work performed than hospitals' paper registers recorded, by more than 30% in some cases."
ME-00056,X-Ray,22967.0,Vital Solutions Health Centre,Narok,2026-02-23,0.0,0.0,0.0,True,"Usage-reporting discrepancy modeled on the 2026 national MES dialysis audit finding: machine usage counters showed materially more work performed than hospitals' paper registers recorded, by more than 30% in some cases."
ME-00056,X-Ray,22967.0,Vital Solutions Health Centre,Narok,2026-03-02,0.0,0.0,0.0,True,"Usage-reporting discrepancy modeled on the 2026 national MES dialysis audit finding: machine usage counters showed materially more work performed than hospitals' paper registers recorded, by more than 30% in some cases."
ME-00056,X-Ray,22967.0,Vital Solutions Health Centre,Narok,2026-03-09,0.0,0.0,0.0,True,"Usage-reporting discrepancy modeled on the 2026 national MES dialysis audit finding: machine usage counters showed materially more work performed than hospitals' paper registers recorded, by more than 30% in some cases."
ME-00056,X-Ray,22967.0,Vital Solutions Health Centre,Narok,2026-03-16,0.0,0.0,0.0,True,"Usage-reporting discrepancy modeled on the 2026 national MES dialysis audit finding: machine usage counters showed materially more work performed than hospitals' paper registers recorded, by more than 30% in some cases."
ME-00056,X-Ray,22967.0,Vital Solutions Health Centre,Narok,2026-03-23,0.0,0.0,0.0,True,"Usage-reporting discrepancy modeled on the 2026 national MES dialysis audit finding: machine usage counters showed materially more work performed than hospitals' paper registers recorded, by more than 30% in some cases."
ME-00056,X-Ray,22967.0,Vital Solutions Health Centre,Narok,2026-03-30,11.36,9.88,0.1303,True,"Usage-reporting discrepancy modeled on the 2026 national MES dialysis audit finding: machine usage counters showed materially more work performed than hospitals' paper registers recorded, by more than 30% in some cases."
ME-00057,Ultrasound,12668.0,North Horr Health Centre,Marsabit,2025-12-29,0.95,0.76,0.2,True,"Usage-reporting discrepancy modeled on the 2026 national MES dialysis audit finding: machine usage counters showed materially more work performed than hospitals' paper registers recorded, by more than 30% in some cases."
ME-00057,Ultrasound,12668.0,North Horr Health Centre,Marsabit,2026-01-05,1.67,1.3,0.2216,True,"Usage-reporting discrepancy modeled on the 2026 national MES dialysis audit finding: machine usage counters showed materially more work performed than hospitals' paper registers recorded, by more than 30% in some cases."
ME-00057,Ultrasound,12668.0,North Horr Health Centre,Marsabit,2026-01-12,0.92,0.68,0.2609,True,"Usage-reporting discrepancy modeled on the 2026 national MES dialysis audit finding: machine usage counters showed materially more work performed than hospitals' paper registers recorded, by more than 30% in some cases."
ME-00057,Ultrasound,12668.0,North Horr Health Centre,Marsabit,2026-01-19,5.23,3.92,0.2505,True,"Usage-reporting discrepancy modeled on the 2026 national MES dialysis audit finding: machine usage counters showed materially more work performed than hospitals' paper registers recorded, by more than 30% in some cases."
ME-00057,Ultrasound,12668.0,North Horr Health Centre,Marsabit,2026-01-26,3.34,2.51,0.2485,True,"Usage-reporting discrepancy modeled on the 2026 national MES dialysis audit finding: machine usage counters showed materially more work performed than hospitals' paper registers recorded, by more than 30% in some cases."
ME-00057,Ultrasound,12668.0,North Horr Health Centre,Marsabit,2026-02-02,8.11,6.02,0.2577,True,"Usage-reporting discrepancy modeled on the 2026 national MES dialysis audit finding: machine usage counters showed materially more work performed than hospitals' paper registers recorded, by more than 30% in some cases."
ME-00057,Ultrasound,12668.0,North Horr Health Centre,Marsabit,2026-02-09,0.7,0.54,0.2286,True,"Usage-reporting discrepancy modeled on the 2026 national MES dialysis audit finding: machine usage counters showed materially more work performed than hospitals' paper registers recorded, by more than 30% in some cases."
ME-00057,Ultrasound,12668.0,North Horr Health Centre,Marsabit,2026-02-16,6.29,4.54,0.2782,True,"Usage-reporting discrepancy modeled on the 2026 national MES dialysis audit finding: machine usage counters showed materially more work performed than hospitals' paper registers recorded, by more than 30% in some cases."
ME-00057,Ultrasound,12668.0,North Horr Health Centre,Marsabit,2026-02-23,7.9,6.07,0.2316,True,"Usage-reporting discrepancy modeled on the 2026 national MES dialysis audit finding: machine usage counters showed materially more work performed than hospitals' paper registers recorded, by more than 30% in some cases."
ME-00057,Ultrasound,12668.0,North Horr Health Centre,Marsabit,2026-03-02,9.16,6.75,0.2631,True,"Usage-reporting discrepancy modeled on the 2026 national MES dialysis audit finding: machine usage counters showed materially more work performed than hospitals' paper registers recorded, by more than 30% in some cases."
ME-00057,Ultrasound,12668.0,North Horr Health Centre,Marsabit,2026-03-09,0.0,0.0,0.0,True,"Usage-reporting discrepancy modeled on the 2026 national MES dialysis audit finding: machine usage counters showed materially more work performed than hospitals' paper registers recorded, by more than 30% in some cases."
ME-00057,Ultrasound,12668.0,North Horr Health Centre,Marsabit,2026-03-16,0.0,0.0,0.0,True,"Usage-reporting discrepancy modeled on the 2026 national MES dialysis audit finding: machine usage counters showed materially more work performed than hospitals' paper registers recorded, by more than 30% in some cases."
ME-00057,Ultrasound,12668.0,North Horr Health Centre,Marsabit,2026-03-23,7.25,5.68,0.2166,True,"Usage-reporting discrepancy modeled on the 2026 national MES dialysis audit finding: machine usage counters showed materially more work performed than hospitals' paper registers recorded, by more than 30% in some cases."
ME-00057,Ultrasound,12668.0,North Horr Health Centre,Marsabit,2026-03-30,2.92,2.16,0.2603,True,"Usage-reporting discrepancy modeled on the 2026 national MES dialysis audit finding: machine usage counters showed materially more work performed than hospitals' paper registers recorded, by more than 30% in some cases."
ME-00058,MRI,24979.0,Kenyatta University Teaching Refferal and Research Hospital,Nairobi,2025-12-29,0.9,0.7,0.2222,True,"Usage-reporting discrepancy modeled on the 2026 national MES dialysis audit finding: machine usage counters showed materially more work performed than hospitals' paper registers recorded, by more than 30% in some cases."
ME-00058,MRI,24979.0,Kenyatta University Teaching Refferal and Research Hospital,Nairobi,2026-01-05,2.67,1.83,0.3146,True,"Usage-reporting discrepancy modeled on the 2026 national MES dialysis audit finding: machine usage counters showed materially more work performed than hospitals' paper registers recorded, by more than 30% in some cases."
ME-00058,MRI,24979.0,Kenyatta University Teaching Refferal and Research Hospital,Nairobi,2026-01-12,4.95,3.65,0.2626,True,"Usage-reporting discrepancy modeled on the 2026 national MES dialysis audit finding: machine usage counters showed materially more work performed than hospitals' paper registers recorded, by more than 30% in some cases."
ME-00058,MRI,24979.0,Kenyatta University Teaching Refferal and Research Hospital,Nairobi,2026-01-19,5.38,3.91,0.2732,True,"Usage-reporting discrepancy modeled on the 2026 national MES dialysis audit finding: machine usage counters showed materially more work performed than hospitals' paper registers recorded, by more than 30% in some cases."
ME-00058,MRI,24979.0,Kenyatta University Teaching Refferal and Research Hospital,Nairobi,2026-01-26,2.23,1.64,0.2646,True,"Usage-reporting discrepancy modeled on the 2026 national MES dialysis audit finding: machine usage counters showed materially more work performed than hospitals' paper registers recorded, by more than 30% in some cases."
ME-00058,MRI,24979.0,Kenyatta University Teaching Refferal and Research Hospital,Nairobi,2026-02-02,0.34,0.23,0.3235,True,"Usage-reporting discrepancy modeled on the 2026 national MES dialysis audit finding: machine usage counters showed materially more work performed than hospitals' paper registers recorded, by more than 30% in some cases."
ME-00058,MRI,24979.0,Kenyatta University Teaching Refferal and Research Hospital,Nairobi,2026-02-09,2.08,1.48,0.2885,True,"Usage-reporting discrepancy modeled on the 2026 national MES dialysis audit finding: machine usage counters showed materially more work performed than hospitals' paper registers recorded, by more than 30% in some cases."
ME-00058,MRI,24979.0,Kenyatta University Teaching Refferal and Research Hospital,Nairobi,2026-02-16,3.29,2.42,0.2644,True,"Usage-reporting discrepancy modeled on the 2026 national MES dialysis audit finding: machine usage counters showed materially more work performed than hospitals' paper registers recorded, by more than 30% in some cases."
ME-00058,MRI,24979.0,Kenyatta University Teaching Refferal and Research Hospital,Nairobi,2026-02-23,9.2,6.93,0.2467,True,"Usage-reporting discrepancy modeled on the 2026 national MES dialysis audit finding: machine usage counters showed materially more work performed than hospitals' paper registers recorded, by more than 30% in some cases."
ME-00058,MRI,24979.0,Kenyatta University Teaching Refferal and Research Hospital,Nairobi,2026-03-02,0.0,0.0,0.0,True,"Usage-reporting discrepancy modeled on the 2026 national MES dialysis audit finding: machine usage counters showed materially more work performed than hospitals' paper registers recorded, by more than 30% in some cases."
ME-00058,MRI,24979.0,Kenyatta University Teaching Refferal and Research Hospital,Nairobi,2026-03-09,5.66,4.13,0.2703,True,"Usage-reporting discrepancy modeled on the 2026 national MES dialysis audit finding: machine usage counters showed materially more work performed than hospitals' paper registers recorded, by more than 30% in some cases."
ME-00058,MRI,24979.0,Kenyatta University Teaching Refferal and Research Hospital,Nairobi,2026-03-16,0.0,0.0,0.0,True,"Usage-reporting discrepancy modeled on the 2026 national MES dialysis audit finding: machine usage counters showed materially more work performed than hospitals' paper registers recorded, by more than 30% in some cases."
ME-00058,MRI,24979.0,Kenyatta University Teaching Refferal and Research Hospital,Nairobi,2026-03-23,0.0,0.0,0.0,True,"Usage-reporting discrepancy modeled on the 2026 national MES dialysis audit finding: machine usage counters showed materially more work performed than hospitals' paper registers recorded, by more than 30% in some cases."
ME-00058,MRI,24979.0,Kenyatta University Teaching Refferal and Research Hospital,Nairobi,2026-03-30,1.55,1.0,0.3548,True,"Usage-reporting discrepancy modeled on the 2026 national MES dialysis audit finding: machine usage counters showed materially more work performed than hospitals' paper registers recorded, by more than 30% in some cases."
ME-00059,Ventilator,21676.0,RAPHA HOSPITAL -MAKUENI,Makueni,2025-12-29,0.66,1.04,-0.5758,False,
ME-00059,Ventilator,21676.0,RAPHA HOSPITAL -MAKUENI,Makueni,2026-01-05,2.83,3.01,-0.0636,False,
ME-00059,Ventilator,21676.0,RAPHA HOSPITAL -MAKUENI,Makueni,2026-01-12,3.53,2.15,0.3909,False,
ME-00059,Ventilator,21676.0,RAPHA HOSPITAL -MAKUENI,Makueni,2026-01-19,0.0,0.0,0.0,False,
ME-00059,Ventilator,21676.0,RAPHA HOSPITAL -MAKUENI,Makueni,2026-01-26,2.33,3.34,-0.4335,False,
ME-00059,Ventilator,21676.0,RAPHA HOSPITAL -MAKUENI,Makueni,2026-02-02,0.8,0.0,1.0,False,
ME-00059,Ventilator,21676.0,RAPHA HOSPITAL -MAKUENI,Makueni,2026-02-09,0.0,0.0,0.0,False,
ME-00059,Ventilator,21676.0,RAPHA HOSPITAL -MAKUENI,Makueni,2026-02-16,0.0,0.11,0.0,False,
ME-00059,Ventilator,21676.0,RAPHA HOSPITAL -MAKUENI,Makueni,2026-02-23,0.0,0.71,0.0,False,
ME-00059,Ventilator,21676.0,RAPHA HOSPITAL -MAKUENI,Makueni,2026-03-02,0.0,1.45,0.0,False,
ME-00059,Ventilator,21676.0,RAPHA HOSPITAL -MAKUENI,Makueni,2026-03-09,5.53,7.44,-0.3454,False,
ME-00059,Ventilator,21676.0,RAPHA HOSPITAL -MAKUENI,Makueni,2026-03-16,0.0,0.0,0.0,False,
ME-00059,Ventilator,21676.0,RAPHA HOSPITAL -MAKUENI,Makueni,2026-03-23,0.0,0.0,0.0,False,
ME-00059,Ventilator,21676.0,RAPHA HOSPITAL -MAKUENI,Makueni,2026-03-30,10.28,11.22,-0.0914,False,
ME-00060,Hemodialysis,18005.0,South B Hospital Ltd,Nairobi,2025-12-29,1.41,1.01,0.2837,True,"Usage-reporting discrepancy modeled on the 2026 national MES dialysis audit finding: machine usage counters showed materially more work performed than hospitals' paper registers recorded, by more than 30% in some cases. Maintenance-neglect-to-breakdown pattern modeled on the January 2025 Naivasha sub-county hospital dialysis machine breakdown, which forced patients to seek care elsewhere."
ME-00060,Hemodialysis,18005.0,South B Hospital Ltd,Nairobi,2026-01-05,3.72,3.02,0.1882,True,"Usage-reporting discrepancy modeled on the 2026 national MES dialysis audit finding: machine usage counters showed materially more work performed than hospitals' paper registers recorded, by more than 30% in some cases. Maintenance-neglect-to-breakdown pattern modeled on the January 2025 Naivasha sub-county hospital dialysis machine breakdown, which forced patients to seek care elsewhere."
ME-00060,Hemodialysis,18005.0,South B Hospital Ltd,Nairobi,2026-01-12,0.0,0.0,0.0,True,"Usage-reporting discrepancy modeled on the 2026 national MES dialysis audit finding: machine usage counters showed materially more work performed than hospitals' paper registers recorded, by more than 30% in some cases. Maintenance-neglect-to-breakdown pattern modeled on the January 2025 Naivasha sub-county hospital dialysis machine breakdown, which forced patients to seek care elsewhere."
ME-00060,Hemodialysis,18005.0,South B Hospital Ltd,Nairobi,2026-01-19,3.9,3.07,0.2128,True,"Usage-reporting discrepancy modeled on the 2026 national MES dialysis audit finding: machine usage counters showed materially more work performed than hospitals' paper registers recorded, by more than 30% in some cases. Maintenance-neglect-to-breakdown pattern modeled on the January 2025 Naivasha sub-county hospital dialysis machine breakdown, which forced patients to seek care elsewhere."
ME-00060,Hemodialysis,18005.0,South B Hospital Ltd,Nairobi,2026-01-26,4.35,3.17,0.2713,True,"Usage-reporting discrepancy modeled on the 2026 national MES dialysis audit finding: machine usage counters showed materially more work performed than hospitals' paper registers recorded, by more than 30% in some cases. Maintenance-neglect-to-breakdown pattern modeled on the January 2025 Naivasha sub-county hospital dialysis machine breakdown, which forced patients to seek care elsewhere."
ME-00060,Hemodialysis,18005.0,South B Hospital Ltd,Nairobi,2026-02-02,0.0,0.0,0.0,True,"Usage-reporting discrepancy modeled on the 2026 national MES dialysis audit finding: machine usage counters showed materially more work performed than hospitals' paper registers recorded, by more than 30% in some cases. Maintenance-neglect-to-breakdown pattern modeled on the January 2025 Naivasha sub-county hospital dialysis machine breakdown, which forced patients to seek care elsewhere."
ME-00060,Hemodialysis,18005.0,South B Hospital Ltd,Nairobi,2026-02-09,0.0,0.0,0.0,True,"Usage-reporting discrepancy modeled on the 2026 national MES dialysis audit finding: machine usage counters showed materially more work performed than hospitals' paper registers recorded, by more than 30% in some cases. Maintenance-neglect-to-breakdown pattern modeled on the January 2025 Naivasha sub-county hospital dialysis machine breakdown, which forced patients to seek care elsewhere."
ME-00060,Hemodialysis,18005.0,South B Hospital Ltd,Nairobi,2026-02-16,0.0,0.0,0.0,True,"Usage-reporting discrepancy modeled on the 2026 national MES dialysis audit finding: machine usage counters showed materially more work performed than hospitals' paper registers recorded, by more than 30% in some cases. Maintenance-neglect-to-breakdown pattern modeled on the January 2025 Naivasha sub-county hospital dialysis machine breakdown, which forced patients to seek care elsewhere."
ME-00060,Hemodialysis,18005.0,South B Hospital Ltd,Nairobi,2026-02-23,0.0,0.0,0.0,True,"Usage-reporting discrepancy modeled on the 2026 national MES dialysis audit finding: machine usage counters showed materially more work performed than hospitals' paper registers recorded, by more than 30% in some cases. Maintenance-neglect-to-breakdown pattern modeled on the January 2025 Naivasha sub-county hospital dialysis machine breakdown, which forced patients to seek care elsewhere."
ME-00060,Hemodialysis,18005.0,South B Hospital Ltd,Nairobi,2026-03-02,1.18,0.89,0.2458,True,"Usage-reporting discrepancy modeled on the 2026 national MES dialysis audit finding: machine usage counters showed materially more work performed than hospitals' paper registers recorded, by more than 30% in some cases. Maintenance-neglect-to-breakdown pattern modeled on the January 2025 Naivasha sub-county hospital dialysis machine breakdown, which forced patients to seek care elsewhere."
ME-00060,Hemodialysis,18005.0,South B Hospital Ltd,Nairobi,2026-03-09,0.0,0.0,0.0,True,"Usage-reporting discrepancy modeled on the 2026 national MES dialysis audit finding: machine usage counters showed materially more work performed than hospitals' paper registers recorded, by more than 30% in some cases. Maintenance-neglect-to-breakdown pattern modeled on the January 2025 Naivasha sub-county hospital dialysis machine breakdown, which forced patients to seek care elsewhere."
ME-00060,Hemodialysis,18005.0,South B Hospital Ltd,Nairobi,2026-03-16,0.0,0.0,0.0,True,"Usage-reporting discrepancy modeled on the 2026 national MES dialysis audit finding: machine usage counters showed materially more work performed than hospitals' paper registers recorded, by more than 30% in some cases. Maintenance-neglect-to-breakdown pattern modeled on the January 2025 Naivasha sub-county hospital dialysis machine breakdown, which forced patients to seek care elsewhere."
ME-00060,Hemodialysis,18005.0,South B Hospital Ltd,Nairobi,2026-03-23,0.0,0.0,0.0,True,"Usage-reporting discrepancy modeled on the 2026 national MES dialysis audit finding: machine usage counters showed materially more work performed than hospitals' paper registers recorded, by more than 30% in some cases. Maintenance-neglect-to-breakdown pattern modeled on the January 2025 Naivasha sub-county hospital dialysis machine breakdown, which forced patients to seek care elsewhere."
ME-00060,Hemodialysis,18005.0,South B Hospital Ltd,Nairobi,2026-03-30,0.0,0.0,0.0,True,"Usage-reporting discrepancy modeled on the 2026 national MES dialysis audit finding: machine usage counters showed materially more work performed than hospitals' paper registers recorded, by more than 30% in some cases. Maintenance-neglect-to-breakdown pattern modeled on the January 2025 Naivasha sub-county hospital dialysis machine breakdown, which forced patients to seek care elsewhere."
ME-00061,Ventilator,14294.0,Chebiemit District Hospital,Elgeyo Marakwet,2025-12-29,0.52,1.82,-2.5,False,
ME-00061,Ventilator,14294.0,Chebiemit District Hospital,Elgeyo Marakwet,2026-01-05,3.14,4.4,-0.4013,False,
ME-00061,Ventilator,14294.0,Chebiemit District Hospital,Elgeyo Marakwet,2026-01-12,0.0,1.0,0.0,False,
ME-00061,Ventilator,14294.0,Chebiemit District Hospital,Elgeyo Marakwet,2026-01-19,2.16,2.41,-0.1157,False,
ME-00061,Ventilator,14294.0,Chebiemit District Hospital,Elgeyo Marakwet,2026-01-26,0.22,0.0,1.0,False,
ME-00061,Ventilator,14294.0,Chebiemit District Hospital,Elgeyo Marakwet,2026-02-02,0.33,0.79,-1.3939,False,
ME-00061,Ventilator,14294.0,Chebiemit District Hospital,Elgeyo Marakwet,2026-02-09,1.25,0.53,0.576,False,
ME-00061,Ventilator,14294.0,Chebiemit District Hospital,Elgeyo Marakwet,2026-02-16,0.0,0.16,0.0,False,
ME-00061,Ventilator,14294.0,Chebiemit District Hospital,Elgeyo Marakwet,2026-02-23,3.67,1.63,0.5559,False,
ME-00061,Ventilator,14294.0,Chebiemit District Hospital,Elgeyo Marakwet,2026-03-02,8.8,7.11,0.192,False,
ME-00061,Ventilator,14294.0,Chebiemit District Hospital,Elgeyo Marakwet,2026-03-09,0.0,1.05,0.0,False,
ME-00061,Ventilator,14294.0,Chebiemit District Hospital,Elgeyo Marakwet,2026-03-16,0.0,2.27,0.0,False,
ME-00061,Ventilator,14294.0,Chebiemit District Hospital,Elgeyo Marakwet,2026-03-23,14.95,14.64,0.0207,False,
ME-00061,Ventilator,14294.0,Chebiemit District Hospital,Elgeyo Marakwet,2026-03-30,0.0,1.47,0.0,False,
ME-00062,MRI,15288.0,Nakuru Provincial General Hospital,Nakuru,2025-12-29,0.54,0.0,1.0,False,
ME-00062,MRI,15288.0,Nakuru Provincial General Hospital,Nakuru,2026-01-05,0.38,4.08,-9.7368,False,
ME-00062,MRI,15288.0,Nakuru Provincial General Hospital,Nakuru,2026-01-12,0.28,0.17,0.3929,False,
ME-00062,MRI,15288.0,Nakuru Provincial General Hospital,Nakuru,2026-01-19,5.08,6.25,-0.2303,False,
ME-00062,MRI,15288.0,Nakuru Provincial General Hospital,Nakuru,2026-01-26,0.0,0.0,0.0,False,
ME-00062,MRI,15288.0,Nakuru Provincial General Hospital,Nakuru,2026-02-02,0.0,0.24,0.0,False,
ME-00062,MRI,15288.0,Nakuru Provincial General Hospital,Nakuru,2026-02-09,2.54,1.51,0.4055,False,
ME-00062,MRI,15288.0,Nakuru Provincial General Hospital,Nakuru,2026-02-16,4.36,3.73,0.1445,False,
ME-00062,MRI,15288.0,Nakuru Provincial General Hospital,Nakuru,2026-02-23,0.0,0.0,0.0,False,
ME-00062,MRI,15288.0,Nakuru Provincial General Hospital,Nakuru,2026-03-02,0.0,0.21,0.0,False,
ME-00062,MRI,15288.0,Nakuru Provincial General Hospital,Nakuru,2026-03-09,0.02,0.0,1.0,False,
ME-00062,MRI,15288.0,Nakuru Provincial General Hospital,Nakuru,2026-03-16,0.0,0.0,0.0,False,
ME-00062,MRI,15288.0,Nakuru Provincial General Hospital,Nakuru,2026-03-23,0.0,0.0,0.0,False,
ME-00062,MRI,15288.0,Nakuru Provincial General Hospital,Nakuru,2026-03-30,11.16,10.03,0.1013,False,
ME-00063,Hemodialysis,13298.0,Balambala Sub-District Hospital,Garissa,2025-12-29,1.1,0.68,0.3818,True,"Usage-reporting discrepancy modeled on the 2026 national MES dialysis audit finding: machine usage counters showed materially more work performed than hospitals' paper registers recorded, by more than 30% in some cases."
ME-00063,Hemodialysis,13298.0,Balambala Sub-District Hospital,Garissa,2026-01-05,1.57,0.98,0.3758,True,"Usage-reporting discrepancy modeled on the 2026 national MES dialysis audit finding: machine usage counters showed materially more work performed than hospitals' paper registers recorded, by more than 30% in some cases."
ME-00063,Hemodialysis,13298.0,Balambala Sub-District Hospital,Garissa,2026-01-12,0.0,0.0,0.0,True,"Usage-reporting discrepancy modeled on the 2026 national MES dialysis audit finding: machine usage counters showed materially more work performed than hospitals' paper registers recorded, by more than 30% in some cases."
ME-00063,Hemodialysis,13298.0,Balambala Sub-District Hospital,Garissa,2026-01-19,4.61,2.66,0.423,True,"Usage-reporting discrepancy modeled on the 2026 national MES dialysis audit finding: machine usage counters showed materially more work performed than hospitals' paper registers recorded, by more than 30% in some cases."
ME-00063,Hemodialysis,13298.0,Balambala Sub-District Hospital,Garissa,2026-01-26,0.9,0.55,0.3889,True,"Usage-reporting discrepancy modeled on the 2026 national MES dialysis audit finding: machine usage counters showed materially more work performed than hospitals' paper registers recorded, by more than 30% in some cases."
ME-00063,Hemodialysis,13298.0,Balambala Sub-District Hospital,Garissa,2026-02-02,1.49,0.84,0.4362,True,"Usage-reporting discrepancy modeled on the 2026 national MES dialysis audit finding: machine usage counters showed materially more work performed than hospitals' paper registers recorded, by more than 30% in some cases."
ME-00063,Hemodialysis,13298.0,Balambala Sub-District Hospital,Garissa,2026-02-09,0.0,0.0,0.0,True,"Usage-reporting discrepancy modeled on the 2026 national MES dialysis audit finding: machine usage counters showed materially more work performed than hospitals' paper registers recorded, by more than 30% in some cases."
ME-00063,Hemodialysis,13298.0,Balambala Sub-District Hospital,Garissa,2026-02-16,3.95,2.18,0.4481,True,"Usage-reporting discrepancy modeled on the 2026 national MES dialysis audit finding: machine usage counters showed materially more work performed than hospitals' paper registers recorded, by more than 30% in some cases."
ME-00063,Hemodialysis,13298.0,Balambala Sub-District Hospital,Garissa,2026-02-23,0.73,0.43,0.411,True,"Usage-reporting discrepancy modeled on the 2026 national MES dialysis audit finding: machine usage counters showed materially more work performed than hospitals' paper registers recorded, by more than 30% in some cases."
ME-00063,Hemodialysis,13298.0,Balambala Sub-District Hospital,Garissa,2026-03-02,0.0,0.0,0.0,True,"Usage-reporting discrepancy modeled on the 2026 national MES dialysis audit finding: machine usage counters showed materially more work performed than hospitals' paper registers recorded, by more than 30% in some cases."
ME-00063,Hemodialysis,13298.0,Balambala Sub-District Hospital,Garissa,2026-03-09,0.0,0.0,0.0,True,"Usage-reporting discrepancy modeled on the 2026 national MES dialysis audit finding: machine usage counters showed materially more work performed than hospitals' paper registers recorded, by more than 30% in some cases."
ME-00063,Hemodialysis,13298.0,Balambala Sub-District Hospital,Garissa,2026-03-16,9.98,6.03,0.3958,True,"Usage-reporting discrepancy modeled on the 2026 national MES dialysis audit finding: machine usage counters showed materially more work performed than hospitals' paper registers recorded, by more than 30% in some cases."
ME-00063,Hemodialysis,13298.0,Balambala Sub-District Hospital,Garissa,2026-03-23,0.0,0.0,0.0,True,"Usage-reporting discrepancy modeled on the 2026 national MES dialysis audit finding: machine usage counters showed materially more work performed than hospitals' paper registers recorded, by more than 30% in some cases."
ME-00063,Hemodialysis,13298.0,Balambala Sub-District Hospital,Garissa,2026-03-30,0.0,0.0,0.0,True,"Usage-reporting discrepancy modeled on the 2026 national MES dialysis audit finding: machine usage counters showed materially more work performed than hospitals' paper registers recorded, by more than 30% in some cases."
ME-00064,X-Ray,16438.0,Kyeleni Health Centre,Machakos,2025-12-29,0.58,0.9,-0.5517,False,
ME-00064,X-Ray,16438.0,Kyeleni Health Centre,Machakos,2026-01-05,0.63,1.43,-1.2698,False,
ME-00064,X-Ray,16438.0,Kyeleni Health Centre,Machakos,2026-01-12,0.86,0.95,-0.1047,False,
ME-00064,X-Ray,16438.0,Kyeleni Health Centre,Machakos,2026-01-19,0.0,0.35,0.0,False,
ME-00064,X-Ray,16438.0,Kyeleni Health Centre,Machakos,2026-01-26,0.0,1.07,0.0,False,
ME-00064,X-Ray,16438.0,Kyeleni Health Centre,Machakos,2026-02-02,0.0,1.2,0.0,False,
ME-00064,X-Ray,16438.0,Kyeleni Health Centre,Machakos,2026-02-09,0.0,0.0,0.0,False,
ME-00064,X-Ray,16438.0,Kyeleni Health Centre,Machakos,2026-02-16,10.0,10.13,-0.013,False,
ME-00064,X-Ray,16438.0,Kyeleni Health Centre,Machakos,2026-02-23,11.57,11.17,0.0346,False,
ME-00064,X-Ray,16438.0,Kyeleni Health Centre,Machakos,2026-03-02,11.38,12.25,-0.0764,False,
ME-00064,X-Ray,16438.0,Kyeleni Health Centre,Machakos,2026-03-09,5.62,5.93,-0.0552,False,
ME-00064,X-Ray,16438.0,Kyeleni Health Centre,Machakos,2026-03-16,17.14,16.62,0.0303,False,
ME-00064,X-Ray,16438.0,Kyeleni Health Centre,Machakos,2026-03-23,0.0,0.0,0.0,False,
ME-00064,X-Ray,16438.0,Kyeleni Health Centre,Machakos,2026-03-30,0.0,0.33,0.0,False,
ME-00065,Ultrasound,20565.0,Olkaria Community Health Centre(Naivasha),Nakuru,2025-12-29,0.83,1.0,-0.2048,False,
ME-00065,Ultrasound,20565.0,Olkaria Community Health Centre(Naivasha),Nakuru,2026-01-05,0.79,1.06,-0.3418,False,
ME-00065,Ultrasound,20565.0,Olkaria Community Health Centre(Naivasha),Nakuru,2026-01-12,0.55,0.08,0.8545,False,
ME-00065,Ultrasound,20565.0,Olkaria Community Health Centre(Naivasha),Nakuru,2026-01-19,1.31,0.38,0.7099,False,
ME-00065,Ultrasound,20565.0,Olkaria Community Health Centre(Naivasha),Nakuru,2026-01-26,7.74,8.75,-0.1305,False,
ME-00065,Ultrasound,20565.0,Olkaria Community Health Centre(Naivasha),Nakuru,2026-02-02,15.2,14.98,0.0145,False,
ME-00065,Ultrasound,20565.0,Olkaria Community Health Centre(Naivasha),Nakuru,2026-02-09,0.0,0.0,0.0,False,
ME-00065,Ultrasound,20565.0,Olkaria Community Health Centre(Naivasha),Nakuru,2026-02-16,4.54,5.02,-0.1057,False,
ME-00065,Ultrasound,20565.0,Olkaria Community Health Centre(Naivasha),Nakuru,2026-02-23,6.7,6.38,0.0478,False,
ME-00065,Ultrasound,20565.0,Olkaria Community Health Centre(Naivasha),Nakuru,2026-03-02,4.12,3.53,0.1432,False,
ME-00065,Ultrasound,20565.0,Olkaria Community Health Centre(Naivasha),Nakuru,2026-03-09,10.39,9.85,0.052,False,
ME-00065,Ultrasound,20565.0,Olkaria Community Health Centre(Naivasha),Nakuru,2026-03-16,0.0,0.89,0.0,False,
ME-00065,Ultrasound,20565.0,Olkaria Community Health Centre(Naivasha),Nakuru,2026-03-23,7.71,7.93,-0.0285,False,
ME-00065,Ultrasound,20565.0,Olkaria Community Health Centre(Naivasha),Nakuru,2026-03-30,3.8,4.31,-0.1342,False,
ME-00066,Ventilator,23674.0,Sori Lakeside Hospital Annex-Nyatike,Migori,2025-12-29,1.09,1.33,-0.2202,False,
ME-00066,Ventilator,23674.0,Sori Lakeside Hospital Annex-Nyatike,Migori,2026-01-05,0.0,0.0,0.0,False,
ME-00066,Ventilator,23674.0,Sori Lakeside Hospital Annex-Nyatike,Migori,2026-01-12,3.83,0.82,0.7859,False,
ME-00066,Ventilator,23674.0,Sori Lakeside Hospital Annex-Nyatike,Migori,2026-01-19,4.54,3.42,0.2467,False,
ME-00066,Ventilator,23674.0,Sori Lakeside Hospital Annex-Nyatike,Migori,2026-01-26,2.51,3.05,-0.2151,False,
ME-00066,Ventilator,23674.0,Sori Lakeside Hospital Annex-Nyatike,Migori,2026-02-02,0.0,0.0,0.0,False,
ME-00066,Ventilator,23674.0,Sori Lakeside Hospital Annex-Nyatike,Migori,2026-02-09,0.0,0.0,0.0,False,
ME-00066,Ventilator,23674.0,Sori Lakeside Hospital Annex-Nyatike,Migori,2026-02-16,0.0,0.09,0.0,False,
ME-00066,Ventilator,23674.0,Sori Lakeside Hospital Annex-Nyatike,Migori,2026-02-23,0.0,0.21,0.0,False,
ME-00066,Ventilator,23674.0,Sori Lakeside Hospital Annex-Nyatike,Migori,2026-03-02,0.0,0.06,0.0,False,
ME-00066,Ventilator,23674.0,Sori Lakeside Hospital Annex-Nyatike,Migori,2026-03-09,0.0,0.07,0.0,False,
ME-00066,Ventilator,23674.0,Sori Lakeside Hospital Annex-Nyatike,Migori,2026-03-16,0.0,0.0,0.0,False,
ME-00066,Ventilator,23674.0,Sori Lakeside Hospital Annex-Nyatike,Migori,2026-03-23,0.0,0.0,0.0,False,
ME-00066,Ventilator,23674.0,Sori Lakeside Hospital Annex-Nyatike,Migori,2026-03-30,0.0,0.0,0.0,False,
ME-00067,MRI,13074.0,The Mater Misericordiae Hospital,Nairobi,2025-12-29,0.89,0.45,0.4944,False,
ME-00067,MRI,13074.0,The Mater Misericordiae Hospital,Nairobi,2026-01-05,1.46,0.58,0.6027,False,
ME-00067,MRI,13074.0,The Mater Misericordiae Hospital,Nairobi,2026-01-12,2.89,3.08,-0.0657,False,
ME-00067,MRI,13074.0,The Mater Misericordiae Hospital,Nairobi,2026-01-19,2.05,2.03,0.0098,False,
ME-00067,MRI,13074.0,The Mater Misericordiae Hospital,Nairobi,2026-01-26,3.61,2.72,0.2465,False,
ME-00067,MRI,13074.0,The Mater Misericordiae Hospital,Nairobi,2026-02-02,0.12,0.0,1.0,False,
ME-00067,MRI,13074.0,The Mater Misericordiae Hospital,Nairobi,2026-02-09,0.0,0.86,0.0,False,
ME-00067,MRI,13074.0,The Mater Misericordiae Hospital,Nairobi,2026-02-16,4.85,6.01,-0.2392,False,
ME-00067,MRI,13074.0,The Mater Misericordiae Hospital,Nairobi,2026-02-23,0.0,0.0,0.0,False,
ME-00067,MRI,13074.0,The Mater Misericordiae Hospital,Nairobi,2026-03-02,5.02,3.79,0.245,False,
ME-00067,MRI,13074.0,The Mater Misericordiae Hospital,Nairobi,2026-03-09,7.18,7.1,0.0111,False,
ME-00067,MRI,13074.0,The Mater Misericordiae Hospital,Nairobi,2026-03-16,13.38,12.55,0.062,False,
ME-00067,MRI,13074.0,The Mater Misericordiae Hospital,Nairobi,2026-03-23,0.0,0.98,0.0,False,
ME-00067,MRI,13074.0,The Mater Misericordiae Hospital,Nairobi,2026-03-30,0.0,0.0,0.0,False,
ME-00068,CT,25045.0,Mwai Kibaki Teaching and Referral Hospital,Nyeri,2025-12-29,1.79,1.14,0.3631,False,
ME-00068,CT,25045.0,Mwai Kibaki Teaching and Referral Hospital,Nyeri,2026-01-05,2.49,3.27,-0.3133,False,
ME-00068,CT,25045.0,Mwai Kibaki Teaching and Referral Hospital,Nyeri,2026-01-12,3.37,4.4,-0.3056,False,
ME-00068,CT,25045.0,Mwai Kibaki Teaching and Referral Hospital,Nyeri,2026-01-19,0.94,0.0,1.0,False,
ME-00068,CT,25045.0,Mwai Kibaki Teaching and Referral Hospital,Nyeri,2026-01-26,0.82,2.04,-1.4878,False,
ME-00068,CT,25045.0,Mwai Kibaki Teaching and Referral Hospital,Nyeri,2026-02-02,0.0,0.0,0.0,False,
ME-00068,CT,25045.0,Mwai Kibaki Teaching and Referral Hospital,Nyeri,2026-02-09,0.0,0.0,0.0,False,
ME-00068,CT,25045.0,Mwai Kibaki Teaching and Referral Hospital,Nyeri,2026-02-16,1.49,2.37,-0.5906,False,
ME-00068,CT,25045.0,Mwai Kibaki Teaching and Referral Hospital,Nyeri,2026-02-23,0.3,1.19,-2.9667,False,
ME-00068,CT,25045.0,Mwai Kibaki Teaching and Referral Hospital,Nyeri,2026-03-02,2.35,1.94,0.1745,False,
ME-00068,CT,25045.0,Mwai Kibaki Teaching and Referral Hospital,Nyeri,2026-03-09,0.0,0.17,0.0,False,
ME-00068,CT,25045.0,Mwai Kibaki Teaching and Referral Hospital,Nyeri,2026-03-16,15.85,16.52,-0.0423,False,
ME-00068,CT,25045.0,Mwai Kibaki Teaching and Referral Hospital,Nyeri,2026-03-23,2.48,3.71,-0.496,False,
ME-00068,CT,25045.0,Mwai Kibaki Teaching and Referral Hospital,Nyeri,2026-03-30,0.71,0.27,0.6197,False,
ME-00069,Ultrasound,17661.0,Mutethia Kiraone Nursing Home,Meru,2025-12-29,0.89,1.24,-0.3933,False,
ME-00069,Ultrasound,17661.0,Mutethia Kiraone Nursing Home,Meru,2026-01-05,2.48,3.81,-0.5363,False,
ME-00069,Ultrasound,17661.0,Mutethia Kiraone Nursing Home,Meru,2026-01-12,2.88,3.54,-0.2292,False,
ME-00069,Ultrasound,17661.0,Mutethia Kiraone Nursing Home,Meru,2026-01-19,4.84,3.97,0.1798,False,
ME-00069,Ultrasound,17661.0,Mutethia Kiraone Nursing Home,Meru,2026-01-26,0.21,0.0,1.0,False,
ME-00069,Ultrasound,17661.0,Mutethia Kiraone Nursing Home,Meru,2026-02-02,0.0,0.0,0.0,False,
ME-00069,Ultrasound,17661.0,Mutethia Kiraone Nursing Home,Meru,2026-02-09,8.35,6.36,0.2383,False,
ME-00069,Ultrasound,17661.0,Mutethia Kiraone Nursing Home,Meru,2026-02-16,0.0,0.18,0.0,False,
ME-00069,Ultrasound,17661.0,Mutethia Kiraone Nursing Home,Meru,2026-02-23,6.37,7.61,-0.1947,False,
ME-00069,Ultrasound,17661.0,Mutethia Kiraone Nursing Home,Meru,2026-03-02,0.0,0.0,0.0,False,
ME-00069,Ultrasound,17661.0,Mutethia Kiraone Nursing Home,Meru,2026-03-09,0.0,0.0,0.0,False,
ME-00069,Ultrasound,17661.0,Mutethia Kiraone Nursing Home,Meru,2026-03-16,0.0,0.0,0.0,False,
ME-00069,Ultrasound,17661.0,Mutethia Kiraone Nursing Home,Meru,2026-03-23,0.0,0.92,0.0,False,
ME-00069,Ultrasound,17661.0,Mutethia Kiraone Nursing Home,Meru,2026-03-30,10.81,11.65,-0.0777,False,
ME-00070,X-Ray,12921.0,Dorkcare Nursing Home,Nairobi,2025-12-29,1.21,0.97,0.1983,False,
ME-00070,X-Ray,12921.0,Dorkcare Nursing Home,Nairobi,2026-01-05,2.76,1.62,0.413,False,
ME-00070,X-Ray,12921.0,Dorkcare Nursing Home,Nairobi,2026-01-12,3.96,2.85,0.2803,False,
ME-00070,X-Ray,12921.0,Dorkcare Nursing Home,Nairobi,2026-01-19,5.88,5.85,0.0051,False,
ME-00070,X-Ray,12921.0,Dorkcare Nursing Home,Nairobi,2026-01-26,0.0,0.79,0.0,False,
ME-00070,X-Ray,12921.0,Dorkcare Nursing Home,Nairobi,2026-02-02,0.0,0.0,0.0,False,
ME-00070,X-Ray,12921.0,Dorkcare Nursing Home,Nairobi,2026-02-09,0.0,0.0,0.0,False,
ME-00070,X-Ray,12921.0,Dorkcare Nursing Home,Nairobi,2026-02-16,0.0,0.83,0.0,False,
ME-00070,X-Ray,12921.0,Dorkcare Nursing Home,Nairobi,2026-02-23,0.0,0.0,0.0,False,
ME-00070,X-Ray,12921.0,Dorkcare Nursing Home,Nairobi,2026-03-02,5.65,5.58,0.0124,False,
ME-00070,X-Ray,12921.0,Dorkcare Nursing Home,Nairobi,2026-03-09,0.0,0.0,0.0,False,
ME-00070,X-Ray,12921.0,Dorkcare Nursing Home,Nairobi,2026-03-16,0.0,0.34,0.0,False,
ME-00070,X-Ray,12921.0,Dorkcare Nursing Home,Nairobi,2026-03-23,0.0,0.78,0.0,False,
ME-00070,X-Ray,12921.0,Dorkcare Nursing Home,Nairobi,2026-03-30,2.92,2.78,0.0479,False,
ME-00071,Ultrasound,14781.0,Kapteren Health Centre,Elgeyo Marakwet,2025-12-29,0.51,0.37,0.2745,True,"Usage-reporting discrepancy modeled on the 2026 national MES dialysis audit finding: machine usage counters showed materially more work performed than hospitals' paper registers recorded, by more than 30% in some cases."
ME-00071,Ultrasound,14781.0,Kapteren Health Centre,Elgeyo Marakwet,2026-01-05,0.75,0.61,0.1867,True,"Usage-reporting discrepancy modeled on the 2026 national MES dialysis audit finding: machine usage counters showed materially more work performed than hospitals' paper registers recorded, by more than 30% in some cases."
ME-00071,Ultrasound,14781.0,Kapteren Health Centre,Elgeyo Marakwet,2026-01-12,5.63,4.37,0.2238,True,"Usage-reporting discrepancy modeled on the 2026 national MES dialysis audit finding: machine usage counters showed materially more work performed than hospitals' paper registers recorded, by more than 30% in some cases."
ME-00071,Ultrasound,14781.0,Kapteren Health Centre,Elgeyo Marakwet,2026-01-19,2.04,1.48,0.2745,True,"Usage-reporting discrepancy modeled on the 2026 national MES dialysis audit finding: machine usage counters showed materially more work performed than hospitals' paper registers recorded, by more than 30% in some cases."
ME-00071,Ultrasound,14781.0,Kapteren Health Centre,Elgeyo Marakwet,2026-01-26,0.0,0.0,0.0,True,"Usage-reporting discrepancy modeled on the 2026 national MES dialysis audit finding: machine usage counters showed materially more work performed than hospitals' paper registers recorded, by more than 30% in some cases."
ME-00071,Ultrasound,14781.0,Kapteren Health Centre,Elgeyo Marakwet,2026-02-02,3.13,2.25,0.2812,True,"Usage-reporting discrepancy modeled on the 2026 national MES dialysis audit finding: machine usage counters showed materially more work performed than hospitals' paper registers recorded, by more than 30% in some cases."
ME-00071,Ultrasound,14781.0,Kapteren Health Centre,Elgeyo Marakwet,2026-02-09,0.0,0.0,0.0,True,"Usage-reporting discrepancy modeled on the 2026 national MES dialysis audit finding: machine usage counters showed materially more work performed than hospitals' paper registers recorded, by more than 30% in some cases."
ME-00071,Ultrasound,14781.0,Kapteren Health Centre,Elgeyo Marakwet,2026-02-16,3.49,2.71,0.2235,True,"Usage-reporting discrepancy modeled on the 2026 national MES dialysis audit finding: machine usage counters showed materially more work performed than hospitals' paper registers recorded, by more than 30% in some cases."
ME-00071,Ultrasound,14781.0,Kapteren Health Centre,Elgeyo Marakwet,2026-02-23,1.99,1.45,0.2714,True,"Usage-reporting discrepancy modeled on the 2026 national MES dialysis audit finding: machine usage counters showed materially more work performed than hospitals' paper registers recorded, by more than 30% in some cases."
ME-00071,Ultrasound,14781.0,Kapteren Health Centre,Elgeyo Marakwet,2026-03-02,0.0,0.0,0.0,True,"Usage-reporting discrepancy modeled on the 2026 national MES dialysis audit finding: machine usage counters showed materially more work performed than hospitals' paper registers recorded, by more than 30% in some cases."
ME-00071,Ultrasound,14781.0,Kapteren Health Centre,Elgeyo Marakwet,2026-03-09,11.56,8.01,0.3071,True,"Usage-reporting discrepancy modeled on the 2026 national MES dialysis audit finding: machine usage counters showed materially more work performed than hospitals' paper registers recorded, by more than 30% in some cases."
ME-00071,Ultrasound,14781.0,Kapteren Health Centre,Elgeyo Marakwet,2026-03-16,6.6,4.67,0.2924,True,"Usage-reporting discrepancy modeled on the 2026 national MES dialysis audit finding: machine usage counters showed materially more work performed than hospitals' paper registers recorded, by more than 30% in some cases."
ME-00071,Ultrasound,14781.0,Kapteren Health Centre,Elgeyo Marakwet,2026-03-23,0.0,0.0,0.0,True,"Usage-reporting discrepancy modeled on the 2026 national MES dialysis audit finding: machine usage counters showed materially more work performed than hospitals' paper registers recorded, by more than 30% in some cases."
ME-00071,Ultrasound,14781.0,Kapteren Health Centre,Elgeyo Marakwet,2026-03-30,5.28,3.68,0.303,True,"Usage-reporting discrepancy modeled on the 2026 national MES dialysis audit finding: machine usage counters showed materially more work performed than hospitals' paper registers recorded, by more than 30% in some cases."
ME-00072,MRI,12438.0,Machakos County Referral Hospital,Machakos,2025-12-29,1.71,1.1,0.3567,True,"Usage-reporting discrepancy modeled on the 2026 national MES dialysis audit finding: machine usage counters showed materially more work performed than hospitals' paper registers recorded, by more than 30% in some cases. Maintenance-neglect-to-breakdown pattern modeled on the January 2025 Naivasha sub-county hospital dialysis machine breakdown, which forced patients to seek care elsewhere."
ME-00072,MRI,12438.0,Machakos County Referral Hospital,Machakos,2026-01-05,2.22,1.27,0.4279,True,"Usage-reporting discrepancy modeled on the 2026 national MES dialysis audit finding: machine usage counters showed materially more work performed than hospitals' paper registers recorded, by more than 30% in some cases. Maintenance-neglect-to-breakdown pattern modeled on the January 2025 Naivasha sub-county hospital dialysis machine breakdown, which forced patients to seek care elsewhere."
ME-00072,MRI,12438.0,Machakos County Referral Hospital,Machakos,2026-01-12,0.0,0.0,0.0,True,"Usage-reporting discrepancy modeled on the 2026 national MES dialysis audit finding: machine usage counters showed materially more work performed than hospitals' paper registers recorded, by more than 30% in some cases. Maintenance-neglect-to-breakdown pattern modeled on the January 2025 Naivasha sub-county hospital dialysis machine breakdown, which forced patients to seek care elsewhere."
ME-00072,MRI,12438.0,Machakos County Referral Hospital,Machakos,2026-01-19,3.06,1.89,0.3824,True,"Usage-reporting discrepancy modeled on the 2026 national MES dialysis audit finding: machine usage counters showed materially more work performed than hospitals' paper registers recorded, by more than 30% in some cases. Maintenance-neglect-to-breakdown pattern modeled on the January 2025 Naivasha sub-county hospital dialysis machine breakdown, which forced patients to seek care elsewhere."
ME-00072,MRI,12438.0,Machakos County Referral Hospital,Machakos,2026-01-26,2.42,1.41,0.4174,True,"Usage-reporting discrepancy modeled on the 2026 national MES dialysis audit finding: machine usage counters showed materially more work performed than hospitals' paper registers recorded, by more than 30% in some cases. Maintenance-neglect-to-breakdown pattern modeled on the January 2025 Naivasha sub-county hospital dialysis machine breakdown, which forced patients to seek care elsewhere."
ME-00072,MRI,12438.0,Machakos County Referral Hospital,Machakos,2026-02-02,1.92,1.04,0.4583,True,"Usage-reporting discrepancy modeled on the 2026 national MES dialysis audit finding: machine usage counters showed materially more work performed than hospitals' paper registers recorded, by more than 30% in some cases. Maintenance-neglect-to-breakdown pattern modeled on the January 2025 Naivasha sub-county hospital dialysis machine breakdown, which forced patients to seek care elsewhere."
ME-00072,MRI,12438.0,Machakos County Referral Hospital,Machakos,2026-02-09,5.01,3.23,0.3553,True,"Usage-reporting discrepancy modeled on the 2026 national MES dialysis audit finding: machine usage counters showed materially more work performed than hospitals' paper registers recorded, by more than 30% in some cases. Maintenance-neglect-to-breakdown pattern modeled on the January 2025 Naivasha sub-county hospital dialysis machine breakdown, which forced patients to seek care elsewhere."
ME-00072,MRI,12438.0,Machakos County Referral Hospital,Machakos,2026-02-16,0.0,0.0,0.0,True,"Usage-reporting discrepancy modeled on the 2026 national MES dialysis audit finding: machine usage counters showed materially more work performed than hospitals' paper registers recorded, by more than 30% in some cases. Maintenance-neglect-to-breakdown pattern modeled on the January 2025 Naivasha sub-county hospital dialysis machine breakdown, which forced patients to seek care elsewhere."
ME-00072,MRI,12438.0,Machakos County Referral Hospital,Machakos,2026-02-23,5.69,3.49,0.3866,True,"Usage-reporting discrepancy modeled on the 2026 national MES dialysis audit finding: machine usage counters showed materially more work performed than hospitals' paper registers recorded, by more than 30% in some cases. Maintenance-neglect-to-breakdown pattern modeled on the January 2025 Naivasha sub-county hospital dialysis machine breakdown, which forced patients to seek care elsewhere."
ME-00072,MRI,12438.0,Machakos County Referral Hospital,Machakos,2026-03-02,4.86,3.11,0.3601,True,"Usage-reporting discrepancy modeled on the 2026 national MES dialysis audit finding: machine usage counters showed materially more work performed than hospitals' paper registers recorded, by more than 30% in some cases. Maintenance-neglect-to-breakdown pattern modeled on the January 2025 Naivasha sub-county hospital dialysis machine breakdown, which forced patients to seek care elsewhere."
ME-00072,MRI,12438.0,Machakos County Referral Hospital,Machakos,2026-03-09,9.36,5.46,0.4167,True,"Usage-reporting discrepancy modeled on the 2026 national MES dialysis audit finding: machine usage counters showed materially more work performed than hospitals' paper registers recorded, by more than 30% in some cases. Maintenance-neglect-to-breakdown pattern modeled on the January 2025 Naivasha sub-county hospital dialysis machine breakdown, which forced patients to seek care elsewhere."
ME-00072,MRI,12438.0,Machakos County Referral Hospital,Machakos,2026-03-16,0.0,0.0,0.0,True,"Usage-reporting discrepancy modeled on the 2026 national MES dialysis audit finding: machine usage counters showed materially more work performed than hospitals' paper registers recorded, by more than 30% in some cases. Maintenance-neglect-to-breakdown pattern modeled on the January 2025 Naivasha sub-county hospital dialysis machine breakdown, which forced patients to seek care elsewhere."
ME-00072,MRI,12438.0,Machakos County Referral Hospital,Machakos,2026-03-23,0.0,0.0,0.0,True,"Usage-reporting discrepancy modeled on the 2026 national MES dialysis audit finding: machine usage counters showed materially more work performed than hospitals' paper registers recorded, by more than 30% in some cases. Maintenance-neglect-to-breakdown pattern modeled on the January 2025 Naivasha sub-county hospital dialysis machine breakdown, which forced patients to seek care elsewhere."
ME-00072,MRI,12438.0,Machakos County Referral Hospital,Machakos,2026-03-30,19.94,12.29,0.3837,True,"Usage-reporting discrepancy modeled on the 2026 national MES dialysis audit finding: machine usage counters showed materially more work performed than hospitals' paper registers recorded, by more than 30% in some cases. Maintenance-neglect-to-breakdown pattern modeled on the January 2025 Naivasha sub-county hospital dialysis machine breakdown, which forced patients to seek care elsewhere."
ME-00073,Patient Monitor,13551.0,Etono Health Centre,Nyamira,2025-12-29,0.98,1.51,-0.5408,False,
ME-00073,Patient Monitor,13551.0,Etono Health Centre,Nyamira,2026-01-05,0.98,1.39,-0.4184,False,
ME-00073,Patient Monitor,13551.0,Etono Health Centre,Nyamira,2026-01-12,1.82,0.73,0.5989,False,
ME-00073,Patient Monitor,13551.0,Etono Health Centre,Nyamira,2026-01-19,4.04,5.31,-0.3144,False,
ME-00073,Patient Monitor,13551.0,Etono Health Centre,Nyamira,2026-01-26,0.85,0.0,1.0,False,
ME-00073,Patient Monitor,13551.0,Etono Health Centre,Nyamira,2026-02-02,0.07,0.13,-0.8571,False,
ME-00073,Patient Monitor,13551.0,Etono Health Centre,Nyamira,2026-02-09,0.0,0.24,0.0,False,
ME-00073,Patient Monitor,13551.0,Etono Health Centre,Nyamira,2026-02-16,0.0,1.19,0.0,False,
ME-00073,Patient Monitor,13551.0,Etono Health Centre,Nyamira,2026-02-23,0.0,0.0,0.0,False,
ME-00073,Patient Monitor,13551.0,Etono Health Centre,Nyamira,2026-03-02,20.09,20.96,-0.0433,False,
ME-00073,Patient Monitor,13551.0,Etono Health Centre,Nyamira,2026-03-09,18.76,17.09,0.089,False,
ME-00073,Patient Monitor,13551.0,Etono Health Centre,Nyamira,2026-03-16,9.89,10.05,-0.0162,False,
ME-00073,Patient Monitor,13551.0,Etono Health Centre,Nyamira,2026-03-23,0.0,0.75,0.0,False,
ME-00073,Patient Monitor,13551.0,Etono Health Centre,Nyamira,2026-03-30,6.12,5.42,0.1144,False,
ME-00074,Hemodialysis,22879.0,ATIMIROS MEMORIAL,Uasin Gishu,2025-12-29,1.02,0.0,1.0,False,
ME-00074,Hemodialysis,22879.0,ATIMIROS MEMORIAL,Uasin Gishu,2026-01-05,0.0,1.04,0.0,False,
ME-00074,Hemodialysis,22879.0,ATIMIROS MEMORIAL,Uasin Gishu,2026-01-12,0.34,0.0,1.0,False,
ME-00074,Hemodialysis,22879.0,ATIMIROS MEMORIAL,Uasin Gishu,2026-01-19,5.9,5.29,0.1034,False,
ME-00074,Hemodialysis,22879.0,ATIMIROS MEMORIAL,Uasin Gishu,2026-01-26,0.0,0.65,0.0,False,
ME-00074,Hemodialysis,22879.0,ATIMIROS MEMORIAL,Uasin Gishu,2026-02-02,10.86,10.03,0.0764,False,
ME-00074,Hemodialysis,22879.0,ATIMIROS MEMORIAL,Uasin Gishu,2026-02-09,6.55,6.59,-0.0061,False,
ME-00074,Hemodialysis,22879.0,ATIMIROS MEMORIAL,Uasin Gishu,2026-02-16,3.17,1.33,0.5804,False,
ME-00074,Hemodialysis,22879.0,ATIMIROS MEMORIAL,Uasin Gishu,2026-02-23,0.0,0.0,0.0,False,
ME-00074,Hemodialysis,22879.0,ATIMIROS MEMORIAL,Uasin Gishu,2026-03-02,0.0,1.46,0.0,False,
ME-00074,Hemodialysis,22879.0,ATIMIROS MEMORIAL,Uasin Gishu,2026-03-09,0.0,0.29,0.0,False,
ME-00074,Hemodialysis,22879.0,ATIMIROS MEMORIAL,Uasin Gishu,2026-03-16,0.0,0.87,0.0,False,
ME-00074,Hemodialysis,22879.0,ATIMIROS MEMORIAL,Uasin Gishu,2026-03-23,5.29,4.63,0.1248,False,
ME-00074,Hemodialysis,22879.0,ATIMIROS MEMORIAL,Uasin Gishu,2026-03-30,0.0,0.66,0.0,False,
ME-00075,CT,11289.0,Coast General Teaching and Referral Hospital,Mombasa,2025-12-29,0.82,1.48,-0.8049,False,
ME-00075,CT,11289.0,Coast General Teaching and Referral Hospital,Mombasa,2026-01-05,0.95,0.87,0.0842,False,
ME-00075,CT,11289.0,Coast General Teaching and Referral Hospital,Mombasa,2026-01-12,2.64,3.66,-0.3864,False,
ME-00075,CT,11289.0,Coast General Teaching and Referral Hospital,Mombasa,2026-01-19,4.11,4.27,-0.0389,False,
ME-00075,CT,11289.0,Coast General Teaching and Referral Hospital,Mombasa,2026-01-26,0.0,1.16,0.0,False,
ME-00075,CT,11289.0,Coast General Teaching and Referral Hospital,Mombasa,2026-02-02,0.0,0.94,0.0,False,
ME-00075,CT,11289.0,Coast General Teaching and Referral Hospital,Mombasa,2026-02-09,0.0,1.76,0.0,False,
ME-00075,CT,11289.0,Coast General Teaching and Referral Hospital,Mombasa,2026-02-16,0.92,0.69,0.25,False,
ME-00075,CT,11289.0,Coast General Teaching and Referral Hospital,Mombasa,2026-02-23,7.12,6.04,0.1517,False,
ME-00075,CT,11289.0,Coast General Teaching and Referral Hospital,Mombasa,2026-03-02,0.0,0.0,0.0,False,
ME-00075,CT,11289.0,Coast General Teaching and Referral Hospital,Mombasa,2026-03-09,0.0,0.0,0.0,False,
ME-00075,CT,11289.0,Coast General Teaching and Referral Hospital,Mombasa,2026-03-16,0.0,0.0,0.0,False,
ME-00075,CT,11289.0,Coast General Teaching and Referral Hospital,Mombasa,2026-03-23,18.39,17.88,0.0277,False,
ME-00075,CT,11289.0,Coast General Teaching and Referral Hospital,Mombasa,2026-03-30,0.0,1.71,0.0,False,
ME-00076,Anesthesia,12547.0,Mtito andei Sub County Hospital,Makueni,2025-12-29,0.84,0.77,0.0833,False,
ME-00076,Anesthesia,12547.0,Mtito andei Sub County Hospital,Makueni,2026-01-05,0.66,0.0,1.0,False,
ME-00076,Anesthesia,12547.0,Mtito andei Sub County Hospital,Makueni,2026-01-12,0.55,0.5,0.0909,False,
ME-00076,Anesthesia,12547.0,Mtito andei Sub County Hospital,Makueni,2026-01-19,4.99,4.48,0.1022,False,
ME-00076,Anesthesia,12547.0,Mtito andei Sub County Hospital,Makueni,2026-01-26,5.83,4.37,0.2504,False,
ME-00076,Anesthesia,12547.0,Mtito andei Sub County Hospital,Makueni,2026-02-02,6.48,6.67,-0.0293,False,
ME-00076,Anesthesia,12547.0,Mtito andei Sub County Hospital,Makueni,2026-02-09,2.55,2.82,-0.1059,False,
ME-00076,Anesthesia,12547.0,Mtito andei Sub County Hospital,Makueni,2026-02-16,0.0,1.83,0.0,False,
ME-00076,Anesthesia,12547.0,Mtito andei Sub County Hospital,Makueni,2026-02-23,4.42,4.42,0.0,False,
ME-00076,Anesthesia,12547.0,Mtito andei Sub County Hospital,Makueni,2026-03-02,6.58,7.29,-0.1079,False,
ME-00076,Anesthesia,12547.0,Mtito andei Sub County Hospital,Makueni,2026-03-09,0.0,0.22,0.0,False,
ME-00076,Anesthesia,12547.0,Mtito andei Sub County Hospital,Makueni,2026-03-16,2.98,3.45,-0.1577,False,
ME-00076,Anesthesia,12547.0,Mtito andei Sub County Hospital,Makueni,2026-03-23,3.09,1.55,0.4984,False,
ME-00076,Anesthesia,12547.0,Mtito andei Sub County Hospital,Makueni,2026-03-30,9.87,10.65,-0.079,False,
ME-00077,Patient Monitor,24947.0,Myanga Nursing HomeAnnex,Bungoma,2025-12-29,1.15,1.05,0.087,False,
ME-00077,Patient Monitor,24947.0,Myanga Nursing HomeAnnex,Bungoma,2026-01-05,1.54,1.51,0.0195,False,
ME-00077,Patient Monitor,24947.0,Myanga Nursing HomeAnnex,Bungoma,2026-01-12,0.42,0.0,1.0,False,
ME-00077,Patient Monitor,24947.0,Myanga Nursing HomeAnnex,Bungoma,2026-01-19,0.0,0.0,0.0,False,
ME-00077,Patient Monitor,24947.0,Myanga Nursing HomeAnnex,Bungoma,2026-01-26,3.23,2.4,0.257,False,
ME-00077,Patient Monitor,24947.0,Myanga Nursing HomeAnnex,Bungoma,2026-02-02,0.94,0.82,0.1277,False,
ME-00077,Patient Monitor,24947.0,Myanga Nursing HomeAnnex,Bungoma,2026-02-09,0.0,0.0,0.0,False,
ME-00077,Patient Monitor,24947.0,Myanga Nursing HomeAnnex,Bungoma,2026-02-16,4.97,4.09,0.1771,False,
ME-00077,Patient Monitor,24947.0,Myanga Nursing HomeAnnex,Bungoma,2026-02-23,0.0,0.37,0.0,False,
ME-00077,Patient Monitor,24947.0,Myanga Nursing HomeAnnex,Bungoma,2026-03-02,0.0,0.0,0.0,False,
ME-00077,Patient Monitor,24947.0,Myanga Nursing HomeAnnex,Bungoma,2026-03-09,1.15,0.0,1.0,False,
ME-00077,Patient Monitor,24947.0,Myanga Nursing HomeAnnex,Bungoma,2026-03-16,0.0,0.0,0.0,False,
ME-00077,Patient Monitor,24947.0,Myanga Nursing HomeAnnex,Bungoma,2026-03-23,4.53,4.78,-0.0552,False,
ME-00077,Patient Monitor,24947.0,Myanga Nursing HomeAnnex,Bungoma,2026-03-30,15.88,15.97,-0.0057,False,
ME-00078,Patient Monitor,24475.0,The HARC Medical Centre,Nyandarua,2025-12-29,0.83,0.61,0.2651,True,"Usage-reporting discrepancy modeled on the 2026 national MES dialysis audit finding: machine usage counters showed materially more work performed than hospitals' paper registers recorded, by more than 30% in some cases."
ME-00078,Patient Monitor,24475.0,The HARC Medical Centre,Nyandarua,2026-01-05,3.01,2.11,0.299,True,"Usage-reporting discrepancy modeled on the 2026 national MES dialysis audit finding: machine usage counters showed materially more work performed than hospitals' paper registers recorded, by more than 30% in some cases."
ME-00078,Patient Monitor,24475.0,The HARC Medical Centre,Nyandarua,2026-01-12,0.0,0.0,0.0,True,"Usage-reporting discrepancy modeled on the 2026 national MES dialysis audit finding: machine usage counters showed materially more work performed than hospitals' paper registers recorded, by more than 30% in some cases."
ME-00078,Patient Monitor,24475.0,The HARC Medical Centre,Nyandarua,2026-01-19,1.2,0.86,0.2833,True,"Usage-reporting discrepancy modeled on the 2026 national MES dialysis audit finding: machine usage counters showed materially more work performed than hospitals' paper registers recorded, by more than 30% in some cases."
ME-00078,Patient Monitor,24475.0,The HARC Medical Centre,Nyandarua,2026-01-26,0.0,0.0,0.0,True,"Usage-reporting discrepancy modeled on the 2026 national MES dialysis audit finding: machine usage counters showed materially more work performed than hospitals' paper registers recorded, by more than 30% in some cases."
ME-00078,Patient Monitor,24475.0,The HARC Medical Centre,Nyandarua,2026-02-02,0.0,0.0,0.0,True,"Usage-reporting discrepancy modeled on the 2026 national MES dialysis audit finding: machine usage counters showed materially more work performed than hospitals' paper registers recorded, by more than 30% in some cases."
ME-00078,Patient Monitor,24475.0,The HARC Medical Centre,Nyandarua,2026-02-09,1.21,0.93,0.2314,True,"Usage-reporting discrepancy modeled on the 2026 national MES dialysis audit finding: machine usage counters showed materially more work performed than hospitals' paper registers recorded, by more than 30% in some cases."
ME-00078,Patient Monitor,24475.0,The HARC Medical Centre,Nyandarua,2026-02-16,10.9,8.46,0.2239,True,"Usage-reporting discrepancy modeled on the 2026 national MES dialysis audit finding: machine usage counters showed materially more work performed than hospitals' paper registers recorded, by more than 30% in some cases."
ME-00078,Patient Monitor,24475.0,The HARC Medical Centre,Nyandarua,2026-02-23,0.0,0.0,0.0,True,"Usage-reporting discrepancy modeled on the 2026 national MES dialysis audit finding: machine usage counters showed materially more work performed than hospitals' paper registers recorded, by more than 30% in some cases."
ME-00078,Patient Monitor,24475.0,The HARC Medical Centre,Nyandarua,2026-03-02,0.0,0.0,0.0,True,"Usage-reporting discrepancy modeled on the 2026 national MES dialysis audit finding: machine usage counters showed materially more work performed than hospitals' paper registers recorded, by more than 30% in some cases."
ME-00078,Patient Monitor,24475.0,The HARC Medical Centre,Nyandarua,2026-03-09,0.0,0.0,0.0,True,"Usage-reporting discrepancy modeled on the 2026 national MES dialysis audit finding: machine usage counters showed materially more work performed than hospitals' paper registers recorded, by more than 30% in some cases."
ME-00078,Patient Monitor,24475.0,The HARC Medical Centre,Nyandarua,2026-03-16,9.09,6.55,0.2794,True,"Usage-reporting discrepancy modeled on the 2026 national MES dialysis audit finding: machine usage counters showed materially more work performed than hospitals' paper registers recorded, by more than 30% in some cases."
ME-00078,Patient Monitor,24475.0,The HARC Medical Centre,Nyandarua,2026-03-23,3.57,2.81,0.2129,True,"Usage-reporting discrepancy modeled on the 2026 national MES dialysis audit finding: machine usage counters showed materially more work performed than hospitals' paper registers recorded, by more than 30% in some cases."
ME-00078,Patient Monitor,24475.0,The HARC Medical Centre,Nyandarua,2026-03-30,0.0,0.0,0.0,True,"Usage-reporting discrepancy modeled on the 2026 national MES dialysis audit finding: machine usage counters showed materially more work performed than hospitals' paper registers recorded, by more than 30% in some cases."
ME-00079,Hemodialysis,15795.0,Alupe Sub County Referral Hospital,Busia,2025-12-29,1.13,0.0,1.0,False,
ME-00079,Hemodialysis,15795.0,Alupe Sub County Referral Hospital,Busia,2026-01-05,0.01,1.27,-126.0,False,
ME-00079,Hemodialysis,15795.0,Alupe Sub County Referral Hospital,Busia,2026-01-12,0.46,2.71,-4.8913,False,
ME-00079,Hemodialysis,15795.0,Alupe Sub County Referral Hospital,Busia,2026-01-19,0.0,0.0,0.0,False,
ME-00079,Hemodialysis,15795.0,Alupe Sub County Referral Hospital,Busia,2026-01-26,0.0,0.15,0.0,False,
ME-00079,Hemodialysis,15795.0,Alupe Sub County Referral Hospital,Busia,2026-02-02,0.0,1.76,0.0,False,
ME-00079,Hemodialysis,15795.0,Alupe Sub County Referral Hospital,Busia,2026-02-09,0.0,0.08,0.0,False,
ME-00079,Hemodialysis,15795.0,Alupe Sub County Referral Hospital,Busia,2026-02-16,8.74,8.34,0.0458,False,
ME-00079,Hemodialysis,15795.0,Alupe Sub County Referral Hospital,Busia,2026-02-23,0.0,2.05,0.0,False,
ME-00079,Hemodialysis,15795.0,Alupe Sub County Referral Hospital,Busia,2026-03-02,0.76,0.0,1.0,False,
ME-00079,Hemodialysis,15795.0,Alupe Sub County Referral Hospital,Busia,2026-03-09,8.53,7.81,0.0844,False,
ME-00079,Hemodialysis,15795.0,Alupe Sub County Referral Hospital,Busia,2026-03-16,0.0,0.0,0.0,False,
ME-00079,Hemodialysis,15795.0,Alupe Sub County Referral Hospital,Busia,2026-03-23,0.0,0.36,0.0,False,
ME-00079,Hemodialysis,15795.0,Alupe Sub County Referral Hospital,Busia,2026-03-30,23.55,23.61,-0.0025,False,
ME-00080,Ventilator,14321.0,Chemolingot District Hospital,Baringo,2025-12-29,0.8,2.32,-1.9,False,
ME-00080,Ventilator,14321.0,Chemolingot District Hospital,Baringo,2026-01-05,1.75,0.96,0.4514,False,
ME-00080,Ventilator,14321.0,Chemolingot District Hospital,Baringo,2026-01-12,1.74,2.61,-0.5,False,
ME-00080,Ventilator,14321.0,Chemolingot District Hospital,Baringo,2026-01-19,3.48,2.01,0.4224,False,
ME-00080,Ventilator,14321.0,Chemolingot District Hospital,Baringo,2026-01-26,0.69,0.9,-0.3043,False,
ME-00080,Ventilator,14321.0,Chemolingot District Hospital,Baringo,2026-02-02,3.42,4.04,-0.1813,False,
ME-00080,Ventilator,14321.0,Chemolingot District Hospital,Baringo,2026-02-09,10.78,10.8,-0.0019,False,
ME-00080,Ventilator,14321.0,Chemolingot District Hospital,Baringo,2026-02-16,0.0,0.0,0.0,False,
ME-00080,Ventilator,14321.0,Chemolingot District Hospital,Baringo,2026-02-23,0.0,0.04,0.0,False,
ME-00080,Ventilator,14321.0,Chemolingot District Hospital,Baringo,2026-03-02,0.0,0.0,0.0,False,
ME-00080,Ventilator,14321.0,Chemolingot District Hospital,Baringo,2026-03-09,0.0,0.0,0.0,False,
ME-00080,Ventilator,14321.0,Chemolingot District Hospital,Baringo,2026-03-16,11.45,10.36,0.0952,False,
ME-00080,Ventilator,14321.0,Chemolingot District Hospital,Baringo,2026-03-23,0.0,0.0,0.0,False,
ME-00080,Ventilator,14321.0,Chemolingot District Hospital,Baringo,2026-03-30,0.0,0.0,0.0,False,
ME-00081,Patient Monitor,24284.0,Latest Medical Center,Meru,2025-12-29,0.9,0.0,1.0,False,
ME-00081,Patient Monitor,24284.0,Latest Medical Center,Meru,2026-01-05,0.29,0.0,1.0,False,
ME-00081,Patient Monitor,24284.0,Latest Medical Center,Meru,2026-01-12,1.83,1.59,0.1311,False,
ME-00081,Patient Monitor,24284.0,Latest Medical Center,Meru,2026-01-19,1.4,0.66,0.5286,False,
ME-00081,Patient Monitor,24284.0,Latest Medical Center,Meru,2026-01-26,2.29,2.28,0.0044,False,
ME-00081,Patient Monitor,24284.0,Latest Medical Center,Meru,2026-02-02,0.0,0.1,0.0,False,
ME-00081,Patient Monitor,24284.0,Latest Medical Center,Meru,2026-02-09,0.0,0.0,0.0,False,
ME-00081,Patient Monitor,24284.0,Latest Medical Center,Meru,2026-02-16,4.12,3.33,0.1917,False,
ME-00081,Patient Monitor,24284.0,Latest Medical Center,Meru,2026-02-23,0.0,2.33,0.0,False,
ME-00081,Patient Monitor,24284.0,Latest Medical Center,Meru,2026-03-02,0.0,0.0,0.0,False,
ME-00081,Patient Monitor,24284.0,Latest Medical Center,Meru,2026-03-09,5.1,6.54,-0.2824,False,
ME-00081,Patient Monitor,24284.0,Latest Medical Center,Meru,2026-03-16,0.0,0.0,0.0,False,
ME-00081,Patient Monitor,24284.0,Latest Medical Center,Meru,2026-03-23,6.72,5.03,0.2515,False,
ME-00081,Patient Monitor,24284.0,Latest Medical Center,Meru,2026-03-30,0.0,0.94,0.0,False,
ME-00082,Ventilator,24929.0,Mediheal Hospital (Nakuru) Annex,Nakuru,2025-12-29,1.24,2.85,-1.2984,False,
ME-00082,Ventilator,24929.0,Mediheal Hospital (Nakuru) Annex,Nakuru,2026-01-05,0.9,0.0,1.0,False,
ME-00082,Ventilator,24929.0,Mediheal Hospital (Nakuru) Annex,Nakuru,2026-01-12,7.64,6.79,0.1113,False,
ME-00082,Ventilator,24929.0,Mediheal Hospital (Nakuru) Annex,Nakuru,2026-01-19,1.58,2.1,-0.3291,False,
ME-00082,Ventilator,24929.0,Mediheal Hospital (Nakuru) Annex,Nakuru,2026-01-26,0.56,0.0,1.0,False,
ME-00082,Ventilator,24929.0,Mediheal Hospital (Nakuru) Annex,Nakuru,2026-02-02,0.0,0.0,0.0,False,
ME-00082,Ventilator,24929.0,Mediheal Hospital (Nakuru) Annex,Nakuru,2026-02-09,1.63,2.64,-0.6196,False,
ME-00082,Ventilator,24929.0,Mediheal Hospital (Nakuru) Annex,Nakuru,2026-02-16,0.0,0.0,0.0,False,
ME-00082,Ventilator,24929.0,Mediheal Hospital (Nakuru) Annex,Nakuru,2026-02-23,1.79,2.69,-0.5028,False,
ME-00082,Ventilator,24929.0,Mediheal Hospital (Nakuru) Annex,Nakuru,2026-03-02,4.28,4.43,-0.035,False,
ME-00082,Ventilator,24929.0,Mediheal Hospital (Nakuru) Annex,Nakuru,2026-03-09,5.15,5.88,-0.1417,False,
ME-00082,Ventilator,24929.0,Mediheal Hospital (Nakuru) Annex,Nakuru,2026-03-16,0.0,0.9,0.0,False,
ME-00082,Ventilator,24929.0,Mediheal Hospital (Nakuru) Annex,Nakuru,2026-03-23,0.0,1.04,0.0,False,
ME-00082,Ventilator,24929.0,Mediheal Hospital (Nakuru) Annex,Nakuru,2026-03-30,0.0,0.0,0.0,False,
ME-00083,Anesthesia,15647.0,St Joseph Hospital,Narok,2025-12-29,1.05,0.92,0.1238,False,
ME-00083,Anesthesia,15647.0,St Joseph Hospital,Narok,2026-01-05,1.35,2.18,-0.6148,False,
ME-00083,Anesthesia,15647.0,St Joseph Hospital,Narok,2026-01-12,1.37,1.78,-0.2993,False,
ME-00083,Anesthesia,15647.0,St Joseph Hospital,Narok,2026-01-19,1.15,0.78,0.3217,False,
ME-00083,Anesthesia,15647.0,St Joseph Hospital,Narok,2026-01-26,0.97,0.16,0.8351,False,
ME-00083,Anesthesia,15647.0,St Joseph Hospital,Narok,2026-02-02,6.36,7.61,-0.1965,False,
ME-00083,Anesthesia,15647.0,St Joseph Hospital,Narok,2026-02-09,0.0,0.0,0.0,False,
ME-00083,Anesthesia,15647.0,St Joseph Hospital,Narok,2026-02-16,0.0,2.31,0.0,False,
ME-00083,Anesthesia,15647.0,St Joseph Hospital,Narok,2026-02-23,3.09,3.82,-0.2362,False,
ME-00083,Anesthesia,15647.0,St Joseph Hospital,Narok,2026-03-02,0.0,0.0,0.0,False,
ME-00083,Anesthesia,15647.0,St Joseph Hospital,Narok,2026-03-09,1.03,1.37,-0.3301,False,
ME-00083,Anesthesia,15647.0,St Joseph Hospital,Narok,2026-03-16,0.0,0.0,0.0,False,
ME-00083,Anesthesia,15647.0,St Joseph Hospital,Narok,2026-03-23,13.79,12.59,0.087,False,
ME-00083,Anesthesia,15647.0,St Joseph Hospital,Narok,2026-03-30,0.0,0.0,0.0,False,
ME-00084,Hemodialysis,20383.0,Radiant Group of Hospital (Kiambu),Kiambu,2025-12-29,1.21,0.0,1.0,False,
ME-00084,Hemodialysis,20383.0,Radiant Group of Hospital (Kiambu),Kiambu,2026-01-05,1.81,1.17,0.3536,False,
ME-00084,Hemodialysis,20383.0,Radiant Group of Hospital (Kiambu),Kiambu,2026-01-12,0.0,1.09,0.0,False,
ME-00084,Hemodialysis,20383.0,Radiant Group of Hospital (Kiambu),Kiambu,2026-01-19,1.79,0.4,0.7765,False,
ME-00084,Hemodialysis,20383.0,Radiant Group of Hospital (Kiambu),Kiambu,2026-01-26,0.0,1.03,0.0,False,
ME-00084,Hemodialysis,20383.0,Radiant Group of Hospital (Kiambu),Kiambu,2026-02-02,0.0,1.3,0.0,False,
ME-00084,Hemodialysis,20383.0,Radiant Group of Hospital (Kiambu),Kiambu,2026-02-09,3.22,3.39,-0.0528,False,
ME-00084,Hemodialysis,20383.0,Radiant Group of Hospital (Kiambu),Kiambu,2026-02-16,1.51,2.0,-0.3245,False,
ME-00084,Hemodialysis,20383.0,Radiant Group of Hospital (Kiambu),Kiambu,2026-02-23,0.0,0.0,0.0,False,
ME-00084,Hemodialysis,20383.0,Radiant Group of Hospital (Kiambu),Kiambu,2026-03-02,4.32,2.59,0.4005,False,
ME-00084,Hemodialysis,20383.0,Radiant Group of Hospital (Kiambu),Kiambu,2026-03-09,6.51,6.47,0.0061,False,
ME-00084,Hemodialysis,20383.0,Radiant Group of Hospital (Kiambu),Kiambu,2026-03-16,6.25,5.62,0.1008,False,
ME-00084,Hemodialysis,20383.0,Radiant Group of Hospital (Kiambu),Kiambu,2026-03-23,0.0,0.0,0.0,False,
ME-00084,Hemodialysis,20383.0,Radiant Group of Hospital (Kiambu),Kiambu,2026-03-30,0.0,0.0,0.0,False,
ME-00085,Ultrasound,10512.0,Kenol Hospital,Muranga,2025-12-29,0.48,0.4,0.1667,False,
ME-00085,Ultrasound,10512.0,Kenol Hospital,Muranga,2026-01-05,0.08,0.38,-3.75,False,
ME-00085,Ultrasound,10512.0,Kenol Hospital,Muranga,2026-01-12,1.26,1.73,-0.373,False,
ME-00085,Ultrasound,10512.0,Kenol Hospital,Muranga,2026-01-19,3.29,1.29,0.6079,False,
ME-00085,Ultrasound,10512.0,Kenol Hospital,Muranga,2026-01-26,7.07,7.44,-0.0523,False,
ME-00085,Ultrasound,10512.0,Kenol Hospital,Muranga,2026-02-02,6.23,6.89,-0.1059,False,
ME-00085,Ultrasound,10512.0,Kenol Hospital,Muranga,2026-02-09,0.0,0.16,0.0,False,
ME-00085,Ultrasound,10512.0,Kenol Hospital,Muranga,2026-02-16,0.0,0.0,0.0,False,
ME-00085,Ultrasound,10512.0,Kenol Hospital,Muranga,2026-02-23,2.51,2.94,-0.1713,False,
ME-00085,Ultrasound,10512.0,Kenol Hospital,Muranga,2026-03-02,4.96,4.89,0.0141,False,
ME-00085,Ultrasound,10512.0,Kenol Hospital,Muranga,2026-03-09,13.33,14.01,-0.051,False,
ME-00085,Ultrasound,10512.0,Kenol Hospital,Muranga,2026-03-16,0.0,0.0,0.0,False,
ME-00085,Ultrasound,10512.0,Kenol Hospital,Muranga,2026-03-23,8.4,10.65,-0.2679,False,
ME-00085,Ultrasound,10512.0,Kenol Hospital,Muranga,2026-03-30,0.0,1.76,0.0,False,
ME-00086,Hemodialysis,14586.0,Iten County Referral Hospital,Elgeyo Marakwet,2025-12-29,1.27,0.18,0.8583,False,
ME-00086,Hemodialysis,14586.0,Iten County Referral Hospital,Elgeyo Marakwet,2026-01-05,0.41,0.69,-0.6829,False,
ME-00086,Hemodialysis,14586.0,Iten County Referral Hospital,Elgeyo Marakwet,2026-01-12,0.0,0.0,0.0,False,
ME-00086,Hemodialysis,14586.0,Iten County Referral Hospital,Elgeyo Marakwet,2026-01-19,1.62,3.26,-1.0123,False,
ME-00086,Hemodialysis,14586.0,Iten County Referral Hospital,Elgeyo Marakwet,2026-01-26,1.56,2.13,-0.3654,False,
ME-00086,Hemodialysis,14586.0,Iten County Referral Hospital,Elgeyo Marakwet,2026-02-02,0.0,0.0,0.0,False,
ME-00086,Hemodialysis,14586.0,Iten County Referral Hospital,Elgeyo Marakwet,2026-02-09,0.0,0.47,0.0,False,
ME-00086,Hemodialysis,14586.0,Iten County Referral Hospital,Elgeyo Marakwet,2026-02-16,0.0,0.0,0.0,False,
ME-00086,Hemodialysis,14586.0,Iten County Referral Hospital,Elgeyo Marakwet,2026-02-23,0.0,1.5,0.0,False,
ME-00086,Hemodialysis,14586.0,Iten County Referral Hospital,Elgeyo Marakwet,2026-03-02,0.0,0.0,0.0,False,
ME-00086,Hemodialysis,14586.0,Iten County Referral Hospital,Elgeyo Marakwet,2026-03-09,0.0,1.13,0.0,False,
ME-00086,Hemodialysis,14586.0,Iten County Referral Hospital,Elgeyo Marakwet,2026-03-16,11.73,10.77,0.0818,False,
ME-00086,Hemodialysis,14586.0,Iten County Referral Hospital,Elgeyo Marakwet,2026-03-23,9.96,9.92,0.004,False,
ME-00086,Hemodialysis,14586.0,Iten County Referral Hospital,Elgeyo Marakwet,2026-03-30,0.0,1.83,0.0,False,
ME-00087,Ultrasound,18832.0,Karatina Maternity & Nursing Home,Kirinyaga,2025-12-29,0.36,0.0,1.0,False,
ME-00087,Ultrasound,18832.0,Karatina Maternity & Nursing Home,Kirinyaga,2026-01-05,0.68,0.0,1.0,False,
ME-00087,Ultrasound,18832.0,Karatina Maternity & Nursing Home,Kirinyaga,2026-01-12,0.7,0.68,0.0286,False,
ME-00087,Ultrasound,18832.0,Karatina Maternity & Nursing Home,Kirinyaga,2026-01-19,2.01,2.64,-0.3134,False,
ME-00087,Ultrasound,18832.0,Karatina Maternity & Nursing Home,Kirinyaga,2026-01-26,5.51,5.63,-0.0218,False,
ME-00087,Ultrasound,18832.0,Karatina Maternity & Nursing Home,Kirinyaga,2026-02-02,0.0,0.14,0.0,False,
ME-00087,Ultrasound,18832.0,Karatina Maternity & Nursing Home,Kirinyaga,2026-02-09,0.0,0.0,0.0,False,
ME-00087,Ultrasound,18832.0,Karatina Maternity & Nursing Home,Kirinyaga,2026-02-16,0.0,0.0,0.0,False,
ME-00087,Ultrasound,18832.0,Karatina Maternity & Nursing Home,Kirinyaga,2026-02-23,15.22,15.91,-0.0453,False,
ME-00087,Ultrasound,18832.0,Karatina Maternity & Nursing Home,Kirinyaga,2026-03-02,0.0,0.33,0.0,False,
ME-00087,Ultrasound,18832.0,Karatina Maternity & Nursing Home,Kirinyaga,2026-03-09,0.0,0.0,0.0,False,
ME-00087,Ultrasound,18832.0,Karatina Maternity & Nursing Home,Kirinyaga,2026-03-16,15.4,16.73,-0.0864,False,
ME-00087,Ultrasound,18832.0,Karatina Maternity & Nursing Home,Kirinyaga,2026-03-23,5.79,3.03,0.4767,False,
ME-00087,Ultrasound,18832.0,Karatina Maternity & Nursing Home,Kirinyaga,2026-03-30,0.0,0.0,0.0,False,
ME-00088,CT,10539.0,Kiambu County Referal Hospital,Kiambu,2025-12-29,0.84,0.56,0.3333,False,
ME-00088,CT,10539.0,Kiambu County Referal Hospital,Kiambu,2026-01-05,1.78,1.14,0.3596,False,
ME-00088,CT,10539.0,Kiambu County Referal Hospital,Kiambu,2026-01-12,0.24,1.42,-4.9167,False,
ME-00088,CT,10539.0,Kiambu County Referal Hospital,Kiambu,2026-01-19,1.2,4.38,-2.65,False,
ME-00088,CT,10539.0,Kiambu County Referal Hospital,Kiambu,2026-01-26,1.69,0.46,0.7278,False,
ME-00088,CT,10539.0,Kiambu County Referal Hospital,Kiambu,2026-02-02,0.0,0.0,0.0,False,
ME-00088,CT,10539.0,Kiambu County Referal Hospital,Kiambu,2026-02-09,0.0,1.08,0.0,False,
ME-00088,CT,10539.0,Kiambu County Referal Hospital,Kiambu,2026-02-16,0.0,0.0,0.0,False,
ME-00088,CT,10539.0,Kiambu County Referal Hospital,Kiambu,2026-02-23,4.54,4.16,0.0837,False,
ME-00088,CT,10539.0,Kiambu County Referal Hospital,Kiambu,2026-03-02,0.0,1.28,0.0,False,
ME-00088,CT,10539.0,Kiambu County Referal Hospital,Kiambu,2026-03-09,0.0,0.0,0.0,False,
ME-00088,CT,10539.0,Kiambu County Referal Hospital,Kiambu,2026-03-16,11.39,12.87,-0.1299,False,
ME-00088,CT,10539.0,Kiambu County Referal Hospital,Kiambu,2026-03-23,6.55,8.04,-0.2275,False,
ME-00088,CT,10539.0,Kiambu County Referal Hospital,Kiambu,2026-03-30,0.0,0.0,0.0,False,
ME-00089,CT,12867.0,Aga Khan Hospital,Nairobi,2025-12-29,1.61,1.81,-0.1242,False,
ME-00089,CT,12867.0,Aga Khan Hospital,Nairobi,2026-01-05,2.14,1.35,0.3692,False,
ME-00089,CT,12867.0,Aga Khan Hospital,Nairobi,2026-01-12,2.54,4.38,-0.7244,False,
ME-00089,CT,12867.0,Aga Khan Hospital,Nairobi,2026-01-19,0.0,0.0,0.0,False,
ME-00089,CT,12867.0,Aga Khan Hospital,Nairobi,2026-01-26,0.49,0.0,1.0,False,
ME-00089,CT,12867.0,Aga Khan Hospital,Nairobi,2026-02-02,7.58,7.43,0.0198,False,
ME-00089,CT,12867.0,Aga Khan Hospital,Nairobi,2026-02-09,0.0,1.24,0.0,False,
ME-00089,CT,12867.0,Aga Khan Hospital,Nairobi,2026-02-16,0.2,0.0,1.0,False,
ME-00089,CT,12867.0,Aga Khan Hospital,Nairobi,2026-02-23,0.0,0.71,0.0,False,
ME-00089,CT,12867.0,Aga Khan Hospital,Nairobi,2026-03-02,0.0,0.17,0.0,False,
ME-00089,CT,12867.0,Aga Khan Hospital,Nairobi,2026-03-09,0.0,0.0,0.0,False,
ME-00089,CT,12867.0,Aga Khan Hospital,Nairobi,2026-03-16,0.0,0.0,0.0,False,
ME-00089,CT,12867.0,Aga Khan Hospital,Nairobi,2026-03-23,9.06,8.79,0.0298,False,
ME-00089,CT,12867.0,Aga Khan Hospital,Nairobi,2026-03-30,28.96,29.03,-0.0024,False,
ME-00090,Anesthesia,18852.0,Lumboka Medical Services,Bungoma,2025-12-29,1.21,0.8,0.3388,True,"Usage-reporting discrepancy modeled on the 2026 national MES dialysis audit finding: machine usage counters showed materially more work performed than hospitals' paper registers recorded, by more than 30% in some cases."
ME-00090,Anesthesia,18852.0,Lumboka Medical Services,Bungoma,2026-01-05,0.4,0.27,0.325,True,"Usage-reporting discrepancy modeled on the 2026 national MES dialysis audit finding: machine usage counters showed materially more work performed than hospitals' paper registers recorded, by more than 30% in some cases."
ME-00090,Anesthesia,18852.0,Lumboka Medical Services,Bungoma,2026-01-12,1.36,0.94,0.3088,True,"Usage-reporting discrepancy modeled on the 2026 national MES dialysis audit finding: machine usage counters showed materially more work performed than hospitals' paper registers recorded, by more than 30% in some cases."
ME-00090,Anesthesia,18852.0,Lumboka Medical Services,Bungoma,2026-01-19,3.92,3.02,0.2296,True,"Usage-reporting discrepancy modeled on the 2026 national MES dialysis audit finding: machine usage counters showed materially more work performed than hospitals' paper registers recorded, by more than 30% in some cases."
ME-00090,Anesthesia,18852.0,Lumboka Medical Services,Bungoma,2026-01-26,3.72,2.62,0.2957,True,"Usage-reporting discrepancy modeled on the 2026 national MES dialysis audit finding: machine usage counters showed materially more work performed than hospitals' paper registers recorded, by more than 30% in some cases."
ME-00090,Anesthesia,18852.0,Lumboka Medical Services,Bungoma,2026-02-02,5.92,4.43,0.2517,True,"Usage-reporting discrepancy modeled on the 2026 national MES dialysis audit finding: machine usage counters showed materially more work performed than hospitals' paper registers recorded, by more than 30% in some cases."
ME-00090,Anesthesia,18852.0,Lumboka Medical Services,Bungoma,2026-02-09,1.69,1.18,0.3018,True,"Usage-reporting discrepancy modeled on the 2026 national MES dialysis audit finding: machine usage counters showed materially more work performed than hospitals' paper registers recorded, by more than 30% in some cases."
ME-00090,Anesthesia,18852.0,Lumboka Medical Services,Bungoma,2026-02-16,1.52,1.04,0.3158,True,"Usage-reporting discrepancy modeled on the 2026 national MES dialysis audit finding: machine usage counters showed materially more work performed than hospitals' paper registers recorded, by more than 30% in some cases."
ME-00090,Anesthesia,18852.0,Lumboka Medical Services,Bungoma,2026-02-23,1.31,1.02,0.2214,True,"Usage-reporting discrepancy modeled on the 2026 national MES dialysis audit finding: machine usage counters showed materially more work performed than hospitals' paper registers recorded, by more than 30% in some cases."
ME-00090,Anesthesia,18852.0,Lumboka Medical Services,Bungoma,2026-03-02,4.48,3.27,0.2701,True,"Usage-reporting discrepancy modeled on the 2026 national MES dialysis audit finding: machine usage counters showed materially more work performed than hospitals' paper registers recorded, by more than 30% in some cases."
ME-00090,Anesthesia,18852.0,Lumboka Medical Services,Bungoma,2026-03-09,1.24,0.96,0.2258,True,"Usage-reporting discrepancy modeled on the 2026 national MES dialysis audit finding: machine usage counters showed materially more work performed than hospitals' paper registers recorded, by more than 30% in some cases."
ME-00090,Anesthesia,18852.0,Lumboka Medical Services,Bungoma,2026-03-16,6.11,4.61,0.2455,True,"Usage-reporting discrepancy modeled on the 2026 national MES dialysis audit finding: machine usage counters showed materially more work performed than hospitals' paper registers recorded, by more than 30% in some cases."
ME-00090,Anesthesia,18852.0,Lumboka Medical Services,Bungoma,2026-03-23,0.0,0.0,0.0,True,"Usage-reporting discrepancy modeled on the 2026 national MES dialysis audit finding: machine usage counters showed materially more work performed than hospitals' paper registers recorded, by more than 30% in some cases."
ME-00090,Anesthesia,18852.0,Lumboka Medical Services,Bungoma,2026-03-30,0.0,0.0,0.0,True,"Usage-reporting discrepancy modeled on the 2026 national MES dialysis audit finding: machine usage counters showed materially more work performed than hospitals' paper registers recorded, by more than 30% in some cases."
ME-00091,MRI,15915.0,Kakamega County General Hospital,Kakamega,2025-12-29,1.57,2.27,-0.4459,False,
ME-00091,MRI,15915.0,Kakamega County General Hospital,Kakamega,2026-01-05,1.14,0.8,0.2982,False,
ME-00091,MRI,15915.0,Kakamega County General Hospital,Kakamega,2026-01-12,3.84,4.97,-0.2943,False,
ME-00091,MRI,15915.0,Kakamega County General Hospital,Kakamega,2026-01-19,0.0,0.0,0.0,False,
ME-00091,MRI,15915.0,Kakamega County General Hospital,Kakamega,2026-01-26,0.68,1.07,-0.5735,False,
ME-00091,MRI,15915.0,Kakamega County General Hospital,Kakamega,2026-02-02,0.0,0.0,0.0,False,
ME-00091,MRI,15915.0,Kakamega County General Hospital,Kakamega,2026-02-09,0.0,0.63,0.0,False,
ME-00091,MRI,15915.0,Kakamega County General Hospital,Kakamega,2026-02-16,0.0,0.07,0.0,False,
ME-00091,MRI,15915.0,Kakamega County General Hospital,Kakamega,2026-02-23,0.0,1.68,0.0,False,
ME-00091,MRI,15915.0,Kakamega County General Hospital,Kakamega,2026-03-02,6.84,6.58,0.038,False,
ME-00091,MRI,15915.0,Kakamega County General Hospital,Kakamega,2026-03-09,1.71,1.93,-0.1287,False,
ME-00091,MRI,15915.0,Kakamega County General Hospital,Kakamega,2026-03-16,0.0,0.38,0.0,False,
ME-00091,MRI,15915.0,Kakamega County General Hospital,Kakamega,2026-03-23,6.04,5.47,0.0944,False,
ME-00091,MRI,15915.0,Kakamega County General Hospital,Kakamega,2026-03-30,3.23,3.45,-0.0681,False,
ME-00092,Ventilator,14379.0,Cherangany Sub County Hospital,Trans Nzoia,2025-12-29,0.82,1.07,-0.3049,False,
ME-00092,Ventilator,14379.0,Cherangany Sub County Hospital,Trans Nzoia,2026-01-05,2.75,3.11,-0.1309,False,
ME-00092,Ventilator,14379.0,Cherangany Sub County Hospital,Trans Nzoia,2026-01-12,4.15,3.78,0.0892,False,
ME-00092,Ventilator,14379.0,Cherangany Sub County Hospital,Trans Nzoia,2026-01-19,0.0,1.24,0.0,False,
ME-00092,Ventilator,14379.0,Cherangany Sub County Hospital,Trans Nzoia,2026-01-26,3.31,2.81,0.1511,False,
ME-00092,Ventilator,14379.0,Cherangany Sub County Hospital,Trans Nzoia,2026-02-02,3.66,3.43,0.0628,False,
ME-00092,Ventilator,14379.0,Cherangany Sub County Hospital,Trans Nzoia,2026-02-09,2.72,2.37,0.1287,False,
ME-00092,Ventilator,14379.0,Cherangany Sub County Hospital,Trans Nzoia,2026-02-16,2.4,2.58,-0.075,False,
ME-00092,Ventilator,14379.0,Cherangany Sub County Hospital,Trans Nzoia,2026-02-23,0.0,0.0,0.0,False,
ME-00092,Ventilator,14379.0,Cherangany Sub County Hospital,Trans Nzoia,2026-03-02,1.15,0.0,1.0,False,
ME-00092,Ventilator,14379.0,Cherangany Sub County Hospital,Trans Nzoia,2026-03-09,0.0,0.0,0.0,False,
ME-00092,Ventilator,14379.0,Cherangany Sub County Hospital,Trans Nzoia,2026-03-16,3.53,2.64,0.2521,False,
ME-00092,Ventilator,14379.0,Cherangany Sub County Hospital,Trans Nzoia,2026-03-23,0.0,0.0,0.0,False,
ME-00092,Ventilator,14379.0,Cherangany Sub County Hospital,Trans Nzoia,2026-03-30,0.0,1.14,0.0,False,
ME-00093,CT,13110.0,Nairobi Hospital,Nairobi,2025-12-29,0.59,1.36,-1.3051,False,
ME-00093,CT,13110.0,Nairobi Hospital,Nairobi,2026-01-05,2.74,0.56,0.7956,False,
ME-00093,CT,13110.0,Nairobi Hospital,Nairobi,2026-01-12,3.11,3.38,-0.0868,False,
ME-00093,CT,13110.0,Nairobi Hospital,Nairobi,2026-01-19,0.0,1.64,0.0,False,
ME-00093,CT,13110.0,Nairobi Hospital,Nairobi,2026-01-26,0.0,0.06,0.0,False,
ME-00093,CT,13110.0,Nairobi Hospital,Nairobi,2026-02-02,2.25,3.64,-0.6178,False,
ME-00093,CT,13110.0,Nairobi Hospital,Nairobi,2026-02-09,0.0,0.0,0.0,False,
ME-00093,CT,13110.0,Nairobi Hospital,Nairobi,2026-02-16,0.0,1.0,0.0,False,
ME-00093,CT,13110.0,Nairobi Hospital,Nairobi,2026-02-23,0.0,1.6,0.0,False,
ME-00093,CT,13110.0,Nairobi Hospital,Nairobi,2026-03-02,17.57,18.24,-0.0381,False,
ME-00093,CT,13110.0,Nairobi Hospital,Nairobi,2026-03-09,10.73,12.02,-0.1202,False,
ME-00093,CT,13110.0,Nairobi Hospital,Nairobi,2026-03-16,12.78,11.26,0.1189,False,
ME-00093,CT,13110.0,Nairobi Hospital,Nairobi,2026-03-23,17.36,18.64,-0.0737,False,
ME-00093,CT,13110.0,Nairobi Hospital,Nairobi,2026-03-30,0.0,0.0,0.0,False,
ME-00094,Ultrasound,12459.0,Malalani Health Centre,Kitui,2025-12-29,0.26,0.0,1.0,False,
ME-00094,Ultrasound,12459.0,Malalani Health Centre,Kitui,2026-01-05,2.31,2.57,-0.1126,False,
ME-00094,Ultrasound,12459.0,Malalani Health Centre,Kitui,2026-01-12,0.27,0.51,-0.8889,False,
ME-00094,Ultrasound,12459.0,Malalani Health Centre,Kitui,2026-01-19,2.18,2.08,0.0459,False,
ME-00094,Ultrasound,12459.0,Malalani Health Centre,Kitui,2026-01-26,0.0,0.0,0.0,False,
ME-00094,Ultrasound,12459.0,Malalani Health Centre,Kitui,2026-02-02,0.0,1.44,0.0,False,
ME-00094,Ultrasound,12459.0,Malalani Health Centre,Kitui,2026-02-09,0.58,1.06,-0.8276,False,
ME-00094,Ultrasound,12459.0,Malalani Health Centre,Kitui,2026-02-16,9.18,11.66,-0.2702,False,
ME-00094,Ultrasound,12459.0,Malalani Health Centre,Kitui,2026-02-23,9.83,11.6,-0.1801,False,
ME-00094,Ultrasound,12459.0,Malalani Health Centre,Kitui,2026-03-02,0.0,0.0,0.0,False,
ME-00094,Ultrasound,12459.0,Malalani Health Centre,Kitui,2026-03-09,2.47,1.34,0.4575,False,
ME-00094,Ultrasound,12459.0,Malalani Health Centre,Kitui,2026-03-16,0.58,3.32,-4.7241,False,
ME-00094,Ultrasound,12459.0,Malalani Health Centre,Kitui,2026-03-23,0.0,0.0,0.0,False,
ME-00094,Ultrasound,12459.0,Malalani Health Centre,Kitui,2026-03-30,0.0,0.0,0.0,False,
ME-00095,MRI,10903.0,Nyeri Provincial General Hospital (PGH),Nyeri,2025-12-29,0.99,0.45,0.5455,False,
ME-00095,MRI,10903.0,Nyeri Provincial General Hospital (PGH),Nyeri,2026-01-05,0.43,1.86,-3.3256,False,
ME-00095,MRI,10903.0,Nyeri Provincial General Hospital (PGH),Nyeri,2026-01-12,2.27,0.74,0.674,False,
ME-00095,MRI,10903.0,Nyeri Provincial General Hospital (PGH),Nyeri,2026-01-19,0.01,0.0,1.0,False,
ME-00095,MRI,10903.0,Nyeri Provincial General Hospital (PGH),Nyeri,2026-01-26,0.0,0.86,0.0,False,
ME-00095,MRI,10903.0,Nyeri Provincial General Hospital (PGH),Nyeri,2026-02-02,8.88,9.13,-0.0282,False,
ME-00095,MRI,10903.0,Nyeri Provincial General Hospital (PGH),Nyeri,2026-02-09,0.0,0.0,0.0,False,
ME-00095,MRI,10903.0,Nyeri Provincial General Hospital (PGH),Nyeri,2026-02-16,0.0,0.18,0.0,False,
ME-00095,MRI,10903.0,Nyeri Provincial General Hospital (PGH),Nyeri,2026-02-23,0.0,1.54,0.0,False,
ME-00095,MRI,10903.0,Nyeri Provincial General Hospital (PGH),Nyeri,2026-03-02,0.0,0.0,0.0,False,
ME-00095,MRI,10903.0,Nyeri Provincial General Hospital (PGH),Nyeri,2026-03-09,0.0,0.13,0.0,False,
ME-00095,MRI,10903.0,Nyeri Provincial General Hospital (PGH),Nyeri,2026-03-16,11.93,13.46,-0.1282,False,
ME-00095,MRI,10903.0,Nyeri Provincial General Hospital (PGH),Nyeri,2026-03-23,3.02,3.19,-0.0563,False,
ME-00095,MRI,10903.0,Nyeri Provincial General Hospital (PGH),Nyeri,2026-03-30,0.0,1.89,0.0,False,
ME-00096,MRI,12004.0,Embu Provincial General Hospital,Embu,2025-12-29,1.41,3.82,-1.7092,False,
ME-00096,MRI,12004.0,Embu Provincial General Hospital,Embu,2026-01-05,0.71,1.58,-1.2254,False,
ME-00096,MRI,12004.0,Embu Provincial General Hospital,Embu,2026-01-12,2.83,0.09,0.9682,False,
ME-00096,MRI,12004.0,Embu Provincial General Hospital,Embu,2026-01-19,4.23,4.26,-0.0071,False,
ME-00096,MRI,12004.0,Embu Provincial General Hospital,Embu,2026-01-26,0.0,0.0,0.0,False,
ME-00096,MRI,12004.0,Embu Provincial General Hospital,Embu,2026-02-02,2.25,0.02,0.9911,False,
ME-00096,MRI,12004.0,Embu Provincial General Hospital,Embu,2026-02-09,0.0,0.0,0.0,False,
ME-00096,MRI,12004.0,Embu Provincial General Hospital,Embu,2026-02-16,0.0,0.0,0.0,False,
ME-00096,MRI,12004.0,Embu Provincial General Hospital,Embu,2026-02-23,9.76,8.81,0.0973,False,
ME-00096,MRI,12004.0,Embu Provincial General Hospital,Embu,2026-03-02,0.0,0.45,0.0,False,
ME-00096,MRI,12004.0,Embu Provincial General Hospital,Embu,2026-03-09,0.0,0.38,0.0,False,
ME-00096,MRI,12004.0,Embu Provincial General Hospital,Embu,2026-03-16,4.18,2.98,0.2871,False,
ME-00096,MRI,12004.0,Embu Provincial General Hospital,Embu,2026-03-23,10.3,10.36,-0.0058,False,
ME-00096,MRI,12004.0,Embu Provincial General Hospital,Embu,2026-03-30,15.19,13.96,0.081,False,
ME-00097,Patient Monitor,13927.0,Nyangoge Health Centre,Migori,2025-12-29,0.76,0.41,0.4605,False,
ME-00097,Patient Monitor,13927.0,Nyangoge Health Centre,Migori,2026-01-05,0.51,0.76,-0.4902,False,
ME-00097,Patient Monitor,13927.0,Nyangoge Health Centre,Migori,2026-01-12,2.08,2.52,-0.2115,False,
ME-00097,Patient Monitor,13927.0,Nyangoge Health Centre,Migori,2026-01-19,0.0,0.0,0.0,False,
ME-00097,Patient Monitor,13927.0,Nyangoge Health Centre,Migori,2026-01-26,0.0,0.65,0.0,False,
ME-00097,Patient Monitor,13927.0,Nyangoge Health Centre,Migori,2026-02-02,0.0,0.0,0.0,False,
ME-00097,Patient Monitor,13927.0,Nyangoge Health Centre,Migori,2026-02-09,0.0,0.93,0.0,False,
ME-00097,Patient Monitor,13927.0,Nyangoge Health Centre,Migori,2026-02-16,0.0,0.0,0.0,False,
ME-00097,Patient Monitor,13927.0,Nyangoge Health Centre,Migori,2026-02-23,0.0,0.0,0.0,False,
ME-00097,Patient Monitor,13927.0,Nyangoge Health Centre,Migori,2026-03-02,13.37,13.03,0.0254,False,
ME-00097,Patient Monitor,13927.0,Nyangoge Health Centre,Migori,2026-03-09,21.17,19.4,0.0836,False,
ME-00097,Patient Monitor,13927.0,Nyangoge Health Centre,Migori,2026-03-16,0.0,0.91,0.0,False,
ME-00097,Patient Monitor,13927.0,Nyangoge Health Centre,Migori,2026-03-23,2.88,1.82,0.3681,False,
ME-00097,Patient Monitor,13927.0,Nyangoge Health Centre,Migori,2026-03-30,0.0,0.11,0.0,False,
ME-00098,Anesthesia,10083.0,Central Memorial Hospital,Kiambu,2025-12-29,0.98,0.7,0.2857,True,"Usage-reporting discrepancy modeled on the 2026 national MES dialysis audit finding: machine usage counters showed materially more work performed than hospitals' paper registers recorded, by more than 30% in some cases. Maintenance-neglect-to-breakdown pattern modeled on the 2025 Kenyatta National Hospital radiotherapy machine failure that disrupted national oncology services."
ME-00098,Anesthesia,10083.0,Central Memorial Hospital,Kiambu,2026-01-05,2.4,1.69,0.2958,True,"Usage-reporting discrepancy modeled on the 2026 national MES dialysis audit finding: machine usage counters showed materially more work performed than hospitals' paper registers recorded, by more than 30% in some cases. Maintenance-neglect-to-breakdown pattern modeled on the 2025 Kenyatta National Hospital radiotherapy machine failure that disrupted national oncology services."
ME-00098,Anesthesia,10083.0,Central Memorial Hospital,Kiambu,2026-01-12,2.26,1.6,0.292,True,"Usage-reporting discrepancy modeled on the 2026 national MES dialysis audit finding: machine usage counters showed materially more work performed than hospitals' paper registers recorded, by more than 30% in some cases. Maintenance-neglect-to-breakdown pattern modeled on the 2025 Kenyatta National Hospital radiotherapy machine failure that disrupted national oncology services."
ME-00098,Anesthesia,10083.0,Central Memorial Hospital,Kiambu,2026-01-19,6.05,4.0,0.3388,True,"Usage-reporting discrepancy modeled on the 2026 national MES dialysis audit finding: machine usage counters showed materially more work performed than hospitals' paper registers recorded, by more than 30% in some cases. Maintenance-neglect-to-breakdown pattern modeled on the 2025 Kenyatta National Hospital radiotherapy machine failure that disrupted national oncology services."
ME-00098,Anesthesia,10083.0,Central Memorial Hospital,Kiambu,2026-01-26,3.39,1.99,0.413,True,"Usage-reporting discrepancy modeled on the 2026 national MES dialysis audit finding: machine usage counters showed materially more work performed than hospitals' paper registers recorded, by more than 30% in some cases. Maintenance-neglect-to-breakdown pattern modeled on the 2025 Kenyatta National Hospital radiotherapy machine failure that disrupted national oncology services."
ME-00098,Anesthesia,10083.0,Central Memorial Hospital,Kiambu,2026-02-02,4.38,3.08,0.2968,True,"Usage-reporting discrepancy modeled on the 2026 national MES dialysis audit finding: machine usage counters showed materially more work performed than hospitals' paper registers recorded, by more than 30% in some cases. Maintenance-neglect-to-breakdown pattern modeled on the 2025 Kenyatta National Hospital radiotherapy machine failure that disrupted national oncology services."
ME-00098,Anesthesia,10083.0,Central Memorial Hospital,Kiambu,2026-02-09,0.0,0.0,0.0,True,"Usage-reporting discrepancy modeled on the 2026 national MES dialysis audit finding: machine usage counters showed materially more work performed than hospitals' paper registers recorded, by more than 30% in some cases. Maintenance-neglect-to-breakdown pattern modeled on the 2025 Kenyatta National Hospital radiotherapy machine failure that disrupted national oncology services."
ME-00098,Anesthesia,10083.0,Central Memorial Hospital,Kiambu,2026-02-16,3.94,2.72,0.3096,True,"Usage-reporting discrepancy modeled on the 2026 national MES dialysis audit finding: machine usage counters showed materially more work performed than hospitals' paper registers recorded, by more than 30% in some cases. Maintenance-neglect-to-breakdown pattern modeled on the 2025 Kenyatta National Hospital radiotherapy machine failure that disrupted national oncology services."
ME-00098,Anesthesia,10083.0,Central Memorial Hospital,Kiambu,2026-02-23,0.0,0.0,0.0,True,"Usage-reporting discrepancy modeled on the 2026 national MES dialysis audit finding: machine usage counters showed materially more work performed than hospitals' paper registers recorded, by more than 30% in some cases. Maintenance-neglect-to-breakdown pattern modeled on the 2025 Kenyatta National Hospital radiotherapy machine failure that disrupted national oncology services."
ME-00098,Anesthesia,10083.0,Central Memorial Hospital,Kiambu,2026-03-02,0.0,0.0,0.0,True,"Usage-reporting discrepancy modeled on the 2026 national MES dialysis audit finding: machine usage counters showed materially more work performed than hospitals' paper registers recorded, by more than 30% in some cases. Maintenance-neglect-to-breakdown pattern modeled on the 2025 Kenyatta National Hospital radiotherapy machine failure that disrupted national oncology services."
ME-00098,Anesthesia,10083.0,Central Memorial Hospital,Kiambu,2026-03-09,15.22,10.26,0.3259,True,"Usage-reporting discrepancy modeled on the 2026 national MES dialysis audit finding: machine usage counters showed materially more work performed than hospitals' paper registers recorded, by more than 30% in some cases. Maintenance-neglect-to-breakdown pattern modeled on the 2025 Kenyatta National Hospital radiotherapy machine failure that disrupted national oncology services."
ME-00098,Anesthesia,10083.0,Central Memorial Hospital,Kiambu,2026-03-16,7.45,4.69,0.3705,True,"Usage-reporting discrepancy modeled on the 2026 national MES dialysis audit finding: machine usage counters showed materially more work performed than hospitals' paper registers recorded, by more than 30% in some cases. Maintenance-neglect-to-breakdown pattern modeled on the 2025 Kenyatta National Hospital radiotherapy machine failure that disrupted national oncology services."
ME-00098,Anesthesia,10083.0,Central Memorial Hospital,Kiambu,2026-03-23,0.0,0.0,0.0,True,"Usage-reporting discrepancy modeled on the 2026 national MES dialysis audit finding: machine usage counters showed materially more work performed than hospitals' paper registers recorded, by more than 30% in some cases. Maintenance-neglect-to-breakdown pattern modeled on the 2025 Kenyatta National Hospital radiotherapy machine failure that disrupted national oncology services."
ME-00098,Anesthesia,10083.0,Central Memorial Hospital,Kiambu,2026-03-30,8.32,5.91,0.2897,True,"Usage-reporting discrepancy modeled on the 2026 national MES dialysis audit finding: machine usage counters showed materially more work performed than hospitals' paper registers recorded, by more than 30% in some cases. Maintenance-neglect-to-breakdown pattern modeled on the 2025 Kenyatta National Hospital radiotherapy machine failure that disrupted national oncology services."
ME-00099,Anesthesia,25045.0,Mwai Kibaki Teaching and Referral Hospital,Nyeri,2025-12-29,1.49,2.38,-0.5973,False,
ME-00099,Anesthesia,25045.0,Mwai Kibaki Teaching and Referral Hospital,Nyeri,2026-01-05,2.91,2.3,0.2096,False,
ME-00099,Anesthesia,25045.0,Mwai Kibaki Teaching and Referral Hospital,Nyeri,2026-01-12,3.79,2.79,0.2639,False,
ME-00099,Anesthesia,25045.0,Mwai Kibaki Teaching and Referral Hospital,Nyeri,2026-01-19,4.28,3.76,0.1215,False,
ME-00099,Anesthesia,25045.0,Mwai Kibaki Teaching and Referral Hospital,Nyeri,2026-01-26,0.0,0.0,0.0,False,
ME-00099,Anesthesia,25045.0,Mwai Kibaki Teaching and Referral Hospital,Nyeri,2026-02-02,0.0,0.0,0.0,False,
ME-00099,Anesthesia,25045.0,Mwai Kibaki Teaching and Referral Hospital,Nyeri,2026-02-09,6.03,5.86,0.0282,False,
ME-00099,Anesthesia,25045.0,Mwai Kibaki Teaching and Referral Hospital,Nyeri,2026-02-16,15.55,14.49,0.0682,False,
ME-00099,Anesthesia,25045.0,Mwai Kibaki Teaching and Referral Hospital,Nyeri,2026-02-23,9.05,8.49,0.0619,False,
ME-00099,Anesthesia,25045.0,Mwai Kibaki Teaching and Referral Hospital,Nyeri,2026-03-02,0.0,1.27,0.0,False,
ME-00099,Anesthesia,25045.0,Mwai Kibaki Teaching and Referral Hospital,Nyeri,2026-03-09,0.0,0.8,0.0,False,
ME-00099,Anesthesia,25045.0,Mwai Kibaki Teaching and Referral Hospital,Nyeri,2026-03-16,0.0,0.0,0.0,False,
ME-00099,Anesthesia,25045.0,Mwai Kibaki Teaching and Referral Hospital,Nyeri,2026-03-23,7.9,7.39,0.0646,False,
ME-00099,Anesthesia,25045.0,Mwai Kibaki Teaching and Referral Hospital,Nyeri,2026-03-30,0.0,0.26,0.0,False,
ME-00100,Ultrasound,23860.0,Dokatah Nursing Home,Kwale,2025-12-29,1.19,1.95,-0.6387,False,
ME-00100,Ultrasound,23860.0,Dokatah Nursing Home,Kwale,2026-01-05,1.53,2.42,-0.5817,False,
ME-00100,Ultrasound,23860.0,Dokatah Nursing Home,Kwale,2026-01-12,0.0,0.0,0.0,False,
ME-00100,Ultrasound,23860.0,Dokatah Nursing Home,Kwale,2026-01-19,0.0,0.0,0.0,False,
ME-00100,Ultrasound,23860.0,Dokatah Nursing Home,Kwale,2026-01-26,0.92,1.99,-1.163,False,
ME-00100,Ultrasound,23860.0,Dokatah Nursing Home,Kwale,2026-02-02,0.0,0.0,0.0,False,
ME-00100,Ultrasound,23860.0,Dokatah Nursing Home,Kwale,2026-02-09,0.0,0.0,0.0,False,
ME-00100,Ultrasound,23860.0,Dokatah Nursing Home,Kwale,2026-02-16,1.65,0.98,0.4061,False,
ME-00100,Ultrasound,23860.0,Dokatah Nursing Home,Kwale,2026-02-23,0.49,1.47,-2.0,False,
ME-00100,Ultrasound,23860.0,Dokatah Nursing Home,Kwale,2026-03-02,8.57,8.06,0.0595,False,
ME-00100,Ultrasound,23860.0,Dokatah Nursing Home,Kwale,2026-03-09,0.0,0.0,0.0,False,
ME-00100,Ultrasound,23860.0,Dokatah Nursing Home,Kwale,2026-03-16,4.38,3.63,0.1712,False,
ME-00100,Ultrasound,23860.0,Dokatah Nursing Home,Kwale,2026-03-23,0.0,0.0,0.0,False,
ME-00100,Ultrasound,23860.0,Dokatah Nursing Home,Kwale,2026-03-30,15.41,16.36,-0.0616,False,
ME-00101,X-Ray,23681.0,Ichuky Medical Centre,Trans Nzoia,2025-12-29,1.14,1.68,-0.4737,False,
ME-00101,X-Ray,23681.0,Ichuky Medical Centre,Trans Nzoia,2026-01-05,2.46,3.8,-0.5447,False,
ME-00101,X-Ray,23681.0,Ichuky Medical Centre,Trans Nzoia,2026-01-12,2.67,1.83,0.3146,False,
ME-00101,X-Ray,23681.0,Ichuky Medical Centre,Trans Nzoia,2026-01-19,5.14,6.89,-0.3405,False,
ME-00101,X-Ray,23681.0,Ichuky Medical Centre,Trans Nzoia,2026-01-26,0.27,0.0,1.0,False,
ME-00101,X-Ray,23681.0,Ichuky Medical Centre,Trans Nzoia,2026-02-02,0.38,0.87,-1.2895,False,
ME-00101,X-Ray,23681.0,Ichuky Medical Centre,Trans Nzoia,2026-02-09,2.67,3.0,-0.1236,False,
ME-00101,X-Ray,23681.0,Ichuky Medical Centre,Trans Nzoia,2026-02-16,0.0,0.0,0.0,False,
ME-00101,X-Ray,23681.0,Ichuky Medical Centre,Trans Nzoia,2026-02-23,9.91,8.38,0.1544,False,
ME-00101,X-Ray,23681.0,Ichuky Medical Centre,Trans Nzoia,2026-03-02,0.0,0.12,0.0,False,
ME-00101,X-Ray,23681.0,Ichuky Medical Centre,Trans Nzoia,2026-03-09,9.13,9.7,-0.0624,False,
ME-00101,X-Ray,23681.0,Ichuky Medical Centre,Trans Nzoia,2026-03-16,11.69,11.59,0.0086,False,
ME-00101,X-Ray,23681.0,Ichuky Medical Centre,Trans Nzoia,2026-03-23,0.0,0.81,0.0,False,
ME-00101,X-Ray,23681.0,Ichuky Medical Centre,Trans Nzoia,2026-03-30,0.0,0.23,0.0,False,
ME-00102,Hemodialysis,13540.0,Ekerenyo Sub-District Hospital,Nyamira,2025-12-29,1.14,0.0,1.0,False,
ME-00102,Hemodialysis,13540.0,Ekerenyo Sub-District Hospital,Nyamira,2026-01-05,0.93,0.06,0.9355,False,
ME-00102,Hemodialysis,13540.0,Ekerenyo Sub-District Hospital,Nyamira,2026-01-12,0.0,0.88,0.0,False,
ME-00102,Hemodialysis,13540.0,Ekerenyo Sub-District Hospital,Nyamira,2026-01-19,1.62,0.75,0.537,False,
ME-00102,Hemodialysis,13540.0,Ekerenyo Sub-District Hospital,Nyamira,2026-01-26,1.25,2.4,-0.92,False,
ME-00102,Hemodialysis,13540.0,Ekerenyo Sub-District Hospital,Nyamira,2026-02-02,2.18,2.68,-0.2294,False,
ME-00102,Hemodialysis,13540.0,Ekerenyo Sub-District Hospital,Nyamira,2026-02-09,0.0,1.93,0.0,False,
ME-00102,Hemodialysis,13540.0,Ekerenyo Sub-District Hospital,Nyamira,2026-02-16,0.0,0.18,0.0,False,
ME-00102,Hemodialysis,13540.0,Ekerenyo Sub-District Hospital,Nyamira,2026-02-23,0.59,0.0,1.0,False,
ME-00102,Hemodialysis,13540.0,Ekerenyo Sub-District Hospital,Nyamira,2026-03-02,0.37,0.34,0.0811,False,
ME-00102,Hemodialysis,13540.0,Ekerenyo Sub-District Hospital,Nyamira,2026-03-09,0.0,0.0,0.0,False,
ME-00102,Hemodialysis,13540.0,Ekerenyo Sub-District Hospital,Nyamira,2026-03-16,9.14,11.37,-0.244,False,
ME-00102,Hemodialysis,13540.0,Ekerenyo Sub-District Hospital,Nyamira,2026-03-23,2.59,2.63,-0.0154,False,
ME-00102,Hemodialysis,13540.0,Ekerenyo Sub-District Hospital,Nyamira,2026-03-30,0.0,0.0,0.0,False,
ME-00103,Ventilator,12142.0,Kalacha Sub County Referral Hospital (Chalbi),Marsabit,2025-12-29,1.09,1.59,-0.4587,False,
ME-00103,Ventilator,12142.0,Kalacha Sub County Referral Hospital (Chalbi),Marsabit,2026-01-05,0.08,0.0,1.0,False,
ME-00103,Ventilator,12142.0,Kalacha Sub County Referral Hospital (Chalbi),Marsabit,2026-01-12,1.85,1.33,0.2811,False,
ME-00103,Ventilator,12142.0,Kalacha Sub County Referral Hospital (Chalbi),Marsabit,2026-01-19,5.89,5.9,-0.0017,False,
ME-00103,Ventilator,12142.0,Kalacha Sub County Referral Hospital (Chalbi),Marsabit,2026-01-26,0.0,0.0,0.0,False,
ME-00103,Ventilator,12142.0,Kalacha Sub County Referral Hospital (Chalbi),Marsabit,2026-02-02,8.19,7.2,0.1209,False,
ME-00103,Ventilator,12142.0,Kalacha Sub County Referral Hospital (Chalbi),Marsabit,2026-02-09,3.26,3.82,-0.1718,False,
ME-00103,Ventilator,12142.0,Kalacha Sub County Referral Hospital (Chalbi),Marsabit,2026-02-16,8.92,9.07,-0.0168,False,
ME-00103,Ventilator,12142.0,Kalacha Sub County Referral Hospital (Chalbi),Marsabit,2026-02-23,0.0,0.95,0.0,False,
ME-00103,Ventilator,12142.0,Kalacha Sub County Referral Hospital (Chalbi),Marsabit,2026-03-02,2.19,2.56,-0.1689,False,
ME-00103,Ventilator,12142.0,Kalacha Sub County Referral Hospital (Chalbi),Marsabit,2026-03-09,0.0,0.0,0.0,False,
ME-00103,Ventilator,12142.0,Kalacha Sub County Referral Hospital (Chalbi),Marsabit,2026-03-16,14.31,15.46,-0.0804,False,
ME-00103,Ventilator,12142.0,Kalacha Sub County Referral Hospital (Chalbi),Marsabit,2026-03-23,2.56,1.96,0.2344,False,
ME-00103,Ventilator,12142.0,Kalacha Sub County Referral Hospital (Chalbi),Marsabit,2026-03-30,24.73,24.75,-0.0008,False,
ME-00104,X-Ray,14721.0,Kapkoi Health Centre,Elgeyo Marakwet,2025-12-29,0.88,0.56,0.3636,True,"Usage-reporting discrepancy modeled on the 2026 national MES dialysis audit finding: machine usage counters showed materially more work performed than hospitals' paper registers recorded, by more than 30% in some cases."
ME-00104,X-Ray,14721.0,Kapkoi Health Centre,Elgeyo Marakwet,2026-01-05,2.21,1.46,0.3394,True,"Usage-reporting discrepancy modeled on the 2026 national MES dialysis audit finding: machine usage counters showed materially more work performed than hospitals' paper registers recorded, by more than 30% in some cases."
ME-00104,X-Ray,14721.0,Kapkoi Health Centre,Elgeyo Marakwet,2026-01-12,5.0,3.09,0.382,True,"Usage-reporting discrepancy modeled on the 2026 national MES dialysis audit finding: machine usage counters showed materially more work performed than hospitals' paper registers recorded, by more than 30% in some cases."
ME-00104,X-Ray,14721.0,Kapkoi Health Centre,Elgeyo Marakwet,2026-01-19,0.0,0.0,0.0,True,"Usage-reporting discrepancy modeled on the 2026 national MES dialysis audit finding: machine usage counters showed materially more work performed than hospitals' paper registers recorded, by more than 30% in some cases."
ME-00104,X-Ray,14721.0,Kapkoi Health Centre,Elgeyo Marakwet,2026-01-26,0.0,0.0,0.0,True,"Usage-reporting discrepancy modeled on the 2026 national MES dialysis audit finding: machine usage counters showed materially more work performed than hospitals' paper registers recorded, by more than 30% in some cases."
ME-00104,X-Ray,14721.0,Kapkoi Health Centre,Elgeyo Marakwet,2026-02-02,0.97,0.58,0.4021,True,"Usage-reporting discrepancy modeled on the 2026 national MES dialysis audit finding: machine usage counters showed materially more work performed than hospitals' paper registers recorded, by more than 30% in some cases."
ME-00104,X-Ray,14721.0,Kapkoi Health Centre,Elgeyo Marakwet,2026-02-09,10.66,6.37,0.4024,True,"Usage-reporting discrepancy modeled on the 2026 national MES dialysis audit finding: machine usage counters showed materially more work performed than hospitals' paper registers recorded, by more than 30% in some cases."
ME-00104,X-Ray,14721.0,Kapkoi Health Centre,Elgeyo Marakwet,2026-02-16,0.0,0.0,0.0,True,"Usage-reporting discrepancy modeled on the 2026 national MES dialysis audit finding: machine usage counters showed materially more work performed than hospitals' paper registers recorded, by more than 30% in some cases."
ME-00104,X-Ray,14721.0,Kapkoi Health Centre,Elgeyo Marakwet,2026-02-23,0.0,0.0,0.0,True,"Usage-reporting discrepancy modeled on the 2026 national MES dialysis audit finding: machine usage counters showed materially more work performed than hospitals' paper registers recorded, by more than 30% in some cases."
ME-00104,X-Ray,14721.0,Kapkoi Health Centre,Elgeyo Marakwet,2026-03-02,0.0,0.0,0.0,True,"Usage-reporting discrepancy modeled on the 2026 national MES dialysis audit finding: machine usage counters showed materially more work performed than hospitals' paper registers recorded, by more than 30% in some cases."
ME-00104,X-Ray,14721.0,Kapkoi Health Centre,Elgeyo Marakwet,2026-03-09,0.0,0.0,0.0,True,"Usage-reporting discrepancy modeled on the 2026 national MES dialysis audit finding: machine usage counters showed materially more work performed than hospitals' paper registers recorded, by more than 30% in some cases."
ME-00104,X-Ray,14721.0,Kapkoi Health Centre,Elgeyo Marakwet,2026-03-16,0.0,0.0,0.0,True,"Usage-reporting discrepancy modeled on the 2026 national MES dialysis audit finding: machine usage counters showed materially more work performed than hospitals' paper registers recorded, by more than 30% in some cases."
ME-00104,X-Ray,14721.0,Kapkoi Health Centre,Elgeyo Marakwet,2026-03-23,0.0,0.0,0.0,True,"Usage-reporting discrepancy modeled on the 2026 national MES dialysis audit finding: machine usage counters showed materially more work performed than hospitals' paper registers recorded, by more than 30% in some cases."
ME-00104,X-Ray,14721.0,Kapkoi Health Centre,Elgeyo Marakwet,2026-03-30,0.0,0.0,0.0,True,"Usage-reporting discrepancy modeled on the 2026 national MES dialysis audit finding: machine usage counters showed materially more work performed than hospitals' paper registers recorded, by more than 30% in some cases."
ME-00105,MRI,12867.0,Aga Khan Hospital,Nairobi,2025-12-29,1.55,2.48,-0.6,False,
ME-00105,MRI,12867.0,Aga Khan Hospital,Nairobi,2026-01-05,2.08,1.22,0.4135,False,
ME-00105,MRI,12867.0,Aga Khan Hospital,Nairobi,2026-01-12,0.0,2.11,0.0,False,
ME-00105,MRI,12867.0,Aga Khan Hospital,Nairobi,2026-01-19,0.01,0.65,-64.0,False,
ME-00105,MRI,12867.0,Aga Khan Hospital,Nairobi,2026-01-26,3.75,4.77,-0.272,False,
ME-00105,MRI,12867.0,Aga Khan Hospital,Nairobi,2026-02-02,0.0,0.62,0.0,False,
ME-00105,MRI,12867.0,Aga Khan Hospital,Nairobi,2026-02-09,0.0,0.57,0.0,False,
ME-00105,MRI,12867.0,Aga Khan Hospital,Nairobi,2026-02-16,0.0,0.49,0.0,False,
ME-00105,MRI,12867.0,Aga Khan Hospital,Nairobi,2026-02-23,5.05,5.59,-0.1069,False,
ME-00105,MRI,12867.0,Aga Khan Hospital,Nairobi,2026-03-02,0.0,0.17,0.0,False,
ME-00105,MRI,12867.0,Aga Khan Hospital,Nairobi,2026-03-09,23.83,21.73,0.0881,False,
ME-00105,MRI,12867.0,Aga Khan Hospital,Nairobi,2026-03-16,0.0,0.0,0.0,False,
ME-00105,MRI,12867.0,Aga Khan Hospital,Nairobi,2026-03-23,0.0,0.0,0.0,False,
ME-00105,MRI,12867.0,Aga Khan Hospital,Nairobi,2026-03-30,1.66,2.88,-0.7349,False,
ME-00106,Hemodialysis,12110.0,Jordan Hospital,Kitui,2025-12-29,0.98,2.14,-1.1837,False,
ME-00106,Hemodialysis,12110.0,Jordan Hospital,Kitui,2026-01-05,0.0,1.47,0.0,False,
ME-00106,Hemodialysis,12110.0,Jordan Hospital,Kitui,2026-01-12,2.5,1.98,0.208,False,
ME-00106,Hemodialysis,12110.0,Jordan Hospital,Kitui,2026-01-19,3.24,2.06,0.3642,False,
ME-00106,Hemodialysis,12110.0,Jordan Hospital,Kitui,2026-01-26,0.0,0.0,0.0,False,
ME-00106,Hemodialysis,12110.0,Jordan Hospital,Kitui,2026-02-02,0.0,0.39,0.0,False,
ME-00106,Hemodialysis,12110.0,Jordan Hospital,Kitui,2026-02-09,0.0,0.0,0.0,False,
ME-00106,Hemodialysis,12110.0,Jordan Hospital,Kitui,2026-02-16,7.66,8.39,-0.0953,False,
ME-00106,Hemodialysis,12110.0,Jordan Hospital,Kitui,2026-02-23,2.88,3.12,-0.0833,False,
ME-00106,Hemodialysis,12110.0,Jordan Hospital,Kitui,2026-03-02,0.0,0.0,0.0,False,
ME-00106,Hemodialysis,12110.0,Jordan Hospital,Kitui,2026-03-09,5.06,4.6,0.0909,False,
ME-00106,Hemodialysis,12110.0,Jordan Hospital,Kitui,2026-03-16,0.87,0.26,0.7011,False,
ME-00106,Hemodialysis,12110.0,Jordan Hospital,Kitui,2026-03-23,10.25,9.97,0.0273,False,
ME-00106,Hemodialysis,12110.0,Jordan Hospital,Kitui,2026-03-30,1.28,0.0,1.0,False,
ME-00107,CT,15204.0,Moi Teaching Refferal Hospital,Uasin Gishu,2025-12-29,0.79,1.63,-1.0633,False,
ME-00107,CT,15204.0,Moi Teaching Refferal Hospital,Uasin Gishu,2026-01-05,3.5,4.59,-0.3114,False,
ME-00107,CT,15204.0,Moi Teaching Refferal Hospital,Uasin Gishu,2026-01-12,0.43,0.0,1.0,False,
ME-00107,CT,15204.0,Moi Teaching Refferal Hospital,Uasin Gishu,2026-01-19,3.25,1.15,0.6462,False,
ME-00107,CT,15204.0,Moi Teaching Refferal Hospital,Uasin Gishu,2026-01-26,0.82,0.55,0.3293,False,
ME-00107,CT,15204.0,Moi Teaching Refferal Hospital,Uasin Gishu,2026-02-02,0.0,0.96,0.0,False,
ME-00107,CT,15204.0,Moi Teaching Refferal Hospital,Uasin Gishu,2026-02-09,0.0,0.32,0.0,False,
ME-00107,CT,15204.0,Moi Teaching Refferal Hospital,Uasin Gishu,2026-02-16,0.0,0.17,0.0,False,
ME-00107,CT,15204.0,Moi Teaching Refferal Hospital,Uasin Gishu,2026-02-23,0.0,0.0,0.0,False,
ME-00107,CT,15204.0,Moi Teaching Refferal Hospital,Uasin Gishu,2026-03-02,0.42,0.0,1.0,False,
ME-00107,CT,15204.0,Moi Teaching Refferal Hospital,Uasin Gishu,2026-03-09,2.27,4.13,-0.8194,False,
ME-00107,CT,15204.0,Moi Teaching Refferal Hospital,Uasin Gishu,2026-03-16,0.0,0.57,0.0,False,
ME-00107,CT,15204.0,Moi Teaching Refferal Hospital,Uasin Gishu,2026-03-23,0.0,2.49,0.0,False,
ME-00107,CT,15204.0,Moi Teaching Refferal Hospital,Uasin Gishu,2026-03-30,1.94,1.97,-0.0155,False,
ME-00108,Ventilator,11170.0,Wangige Sub County Hospital,Kiambu,2025-12-29,1.41,1.19,0.156,True,"Usage-reporting discrepancy modeled on the 2026 national MES dialysis audit finding: machine usage counters showed materially more work performed than hospitals' paper registers recorded, by more than 30% in some cases."
ME-00108,Ventilator,11170.0,Wangige Sub County Hospital,Kiambu,2026-01-05,1.43,1.24,0.1329,True,"Usage-reporting discrepancy modeled on the 2026 national MES dialysis audit finding: machine usage counters showed materially more work performed than hospitals' paper registers recorded, by more than 30% in some cases."
ME-00108,Ventilator,11170.0,Wangige Sub County Hospital,Kiambu,2026-01-12,1.16,1.04,0.1034,True,"Usage-reporting discrepancy modeled on the 2026 national MES dialysis audit finding: machine usage counters showed materially more work performed than hospitals' paper registers recorded, by more than 30% in some cases."
ME-00108,Ventilator,11170.0,Wangige Sub County Hospital,Kiambu,2026-01-19,0.0,0.0,0.0,True,"Usage-reporting discrepancy modeled on the 2026 national MES dialysis audit finding: machine usage counters showed materially more work performed than hospitals' paper registers recorded, by more than 30% in some cases."
ME-00108,Ventilator,11170.0,Wangige Sub County Hospital,Kiambu,2026-01-26,3.31,2.98,0.0997,True,"Usage-reporting discrepancy modeled on the 2026 national MES dialysis audit finding: machine usage counters showed materially more work performed than hospitals' paper registers recorded, by more than 30% in some cases."
ME-00108,Ventilator,11170.0,Wangige Sub County Hospital,Kiambu,2026-02-02,0.0,0.0,0.0,True,"Usage-reporting discrepancy modeled on the 2026 national MES dialysis audit finding: machine usage counters showed materially more work performed than hospitals' paper registers recorded, by more than 30% in some cases."
ME-00108,Ventilator,11170.0,Wangige Sub County Hospital,Kiambu,2026-02-09,5.52,4.71,0.1467,True,"Usage-reporting discrepancy modeled on the 2026 national MES dialysis audit finding: machine usage counters showed materially more work performed than hospitals' paper registers recorded, by more than 30% in some cases."
ME-00108,Ventilator,11170.0,Wangige Sub County Hospital,Kiambu,2026-02-16,0.71,0.56,0.2113,True,"Usage-reporting discrepancy modeled on the 2026 national MES dialysis audit finding: machine usage counters showed materially more work performed than hospitals' paper registers recorded, by more than 30% in some cases."
ME-00108,Ventilator,11170.0,Wangige Sub County Hospital,Kiambu,2026-02-23,0.96,0.79,0.1771,True,"Usage-reporting discrepancy modeled on the 2026 national MES dialysis audit finding: machine usage counters showed materially more work performed than hospitals' paper registers recorded, by more than 30% in some cases."
ME-00108,Ventilator,11170.0,Wangige Sub County Hospital,Kiambu,2026-03-02,0.0,0.0,0.0,True,"Usage-reporting discrepancy modeled on the 2026 national MES dialysis audit finding: machine usage counters showed materially more work performed than hospitals' paper registers recorded, by more than 30% in some cases."
ME-00108,Ventilator,11170.0,Wangige Sub County Hospital,Kiambu,2026-03-09,0.0,0.0,0.0,True,"Usage-reporting discrepancy modeled on the 2026 national MES dialysis audit finding: machine usage counters showed materially more work performed than hospitals' paper registers recorded, by more than 30% in some cases."
ME-00108,Ventilator,11170.0,Wangige Sub County Hospital,Kiambu,2026-03-16,0.0,0.0,0.0,True,"Usage-reporting discrepancy modeled on the 2026 national MES dialysis audit finding: machine usage counters showed materially more work performed than hospitals' paper registers recorded, by more than 30% in some cases."
ME-00108,Ventilator,11170.0,Wangige Sub County Hospital,Kiambu,2026-03-23,0.0,0.0,0.0,True,"Usage-reporting discrepancy modeled on the 2026 national MES dialysis audit finding: machine usage counters showed materially more work performed than hospitals' paper registers recorded, by more than 30% in some cases."
ME-00108,Ventilator,11170.0,Wangige Sub County Hospital,Kiambu,2026-03-30,8.5,7.0,0.1765,True,"Usage-reporting discrepancy modeled on the 2026 national MES dialysis audit finding: machine usage counters showed materially more work performed than hospitals' paper registers recorded, by more than 30% in some cases."
ME-00109,MRI,14947.0,Kitale County Hospital,Trans Nzoia,2025-12-29,1.3,0.83,0.3615,True,"Usage-reporting discrepancy modeled on the 2026 national MES dialysis audit finding: machine usage counters showed materially more work performed than hospitals' paper registers recorded, by more than 30% in some cases."
ME-00109,MRI,14947.0,Kitale County Hospital,Trans Nzoia,2026-01-05,2.93,1.74,0.4061,True,"Usage-reporting discrepancy modeled on the 2026 national MES dialysis audit finding: machine usage counters showed materially more work performed than hospitals' paper registers recorded, by more than 30% in some cases."
ME-00109,MRI,14947.0,Kitale County Hospital,Trans Nzoia,2026-01-12,1.38,0.88,0.3623,True,"Usage-reporting discrepancy modeled on the 2026 national MES dialysis audit finding: machine usage counters showed materially more work performed than hospitals' paper registers recorded, by more than 30% in some cases."
ME-00109,MRI,14947.0,Kitale County Hospital,Trans Nzoia,2026-01-19,0.0,0.0,0.0,True,"Usage-reporting discrepancy modeled on the 2026 national MES dialysis audit finding: machine usage counters showed materially more work performed than hospitals' paper registers recorded, by more than 30% in some cases."
ME-00109,MRI,14947.0,Kitale County Hospital,Trans Nzoia,2026-01-26,0.0,0.0,0.0,True,"Usage-reporting discrepancy modeled on the 2026 national MES dialysis audit finding: machine usage counters showed materially more work performed than hospitals' paper registers recorded, by more than 30% in some cases."
ME-00109,MRI,14947.0,Kitale County Hospital,Trans Nzoia,2026-02-02,0.0,0.0,0.0,True,"Usage-reporting discrepancy modeled on the 2026 national MES dialysis audit finding: machine usage counters showed materially more work performed than hospitals' paper registers recorded, by more than 30% in some cases."
ME-00109,MRI,14947.0,Kitale County Hospital,Trans Nzoia,2026-02-09,0.0,0.0,0.0,True,"Usage-reporting discrepancy modeled on the 2026 national MES dialysis audit finding: machine usage counters showed materially more work performed than hospitals' paper registers recorded, by more than 30% in some cases."
ME-00109,MRI,14947.0,Kitale County Hospital,Trans Nzoia,2026-02-16,7.88,5.19,0.3414,True,"Usage-reporting discrepancy modeled on the 2026 national MES dialysis audit finding: machine usage counters showed materially more work performed than hospitals' paper registers recorded, by more than 30% in some cases."
ME-00109,MRI,14947.0,Kitale County Hospital,Trans Nzoia,2026-02-23,5.51,3.01,0.4537,True,"Usage-reporting discrepancy modeled on the 2026 national MES dialysis audit finding: machine usage counters showed materially more work performed than hospitals' paper registers recorded, by more than 30% in some cases."
ME-00109,MRI,14947.0,Kitale County Hospital,Trans Nzoia,2026-03-02,12.27,8.12,0.3382,True,"Usage-reporting discrepancy modeled on the 2026 national MES dialysis audit finding: machine usage counters showed materially more work performed than hospitals' paper registers recorded, by more than 30% in some cases."
ME-00109,MRI,14947.0,Kitale County Hospital,Trans Nzoia,2026-03-09,11.31,7.4,0.3457,True,"Usage-reporting discrepancy modeled on the 2026 national MES dialysis audit finding: machine usage counters showed materially more work performed than hospitals' paper registers recorded, by more than 30% in some cases."
ME-00109,MRI,14947.0,Kitale County Hospital,Trans Nzoia,2026-03-16,16.69,10.69,0.3595,True,"Usage-reporting discrepancy modeled on the 2026 national MES dialysis audit finding: machine usage counters showed materially more work performed than hospitals' paper registers recorded, by more than 30% in some cases."
ME-00109,MRI,14947.0,Kitale County Hospital,Trans Nzoia,2026-03-23,0.0,0.0,0.0,True,"Usage-reporting discrepancy modeled on the 2026 national MES dialysis audit finding: machine usage counters showed materially more work performed than hospitals' paper registers recorded, by more than 30% in some cases."
ME-00109,MRI,14947.0,Kitale County Hospital,Trans Nzoia,2026-03-30,3.32,2.05,0.3825,True,"Usage-reporting discrepancy modeled on the 2026 national MES dialysis audit finding: machine usage counters showed materially more work performed than hospitals' paper registers recorded, by more than 30% in some cases."
ME-00110,Ventilator,12799.0,St. John of God Hospital Tigania,Meru,2025-12-29,1.51,3.09,-1.0464,False,
ME-00110,Ventilator,12799.0,St. John of God Hospital Tigania,Meru,2026-01-05,2.51,3.83,-0.5259,False,
ME-00110,Ventilator,12799.0,St. John of God Hospital Tigania,Meru,2026-01-12,0.53,0.93,-0.7547,False,
ME-00110,Ventilator,12799.0,St. John of God Hospital Tigania,Meru,2026-01-19,0.0,0.5,0.0,False,
ME-00110,Ventilator,12799.0,St. John of God Hospital Tigania,Meru,2026-01-26,0.0,3.4,0.0,False,
ME-00110,Ventilator,12799.0,St. John of God Hospital Tigania,Meru,2026-02-02,5.79,7.85,-0.3558,False,
ME-00110,Ventilator,12799.0,St. John of God Hospital Tigania,Meru,2026-02-09,2.43,4.36,-0.7942,False,
ME-00110,Ventilator,12799.0,St. John of God Hospital Tigania,Meru,2026-02-16,1.74,1.1,0.3678,False,
ME-00110,Ventilator,12799.0,St. John of God Hospital Tigania,Meru,2026-02-23,0.0,0.87,0.0,False,
ME-00110,Ventilator,12799.0,St. John of God Hospital Tigania,Meru,2026-03-02,0.0,0.37,0.0,False,
ME-00110,Ventilator,12799.0,St. John of God Hospital Tigania,Meru,2026-03-09,0.0,0.0,0.0,False,
ME-00110,Ventilator,12799.0,St. John of God Hospital Tigania,Meru,2026-03-16,1.93,1.99,-0.0311,False,
ME-00110,Ventilator,12799.0,St. John of God Hospital Tigania,Meru,2026-03-23,0.0,0.0,0.0,False,
ME-00110,Ventilator,12799.0,St. John of God Hospital Tigania,Meru,2026-03-30,3.05,1.95,0.3607,False,
ME-00111,Ventilator,19280.0,St Louis Community Hospital,Nairobi,2025-12-29,1.1,0.21,0.8091,False,
ME-00111,Ventilator,19280.0,St Louis Community Hospital,Nairobi,2026-01-05,2.39,1.33,0.4435,False,
ME-00111,Ventilator,19280.0,St Louis Community Hospital,Nairobi,2026-01-12,4.13,4.4,-0.0654,False,
ME-00111,Ventilator,19280.0,St Louis Community Hospital,Nairobi,2026-01-19,0.0,0.44,0.0,False,
ME-00111,Ventilator,19280.0,St Louis Community Hospital,Nairobi,2026-01-26,1.55,2.38,-0.5355,False,
ME-00111,Ventilator,19280.0,St Louis Community Hospital,Nairobi,2026-02-02,0.0,0.0,0.0,False,
ME-00111,Ventilator,19280.0,St Louis Community Hospital,Nairobi,2026-02-09,0.0,1.11,0.0,False,
ME-00111,Ventilator,19280.0,St Louis Community Hospital,Nairobi,2026-02-16,0.0,0.0,0.0,False,
ME-00111,Ventilator,19280.0,St Louis Community Hospital,Nairobi,2026-02-23,1.38,0.43,0.6884,False,
ME-00111,Ventilator,19280.0,St Louis Community Hospital,Nairobi,2026-03-02,16.6,15.58,0.0614,False,
ME-00111,Ventilator,19280.0,St Louis Community Hospital,Nairobi,2026-03-09,0.0,0.1,0.0,False,
ME-00111,Ventilator,19280.0,St Louis Community Hospital,Nairobi,2026-03-16,0.0,0.38,0.0,False,
ME-00111,Ventilator,19280.0,St Louis Community Hospital,Nairobi,2026-03-23,6.85,5.89,0.1401,False,
ME-00111,Ventilator,19280.0,St Louis Community Hospital,Nairobi,2026-03-30,13.72,13.82,-0.0073,False,
ME-00112,Ventilator,14455.0,Endebess Sub-County Hospital,Trans Nzoia,2025-12-29,1.47,1.66,-0.1293,False,
ME-00112,Ventilator,14455.0,Endebess Sub-County Hospital,Trans Nzoia,2026-01-05,3.57,2.68,0.2493,False,
ME-00112,Ventilator,14455.0,Endebess Sub-County Hospital,Trans Nzoia,2026-01-12,0.0,0.0,0.0,False,
ME-00112,Ventilator,14455.0,Endebess Sub-County Hospital,Trans Nzoia,2026-01-19,1.77,1.65,0.0678,False,
ME-00112,Ventilator,14455.0,Endebess Sub-County Hospital,Trans Nzoia,2026-01-26,0.0,1.3,0.0,False,
ME-00112,Ventilator,14455.0,Endebess Sub-County Hospital,Trans Nzoia,2026-02-02,7.93,8.38,-0.0567,False,
ME-00112,Ventilator,14455.0,Endebess Sub-County Hospital,Trans Nzoia,2026-02-09,0.0,0.0,0.0,False,
ME-00112,Ventilator,14455.0,Endebess Sub-County Hospital,Trans Nzoia,2026-02-16,0.0,0.0,0.0,False,
ME-00112,Ventilator,14455.0,Endebess Sub-County Hospital,Trans Nzoia,2026-02-23,3.79,4.0,-0.0554,False,
ME-00112,Ventilator,14455.0,Endebess Sub-County Hospital,Trans Nzoia,2026-03-02,14.05,15.33,-0.0911,False,
ME-00112,Ventilator,14455.0,Endebess Sub-County Hospital,Trans Nzoia,2026-03-09,9.32,8.17,0.1234,False,
ME-00112,Ventilator,14455.0,Endebess Sub-County Hospital,Trans Nzoia,2026-03-16,0.0,0.0,0.0,False,
ME-00112,Ventilator,14455.0,Endebess Sub-County Hospital,Trans Nzoia,2026-03-23,0.0,0.29,0.0,False,
ME-00112,Ventilator,14455.0,Endebess Sub-County Hospital,Trans Nzoia,2026-03-30,16.17,15.79,0.0235,False,
ME-00113,Hemodialysis,13365.0,Hulugho Sub County Hospital,Garissa,2025-12-29,1.9,3.33,-0.7526,False,
ME-00113,Hemodialysis,13365.0,Hulugho Sub County Hospital,Garissa,2026-01-05,0.0,0.0,0.0,False,
ME-00113,Hemodialysis,13365.0,Hulugho Sub County Hospital,Garissa,2026-01-12,0.0,0.0,0.0,False,
ME-00113,Hemodialysis,13365.0,Hulugho Sub County Hospital,Garissa,2026-01-19,1.0,0.45,0.55,False,
ME-00113,Hemodialysis,13365.0,Hulugho Sub County Hospital,Garissa,2026-01-26,5.82,4.13,0.2904,False,
ME-00113,Hemodialysis,13365.0,Hulugho Sub County Hospital,Garissa,2026-02-02,0.27,0.64,-1.3704,False,
ME-00113,Hemodialysis,13365.0,Hulugho Sub County Hospital,Garissa,2026-02-09,1.35,3.18,-1.3556,False,
ME-00113,Hemodialysis,13365.0,Hulugho Sub County Hospital,Garissa,2026-02-16,0.0,0.8,0.0,False,
ME-00113,Hemodialysis,13365.0,Hulugho Sub County Hospital,Garissa,2026-02-23,0.0,0.0,0.0,False,
ME-00113,Hemodialysis,13365.0,Hulugho Sub County Hospital,Garissa,2026-03-02,0.0,0.99,0.0,False,
ME-00113,Hemodialysis,13365.0,Hulugho Sub County Hospital,Garissa,2026-03-09,11.39,12.79,-0.1229,False,
ME-00113,Hemodialysis,13365.0,Hulugho Sub County Hospital,Garissa,2026-03-16,30.53,29.38,0.0377,False,
ME-00113,Hemodialysis,13365.0,Hulugho Sub County Hospital,Garissa,2026-03-23,1.57,1.33,0.1529,False,
ME-00113,Hemodialysis,13365.0,Hulugho Sub County Hospital,Garissa,2026-03-30,0.0,0.6,0.0,False,
ME-00114,Anesthesia,13831.0,Muhoroni County Hospital,Kisumu,2025-12-29,1.27,1.02,0.1969,False,
ME-00114,Anesthesia,13831.0,Muhoroni County Hospital,Kisumu,2026-01-05,0.82,0.0,1.0,False,
ME-00114,Anesthesia,13831.0,Muhoroni County Hospital,Kisumu,2026-01-12,2.25,2.94,-0.3067,False,
ME-00114,Anesthesia,13831.0,Muhoroni County Hospital,Kisumu,2026-01-19,0.0,0.0,0.0,False,
ME-00114,Anesthesia,13831.0,Muhoroni County Hospital,Kisumu,2026-01-26,3.04,3.38,-0.1118,False,
ME-00114,Anesthesia,13831.0,Muhoroni County Hospital,Kisumu,2026-02-02,1.91,2.72,-0.4241,False,
ME-00114,Anesthesia,13831.0,Muhoroni County Hospital,Kisumu,2026-02-09,0.0,0.58,0.0,False,
ME-00114,Anesthesia,13831.0,Muhoroni County Hospital,Kisumu,2026-02-16,0.0,0.23,0.0,False,
ME-00114,Anesthesia,13831.0,Muhoroni County Hospital,Kisumu,2026-02-23,0.0,0.0,0.0,False,
ME-00114,Anesthesia,13831.0,Muhoroni County Hospital,Kisumu,2026-03-02,0.0,0.0,0.0,False,
ME-00114,Anesthesia,13831.0,Muhoroni County Hospital,Kisumu,2026-03-09,15.16,13.44,0.1135,False,
ME-00114,Anesthesia,13831.0,Muhoroni County Hospital,Kisumu,2026-03-16,4.64,3.94,0.1509,False,
ME-00114,Anesthesia,13831.0,Muhoroni County Hospital,Kisumu,2026-03-23,4.89,4.87,0.0041,False,
ME-00114,Anesthesia,13831.0,Muhoroni County Hospital,Kisumu,2026-03-30,0.22,0.35,-0.5909,False,
ME-00115,Hemodialysis,13924.0,Nyangena Sub District Hospital (Manga),Nyamira,2025-12-29,0.75,0.6,0.2,True,"Usage-reporting discrepancy modeled on the 2026 national MES dialysis audit finding: machine usage counters showed materially more work performed than hospitals' paper registers recorded, by more than 30% in some cases."
ME-00115,Hemodialysis,13924.0,Nyangena Sub District Hospital (Manga),Nyamira,2026-01-05,1.3,1.0,0.2308,True,"Usage-reporting discrepancy modeled on the 2026 national MES dialysis audit finding: machine usage counters showed materially more work performed than hospitals' paper registers recorded, by more than 30% in some cases."
ME-00115,Hemodialysis,13924.0,Nyangena Sub District Hospital (Manga),Nyamira,2026-01-12,1.02,0.78,0.2353,True,"Usage-reporting discrepancy modeled on the 2026 national MES dialysis audit finding: machine usage counters showed materially more work performed than hospitals' paper registers recorded, by more than 30% in some cases."
ME-00115,Hemodialysis,13924.0,Nyangena Sub District Hospital (Manga),Nyamira,2026-01-19,4.08,3.0,0.2647,True,"Usage-reporting discrepancy modeled on the 2026 national MES dialysis audit finding: machine usage counters showed materially more work performed than hospitals' paper registers recorded, by more than 30% in some cases."
ME-00115,Hemodialysis,13924.0,Nyangena Sub District Hospital (Manga),Nyamira,2026-01-26,0.0,0.0,0.0,True,"Usage-reporting discrepancy modeled on the 2026 national MES dialysis audit finding: machine usage counters showed materially more work performed than hospitals' paper registers recorded, by more than 30% in some cases."
ME-00115,Hemodialysis,13924.0,Nyangena Sub District Hospital (Manga),Nyamira,2026-02-02,0.0,0.0,0.0,True,"Usage-reporting discrepancy modeled on the 2026 national MES dialysis audit finding: machine usage counters showed materially more work performed than hospitals' paper registers recorded, by more than 30% in some cases."
ME-00115,Hemodialysis,13924.0,Nyangena Sub District Hospital (Manga),Nyamira,2026-02-09,0.0,0.0,0.0,True,"Usage-reporting discrepancy modeled on the 2026 national MES dialysis audit finding: machine usage counters showed materially more work performed than hospitals' paper registers recorded, by more than 30% in some cases."
ME-00115,Hemodialysis,13924.0,Nyangena Sub District Hospital (Manga),Nyamira,2026-02-16,7.76,6.2,0.201,True,"Usage-reporting discrepancy modeled on the 2026 national MES dialysis audit finding: machine usage counters showed materially more work performed than hospitals' paper registers recorded, by more than 30% in some cases."
ME-00115,Hemodialysis,13924.0,Nyangena Sub District Hospital (Manga),Nyamira,2026-02-23,1.14,0.81,0.2895,True,"Usage-reporting discrepancy modeled on the 2026 national MES dialysis audit finding: machine usage counters showed materially more work performed than hospitals' paper registers recorded, by more than 30% in some cases."
ME-00115,Hemodialysis,13924.0,Nyangena Sub District Hospital (Manga),Nyamira,2026-03-02,1.25,0.97,0.224,True,"Usage-reporting discrepancy modeled on the 2026 national MES dialysis audit finding: machine usage counters showed materially more work performed than hospitals' paper registers recorded, by more than 30% in some cases."
ME-00115,Hemodialysis,13924.0,Nyangena Sub District Hospital (Manga),Nyamira,2026-03-09,0.0,0.0,0.0,True,"Usage-reporting discrepancy modeled on the 2026 national MES dialysis audit finding: machine usage counters showed materially more work performed than hospitals' paper registers recorded, by more than 30% in some cases."
ME-00115,Hemodialysis,13924.0,Nyangena Sub District Hospital (Manga),Nyamira,2026-03-16,0.0,0.0,0.0,True,"Usage-reporting discrepancy modeled on the 2026 national MES dialysis audit finding: machine usage counters showed materially more work performed than hospitals' paper registers recorded, by more than 30% in some cases."
ME-00115,Hemodialysis,13924.0,Nyangena Sub District Hospital (Manga),Nyamira,2026-03-23,0.0,0.0,0.0,True,"Usage-reporting discrepancy modeled on the 2026 national MES dialysis audit finding: machine usage counters showed materially more work performed than hospitals' paper registers recorded, by more than 30% in some cases."
ME-00115,Hemodialysis,13924.0,Nyangena Sub District Hospital (Manga),Nyamira,2026-03-30,0.0,0.0,0.0,True,"Usage-reporting discrepancy modeled on the 2026 national MES dialysis audit finding: machine usage counters showed materially more work performed than hospitals' paper registers recorded, by more than 30% in some cases."
ME-00116,CT,15204.0,Moi Teaching Refferal Hospital,Uasin Gishu,2025-12-29,0.99,0.91,0.0808,False,
ME-00116,CT,15204.0,Moi Teaching Refferal Hospital,Uasin Gishu,2026-01-05,2.15,1.48,0.3116,False,
ME-00116,CT,15204.0,Moi Teaching Refferal Hospital,Uasin Gishu,2026-01-12,2.66,2.18,0.1805,False,
ME-00116,CT,15204.0,Moi Teaching Refferal Hospital,Uasin Gishu,2026-01-19,0.0,0.0,0.0,False,
ME-00116,CT,15204.0,Moi Teaching Refferal Hospital,Uasin Gishu,2026-01-26,9.46,9.71,-0.0264,False,
ME-00116,CT,15204.0,Moi Teaching Refferal Hospital,Uasin Gishu,2026-02-02,4.94,6.41,-0.2976,False,
ME-00116,CT,15204.0,Moi Teaching Refferal Hospital,Uasin Gishu,2026-02-09,0.0,0.79,0.0,False,
ME-00116,CT,15204.0,Moi Teaching Refferal Hospital,Uasin Gishu,2026-02-16,0.0,0.0,0.0,False,
ME-00116,CT,15204.0,Moi Teaching Refferal Hospital,Uasin Gishu,2026-02-23,0.0,1.57,0.0,False,
ME-00116,CT,15204.0,Moi Teaching Refferal Hospital,Uasin Gishu,2026-03-02,0.0,1.42,0.0,False,
ME-00116,CT,15204.0,Moi Teaching Refferal Hospital,Uasin Gishu,2026-03-09,0.0,0.0,0.0,False,
ME-00116,CT,15204.0,Moi Teaching Refferal Hospital,Uasin Gishu,2026-03-16,0.0,0.0,0.0,False,
ME-00116,CT,15204.0,Moi Teaching Refferal Hospital,Uasin Gishu,2026-03-23,0.0,0.67,0.0,False,
ME-00116,CT,15204.0,Moi Teaching Refferal Hospital,Uasin Gishu,2026-03-30,20.37,21.33,-0.0471,False,
ME-00117,CT,13703.0,Kisii Teaching And Referral Hospital (Level 6),Kisii,2025-12-29,0.85,1.39,-0.6353,False,
ME-00117,CT,13703.0,Kisii Teaching And Referral Hospital (Level 6),Kisii,2026-01-05,0.0,0.44,0.0,False,
ME-00117,CT,13703.0,Kisii Teaching And Referral Hospital (Level 6),Kisii,2026-01-12,2.15,0.3,0.8605,False,
ME-00117,CT,13703.0,Kisii Teaching And Referral Hospital (Level 6),Kisii,2026-01-19,1.42,1.98,-0.3944,False,
ME-00117,CT,13703.0,Kisii Teaching And Referral Hospital (Level 6),Kisii,2026-01-26,3.46,3.55,-0.026,False,
ME-00117,CT,13703.0,Kisii Teaching And Referral Hospital (Level 6),Kisii,2026-02-02,4.92,4.65,0.0549,False,
ME-00117,CT,13703.0,Kisii Teaching And Referral Hospital (Level 6),Kisii,2026-02-09,0.0,0.0,0.0,False,
ME-00117,CT,13703.0,Kisii Teaching And Referral Hospital (Level 6),Kisii,2026-02-16,0.0,0.0,0.0,False,
ME-00117,CT,13703.0,Kisii Teaching And Referral Hospital (Level 6),Kisii,2026-02-23,8.77,7.93,0.0958,False,
ME-00117,CT,13703.0,Kisii Teaching And Referral Hospital (Level 6),Kisii,2026-03-02,0.0,0.03,0.0,False,
ME-00117,CT,13703.0,Kisii Teaching And Referral Hospital (Level 6),Kisii,2026-03-09,0.0,1.14,0.0,False,
ME-00117,CT,13703.0,Kisii Teaching And Referral Hospital (Level 6),Kisii,2026-03-16,2.82,4.18,-0.4823,False,
ME-00117,CT,13703.0,Kisii Teaching And Referral Hospital (Level 6),Kisii,2026-03-23,0.3,0.89,-1.9667,False,
ME-00117,CT,13703.0,Kisii Teaching And Referral Hospital (Level 6),Kisii,2026-03-30,0.0,0.87,0.0,False,
ME-00118,Ultrasound,24722.0,Nassi Hospitals,Busia,2025-12-29,1.56,2.16,-0.3846,False,
ME-00118,Ultrasound,24722.0,Nassi Hospitals,Busia,2026-01-05,1.82,2.17,-0.1923,False,
ME-00118,Ultrasound,24722.0,Nassi Hospitals,Busia,2026-01-12,1.24,0.71,0.4274,False,
ME-00118,Ultrasound,24722.0,Nassi Hospitals,Busia,2026-01-19,3.9,4.85,-0.2436,False,
ME-00118,Ultrasound,24722.0,Nassi Hospitals,Busia,2026-01-26,1.33,3.67,-1.7594,False,
ME-00118,Ultrasound,24722.0,Nassi Hospitals,Busia,2026-02-02,0.0,0.0,0.0,False,
ME-00118,Ultrasound,24722.0,Nassi Hospitals,Busia,2026-02-09,0.0,0.0,0.0,False,
ME-00118,Ultrasound,24722.0,Nassi Hospitals,Busia,2026-02-16,0.86,0.22,0.7442,False,
ME-00118,Ultrasound,24722.0,Nassi Hospitals,Busia,2026-02-23,1.09,1.91,-0.7523,False,
ME-00118,Ultrasound,24722.0,Nassi Hospitals,Busia,2026-03-02,4.46,3.55,0.204,False,
ME-00118,Ultrasound,24722.0,Nassi Hospitals,Busia,2026-03-09,16.54,17.64,-0.0665,False,
ME-00118,Ultrasound,24722.0,Nassi Hospitals,Busia,2026-03-16,14.74,14.3,0.0299,False,
ME-00118,Ultrasound,24722.0,Nassi Hospitals,Busia,2026-03-23,9.76,9.75,0.001,False,
ME-00118,Ultrasound,24722.0,Nassi Hospitals,Busia,2026-03-30,0.0,0.0,0.0,False,
ME-00119,Ventilator,15288.0,Nakuru Provincial General Hospital,Nakuru,2025-12-29,1.03,1.23,-0.1942,False,
ME-00119,Ventilator,15288.0,Nakuru Provincial General Hospital,Nakuru,2026-01-05,0.16,0.82,-4.125,False,
ME-00119,Ventilator,15288.0,Nakuru Provincial General Hospital,Nakuru,2026-01-12,0.0,0.0,0.0,False,
ME-00119,Ventilator,15288.0,Nakuru Provincial General Hospital,Nakuru,2026-01-19,0.0,0.14,0.0,False,
ME-00119,Ventilator,15288.0,Nakuru Provincial General Hospital,Nakuru,2026-01-26,0.16,0.5,-2.125,False,
ME-00119,Ventilator,15288.0,Nakuru Provincial General Hospital,Nakuru,2026-02-02,7.44,8.85,-0.1895,False,
ME-00119,Ventilator,15288.0,Nakuru Provincial General Hospital,Nakuru,2026-02-09,2.2,2.39,-0.0864,False,
ME-00119,Ventilator,15288.0,Nakuru Provincial General Hospital,Nakuru,2026-02-16,0.57,0.57,0.0,False,
ME-00119,Ventilator,15288.0,Nakuru Provincial General Hospital,Nakuru,2026-02-23,3.85,4.47,-0.161,False,
ME-00119,Ventilator,15288.0,Nakuru Provincial General Hospital,Nakuru,2026-03-02,0.0,1.49,0.0,False,
ME-00119,Ventilator,15288.0,Nakuru Provincial General Hospital,Nakuru,2026-03-09,8.62,7.95,0.0777,False,
ME-00119,Ventilator,15288.0,Nakuru Provincial General Hospital,Nakuru,2026-03-16,1.44,0.59,0.5903,False,
ME-00119,Ventilator,15288.0,Nakuru Provincial General Hospital,Nakuru,2026-03-23,0.0,0.0,0.0,False,
ME-00119,Ventilator,15288.0,Nakuru Provincial General Hospital,Nakuru,2026-03-30,15.65,16.46,-0.0518,False,
ME-00120,Ventilator,10782.0,Muriranjas Sub-District Hospital,Muranga,2025-12-29,1.33,1.46,-0.0977,False,
ME-00120,Ventilator,10782.0,Muriranjas Sub-District Hospital,Muranga,2026-01-05,1.55,1.92,-0.2387,False,
ME-00120,Ventilator,10782.0,Muriranjas Sub-District Hospital,Muranga,2026-01-12,2.3,0.44,0.8087,False,
ME-00120,Ventilator,10782.0,Muriranjas Sub-District Hospital,Muranga,2026-01-19,2.17,2.15,0.0092,False,
ME-00120,Ventilator,10782.0,Muriranjas Sub-District Hospital,Muranga,2026-01-26,0.0,0.75,0.0,False,
ME-00120,Ventilator,10782.0,Muriranjas Sub-District Hospital,Muranga,2026-02-02,0.0,0.0,0.0,False,
ME-00120,Ventilator,10782.0,Muriranjas Sub-District Hospital,Muranga,2026-02-09,0.0,0.0,0.0,False,
ME-00120,Ventilator,10782.0,Muriranjas Sub-District Hospital,Muranga,2026-02-16,0.0,0.23,0.0,False,
ME-00120,Ventilator,10782.0,Muriranjas Sub-District Hospital,Muranga,2026-02-23,0.53,0.0,1.0,False,
ME-00120,Ventilator,10782.0,Muriranjas Sub-District Hospital,Muranga,2026-03-02,0.0,0.0,0.0,False,
ME-00120,Ventilator,10782.0,Muriranjas Sub-District Hospital,Muranga,2026-03-09,8.43,7.4,0.1222,False,
ME-00120,Ventilator,10782.0,Muriranjas Sub-District Hospital,Muranga,2026-03-16,0.0,1.05,0.0,False,
ME-00120,Ventilator,10782.0,Muriranjas Sub-District Hospital,Muranga,2026-03-23,4.45,4.62,-0.0382,False,
ME-00120,Ventilator,10782.0,Muriranjas Sub-District Hospital,Muranga,2026-03-30,10.78,11.34,-0.0519,False,
ME-00121,MRI,10903.0,Nyeri Provincial General Hospital (PGH),Nyeri,2025-12-29,1.27,0.77,0.3937,False,
ME-00121,MRI,10903.0,Nyeri Provincial General Hospital (PGH),Nyeri,2026-01-05,2.73,2.95,-0.0806,False,
ME-00121,MRI,10903.0,Nyeri Provincial General Hospital (PGH),Nyeri,2026-01-12,0.71,1.5,-1.1127,False,
ME-00121,MRI,10903.0,Nyeri Provincial General Hospital (PGH),Nyeri,2026-01-19,1.21,1.13,0.0661,False,
ME-00121,MRI,10903.0,Nyeri Provincial General Hospital (PGH),Nyeri,2026-01-26,1.6,2.99,-0.8688,False,
ME-00121,MRI,10903.0,Nyeri Provincial General Hospital (PGH),Nyeri,2026-02-02,6.82,6.25,0.0836,False,
ME-00121,MRI,10903.0,Nyeri Provincial General Hospital (PGH),Nyeri,2026-02-09,0.0,0.0,0.0,False,
ME-00121,MRI,10903.0,Nyeri Provincial General Hospital (PGH),Nyeri,2026-02-16,7.0,8.39,-0.1986,False,
ME-00121,MRI,10903.0,Nyeri Provincial General Hospital (PGH),Nyeri,2026-02-23,0.0,0.0,0.0,False,
ME-00121,MRI,10903.0,Nyeri Provincial General Hospital (PGH),Nyeri,2026-03-02,13.18,14.41,-0.0933,False,
ME-00121,MRI,10903.0,Nyeri Provincial General Hospital (PGH),Nyeri,2026-03-09,0.0,0.7,0.0,False,
ME-00121,MRI,10903.0,Nyeri Provincial General Hospital (PGH),Nyeri,2026-03-16,11.81,12.44,-0.0533,False,
ME-00121,MRI,10903.0,Nyeri Provincial General Hospital (PGH),Nyeri,2026-03-23,14.57,14.12,0.0309,False,
ME-00121,MRI,10903.0,Nyeri Provincial General Hospital (PGH),Nyeri,2026-03-30,0.0,0.0,0.0,False,
ME-00122,Hemodialysis,15498.0,Roret Sub-District Hospital,Kericho,2025-12-29,1.07,0.76,0.2897,True,"Usage-reporting discrepancy modeled on the 2026 national MES dialysis audit finding: machine usage counters showed materially more work performed than hospitals' paper registers recorded, by more than 30% in some cases."
ME-00122,Hemodialysis,15498.0,Roret Sub-District Hospital,Kericho,2026-01-05,2.9,1.91,0.3414,True,"Usage-reporting discrepancy modeled on the 2026 national MES dialysis audit finding: machine usage counters showed materially more work performed than hospitals' paper registers recorded, by more than 30% in some cases."
ME-00122,Hemodialysis,15498.0,Roret Sub-District Hospital,Kericho,2026-01-12,1.54,1.02,0.3377,True,"Usage-reporting discrepancy modeled on the 2026 national MES dialysis audit finding: machine usage counters showed materially more work performed than hospitals' paper registers recorded, by more than 30% in some cases."
ME-00122,Hemodialysis,15498.0,Roret Sub-District Hospital,Kericho,2026-01-19,2.4,1.54,0.3583,True,"Usage-reporting discrepancy modeled on the 2026 national MES dialysis audit finding: machine usage counters showed materially more work performed than hospitals' paper registers recorded, by more than 30% in some cases."
ME-00122,Hemodialysis,15498.0,Roret Sub-District Hospital,Kericho,2026-01-26,3.63,2.75,0.2424,True,"Usage-reporting discrepancy modeled on the 2026 national MES dialysis audit finding: machine usage counters showed materially more work performed than hospitals' paper registers recorded, by more than 30% in some cases."
ME-00122,Hemodialysis,15498.0,Roret Sub-District Hospital,Kericho,2026-02-02,2.05,1.44,0.2976,True,"Usage-reporting discrepancy modeled on the 2026 national MES dialysis audit finding: machine usage counters showed materially more work performed than hospitals' paper registers recorded, by more than 30% in some cases."
ME-00122,Hemodialysis,15498.0,Roret Sub-District Hospital,Kericho,2026-02-09,0.0,0.0,0.0,True,"Usage-reporting discrepancy modeled on the 2026 national MES dialysis audit finding: machine usage counters showed materially more work performed than hospitals' paper registers recorded, by more than 30% in some cases."
ME-00122,Hemodialysis,15498.0,Roret Sub-District Hospital,Kericho,2026-02-16,0.88,0.65,0.2614,True,"Usage-reporting discrepancy modeled on the 2026 national MES dialysis audit finding: machine usage counters showed materially more work performed than hospitals' paper registers recorded, by more than 30% in some cases."
ME-00122,Hemodialysis,15498.0,Roret Sub-District Hospital,Kericho,2026-02-23,0.0,0.0,0.0,True,"Usage-reporting discrepancy modeled on the 2026 national MES dialysis audit finding: machine usage counters showed materially more work performed than hospitals' paper registers recorded, by more than 30% in some cases."
ME-00122,Hemodialysis,15498.0,Roret Sub-District Hospital,Kericho,2026-03-02,0.0,0.0,0.0,True,"Usage-reporting discrepancy modeled on the 2026 national MES dialysis audit finding: machine usage counters showed materially more work performed than hospitals' paper registers recorded, by more than 30% in some cases."
ME-00122,Hemodialysis,15498.0,Roret Sub-District Hospital,Kericho,2026-03-09,13.29,9.44,0.2897,True,"Usage-reporting discrepancy modeled on the 2026 national MES dialysis audit finding: machine usage counters showed materially more work performed than hospitals' paper registers recorded, by more than 30% in some cases."
ME-00122,Hemodialysis,15498.0,Roret Sub-District Hospital,Kericho,2026-03-16,0.0,0.0,0.0,True,"Usage-reporting discrepancy modeled on the 2026 national MES dialysis audit finding: machine usage counters showed materially more work performed than hospitals' paper registers recorded, by more than 30% in some cases."
ME-00122,Hemodialysis,15498.0,Roret Sub-District Hospital,Kericho,2026-03-23,6.36,4.8,0.2453,True,"Usage-reporting discrepancy modeled on the 2026 national MES dialysis audit finding: machine usage counters showed materially more work performed than hospitals' paper registers recorded, by more than 30% in some cases."
ME-00122,Hemodialysis,15498.0,Roret Sub-District Hospital,Kericho,2026-03-30,15.31,10.52,0.3129,True,"Usage-reporting discrepancy modeled on the 2026 national MES dialysis audit finding: machine usage counters showed materially more work performed than hospitals' paper registers recorded, by more than 30% in some cases."
ME-00123,Hemodialysis,12289.0,Kibunga Sub-District Hospital,Tharaka Nithi,2025-12-29,0.72,2.56,-2.5556,False,
ME-00123,Hemodialysis,12289.0,Kibunga Sub-District Hospital,Tharaka Nithi,2026-01-05,0.37,0.0,1.0,False,
ME-00123,Hemodialysis,12289.0,Kibunga Sub-District Hospital,Tharaka Nithi,2026-01-12,0.0,0.01,0.0,False,
ME-00123,Hemodialysis,12289.0,Kibunga Sub-District Hospital,Tharaka Nithi,2026-01-19,0.0,0.0,0.0,False,
ME-00123,Hemodialysis,12289.0,Kibunga Sub-District Hospital,Tharaka Nithi,2026-01-26,0.0,0.0,0.0,False,
ME-00123,Hemodialysis,12289.0,Kibunga Sub-District Hospital,Tharaka Nithi,2026-02-02,2.72,3.29,-0.2096,False,
ME-00123,Hemodialysis,12289.0,Kibunga Sub-District Hospital,Tharaka Nithi,2026-02-09,3.3,4.87,-0.4758,False,
ME-00123,Hemodialysis,12289.0,Kibunga Sub-District Hospital,Tharaka Nithi,2026-02-16,0.0,0.0,0.0,False,
ME-00123,Hemodialysis,12289.0,Kibunga Sub-District Hospital,Tharaka Nithi,2026-02-23,0.91,2.66,-1.9231,False,
ME-00123,Hemodialysis,12289.0,Kibunga Sub-District Hospital,Tharaka Nithi,2026-03-02,1.74,1.14,0.3448,False,
ME-00123,Hemodialysis,12289.0,Kibunga Sub-District Hospital,Tharaka Nithi,2026-03-09,0.0,1.44,0.0,False,
ME-00123,Hemodialysis,12289.0,Kibunga Sub-District Hospital,Tharaka Nithi,2026-03-16,0.0,0.0,0.0,False,
ME-00123,Hemodialysis,12289.0,Kibunga Sub-District Hospital,Tharaka Nithi,2026-03-23,0.0,0.0,0.0,False,
ME-00123,Hemodialysis,12289.0,Kibunga Sub-District Hospital,Tharaka Nithi,2026-03-30,0.0,1.61,0.0,False,
ME-00124,Patient Monitor,10829.0,Ndaragwa Health Centre,Nyandarua,2025-12-29,0.98,1.57,-0.602,False,
ME-00124,Patient Monitor,10829.0,Ndaragwa Health Centre,Nyandarua,2026-01-05,1.21,1.44,-0.1901,False,
ME-00124,Patient Monitor,10829.0,Ndaragwa Health Centre,Nyandarua,2026-01-12,2.89,0.17,0.9412,False,
ME-00124,Patient Monitor,10829.0,Ndaragwa Health Centre,Nyandarua,2026-01-19,0.0,0.0,0.0,False,
ME-00124,Patient Monitor,10829.0,Ndaragwa Health Centre,Nyandarua,2026-01-26,3.98,3.52,0.1156,False,
ME-00124,Patient Monitor,10829.0,Ndaragwa Health Centre,Nyandarua,2026-02-02,3.4,3.49,-0.0265,False,
ME-00124,Patient Monitor,10829.0,Ndaragwa Health Centre,Nyandarua,2026-02-09,4.01,3.89,0.0299,False,
ME-00124,Patient Monitor,10829.0,Ndaragwa Health Centre,Nyandarua,2026-02-16,0.0,0.38,0.0,False,
ME-00124,Patient Monitor,10829.0,Ndaragwa Health Centre,Nyandarua,2026-02-23,2.32,1.78,0.2328,False,
ME-00124,Patient Monitor,10829.0,Ndaragwa Health Centre,Nyandarua,2026-03-02,2.44,0.35,0.8566,False,
ME-00124,Patient Monitor,10829.0,Ndaragwa Health Centre,Nyandarua,2026-03-09,0.7,0.0,1.0,False,
ME-00124,Patient Monitor,10829.0,Ndaragwa Health Centre,Nyandarua,2026-03-16,2.3,1.09,0.5261,False,
ME-00124,Patient Monitor,10829.0,Ndaragwa Health Centre,Nyandarua,2026-03-23,0.0,0.38,0.0,False,
ME-00124,Patient Monitor,10829.0,Ndaragwa Health Centre,Nyandarua,2026-03-30,10.83,10.72,0.0102,False,
ME-00125,Patient Monitor,13401.0,Malkamari Health Centre (Malkamari),Mandera,2025-12-29,1.33,1.41,-0.0602,False,
ME-00125,Patient Monitor,13401.0,Malkamari Health Centre (Malkamari),Mandera,2026-01-05,0.68,1.2,-0.7647,False,
ME-00125,Patient Monitor,13401.0,Malkamari Health Centre (Malkamari),Mandera,2026-01-12,0.0,0.0,0.0,False,
ME-00125,Patient Monitor,13401.0,Malkamari Health Centre (Malkamari),Mandera,2026-01-19,3.16,5.88,-0.8608,False,
ME-00125,Patient Monitor,13401.0,Malkamari Health Centre (Malkamari),Mandera,2026-01-26,1.09,1.21,-0.1101,False,
ME-00125,Patient Monitor,13401.0,Malkamari Health Centre (Malkamari),Mandera,2026-02-02,0.76,3.56,-3.6842,False,
ME-00125,Patient Monitor,13401.0,Malkamari Health Centre (Malkamari),Mandera,2026-02-09,3.2,2.92,0.0875,False,
ME-00125,Patient Monitor,13401.0,Malkamari Health Centre (Malkamari),Mandera,2026-02-16,0.0,0.88,0.0,False,
ME-00125,Patient Monitor,13401.0,Malkamari Health Centre (Malkamari),Mandera,2026-02-23,0.0,0.0,0.0,False,
ME-00125,Patient Monitor,13401.0,Malkamari Health Centre (Malkamari),Mandera,2026-03-02,6.07,6.25,-0.0297,False,
ME-00125,Patient Monitor,13401.0,Malkamari Health Centre (Malkamari),Mandera,2026-03-09,0.0,0.0,0.0,False,
ME-00125,Patient Monitor,13401.0,Malkamari Health Centre (Malkamari),Mandera,2026-03-16,0.0,0.21,0.0,False,
ME-00125,Patient Monitor,13401.0,Malkamari Health Centre (Malkamari),Mandera,2026-03-23,0.0,0.28,0.0,False,
ME-00125,Patient Monitor,13401.0,Malkamari Health Centre (Malkamari),Mandera,2026-03-30,0.0,0.0,0.0,False,
ME-00126,Patient Monitor,24571.0,Maroatora Nursing Home,Migori,2025-12-29,1.09,0.0,1.0,False,
ME-00126,Patient Monitor,24571.0,Maroatora Nursing Home,Migori,2026-01-05,0.27,0.0,1.0,False,
ME-00126,Patient Monitor,24571.0,Maroatora Nursing Home,Migori,2026-01-12,0.0,0.28,0.0,False,
ME-00126,Patient Monitor,24571.0,Maroatora Nursing Home,Migori,2026-01-19,2.43,2.95,-0.214,False,
ME-00126,Patient Monitor,24571.0,Maroatora Nursing Home,Migori,2026-01-26,0.0,0.0,0.0,False,
ME-00126,Patient Monitor,24571.0,Maroatora Nursing Home,Migori,2026-02-02,8.76,8.15,0.0696,False,
ME-00126,Patient Monitor,24571.0,Maroatora Nursing Home,Migori,2026-02-09,4.78,4.62,0.0335,False,
ME-00126,Patient Monitor,24571.0,Maroatora Nursing Home,Migori,2026-02-16,0.0,1.12,0.0,False,
ME-00126,Patient Monitor,24571.0,Maroatora Nursing Home,Migori,2026-02-23,0.0,0.0,0.0,False,
ME-00126,Patient Monitor,24571.0,Maroatora Nursing Home,Migori,2026-03-02,0.0,0.0,0.0,False,
ME-00126,Patient Monitor,24571.0,Maroatora Nursing Home,Migori,2026-03-09,0.0,0.0,0.0,False,
ME-00126,Patient Monitor,24571.0,Maroatora Nursing Home,Migori,2026-03-16,0.38,0.43,-0.1316,False,
ME-00126,Patient Monitor,24571.0,Maroatora Nursing Home,Migori,2026-03-23,0.0,1.15,0.0,False,
ME-00126,Patient Monitor,24571.0,Maroatora Nursing Home,Migori,2026-03-30,0.0,0.53,0.0,False,
ME-00127,Anesthesia,10782.0,Muriranjas Sub-District Hospital,Muranga,2025-12-29,0.2,0.14,0.3,True,"Usage-reporting discrepancy modeled on the 2026 national MES dialysis audit finding: machine usage counters showed materially more work performed than hospitals' paper registers recorded, by more than 30% in some cases."
ME-00127,Anesthesia,10782.0,Muriranjas Sub-District Hospital,Muranga,2026-01-05,1.04,0.66,0.3654,True,"Usage-reporting discrepancy modeled on the 2026 national MES dialysis audit finding: machine usage counters showed materially more work performed than hospitals' paper registers recorded, by more than 30% in some cases."
ME-00127,Anesthesia,10782.0,Muriranjas Sub-District Hospital,Muranga,2026-01-12,0.0,0.0,0.0,True,"Usage-reporting discrepancy modeled on the 2026 national MES dialysis audit finding: machine usage counters showed materially more work performed than hospitals' paper registers recorded, by more than 30% in some cases."
ME-00127,Anesthesia,10782.0,Muriranjas Sub-District Hospital,Muranga,2026-01-19,4.25,2.53,0.4047,True,"Usage-reporting discrepancy modeled on the 2026 national MES dialysis audit finding: machine usage counters showed materially more work performed than hospitals' paper registers recorded, by more than 30% in some cases."
ME-00127,Anesthesia,10782.0,Muriranjas Sub-District Hospital,Muranga,2026-01-26,0.0,0.0,0.0,True,"Usage-reporting discrepancy modeled on the 2026 national MES dialysis audit finding: machine usage counters showed materially more work performed than hospitals' paper registers recorded, by more than 30% in some cases."
ME-00127,Anesthesia,10782.0,Muriranjas Sub-District Hospital,Muranga,2026-02-02,4.15,2.86,0.3108,True,"Usage-reporting discrepancy modeled on the 2026 national MES dialysis audit finding: machine usage counters showed materially more work performed than hospitals' paper registers recorded, by more than 30% in some cases."
ME-00127,Anesthesia,10782.0,Muriranjas Sub-District Hospital,Muranga,2026-02-09,0.0,0.0,0.0,True,"Usage-reporting discrepancy modeled on the 2026 national MES dialysis audit finding: machine usage counters showed materially more work performed than hospitals' paper registers recorded, by more than 30% in some cases."
ME-00127,Anesthesia,10782.0,Muriranjas Sub-District Hospital,Muranga,2026-02-16,0.0,0.0,0.0,True,"Usage-reporting discrepancy modeled on the 2026 national MES dialysis audit finding: machine usage counters showed materially more work performed than hospitals' paper registers recorded, by more than 30% in some cases."
ME-00127,Anesthesia,10782.0,Muriranjas Sub-District Hospital,Muranga,2026-02-23,0.0,0.0,0.0,True,"Usage-reporting discrepancy modeled on the 2026 national MES dialysis audit finding: machine usage counters showed materially more work performed than hospitals' paper registers recorded, by more than 30% in some cases."
ME-00127,Anesthesia,10782.0,Muriranjas Sub-District Hospital,Muranga,2026-03-02,6.95,4.59,0.3396,True,"Usage-reporting discrepancy modeled on the 2026 national MES dialysis audit finding: machine usage counters showed materially more work performed than hospitals' paper registers recorded, by more than 30% in some cases."
ME-00127,Anesthesia,10782.0,Muriranjas Sub-District Hospital,Muranga,2026-03-09,0.0,0.0,0.0,True,"Usage-reporting discrepancy modeled on the 2026 national MES dialysis audit finding: machine usage counters showed materially more work performed than hospitals' paper registers recorded, by more than 30% in some cases."
ME-00127,Anesthesia,10782.0,Muriranjas Sub-District Hospital,Muranga,2026-03-16,4.27,2.65,0.3794,True,"Usage-reporting discrepancy modeled on the 2026 national MES dialysis audit finding: machine usage counters showed materially more work performed than hospitals' paper registers recorded, by more than 30% in some cases."
ME-00127,Anesthesia,10782.0,Muriranjas Sub-District Hospital,Muranga,2026-03-23,16.45,10.24,0.3775,True,"Usage-reporting discrepancy modeled on the 2026 national MES dialysis audit finding: machine usage counters showed materially more work performed than hospitals' paper registers recorded, by more than 30% in some cases."
ME-00127,Anesthesia,10782.0,Muriranjas Sub-District Hospital,Muranga,2026-03-30,0.0,0.0,0.0,True,"Usage-reporting discrepancy modeled on the 2026 national MES dialysis audit finding: machine usage counters showed materially more work performed than hospitals' paper registers recorded, by more than 30% in some cases."
ME-00128,X-Ray,21810.0,Pemah Nursing and Maternity Home,Siaya,2025-12-29,0.87,0.74,0.1494,False,
ME-00128,X-Ray,21810.0,Pemah Nursing and Maternity Home,Siaya,2026-01-05,1.5,0.83,0.4467,False,
ME-00128,X-Ray,21810.0,Pemah Nursing and Maternity Home,Siaya,2026-01-12,0.0,0.74,0.0,False,
ME-00128,X-Ray,21810.0,Pemah Nursing and Maternity Home,Siaya,2026-01-19,0.0,0.76,0.0,False,
ME-00128,X-Ray,21810.0,Pemah Nursing and Maternity Home,Siaya,2026-01-26,0.0,0.0,0.0,False,
ME-00128,X-Ray,21810.0,Pemah Nursing and Maternity Home,Siaya,2026-02-02,0.0,0.02,0.0,False,
ME-00128,X-Ray,21810.0,Pemah Nursing and Maternity Home,Siaya,2026-02-09,6.0,5.32,0.1133,False,
ME-00128,X-Ray,21810.0,Pemah Nursing and Maternity Home,Siaya,2026-02-16,0.0,1.53,0.0,False,
ME-00128,X-Ray,21810.0,Pemah Nursing and Maternity Home,Siaya,2026-02-23,0.0,0.58,0.0,False,
ME-00128,X-Ray,21810.0,Pemah Nursing and Maternity Home,Siaya,2026-03-02,0.0,1.04,0.0,False,
ME-00128,X-Ray,21810.0,Pemah Nursing and Maternity Home,Siaya,2026-03-09,0.0,0.69,0.0,False,
ME-00128,X-Ray,21810.0,Pemah Nursing and Maternity Home,Siaya,2026-03-16,0.75,1.78,-1.3733,False,
ME-00128,X-Ray,21810.0,Pemah Nursing and Maternity Home,Siaya,2026-03-23,10.34,10.75,-0.0397,False,
ME-00128,X-Ray,21810.0,Pemah Nursing and Maternity Home,Siaya,2026-03-30,0.0,0.47,0.0,False,
ME-00129,Ultrasound,22053.0,Agakhan Medical Centre-Busia,Busia,2025-12-29,0.89,0.62,0.3034,False,
ME-00129,Ultrasound,22053.0,Agakhan Medical Centre-Busia,Busia,2026-01-05,4.47,6.53,-0.4609,False,
ME-00129,Ultrasound,22053.0,Agakhan Medical Centre-Busia,Busia,2026-01-12,1.24,2.18,-0.7581,False,
ME-00129,Ultrasound,22053.0,Agakhan Medical Centre-Busia,Busia,2026-01-19,1.73,0.25,0.8555,False,
ME-00129,Ultrasound,22053.0,Agakhan Medical Centre-Busia,Busia,2026-01-26,1.5,2.01,-0.34,False,
ME-00129,Ultrasound,22053.0,Agakhan Medical Centre-Busia,Busia,2026-02-02,2.03,0.0,1.0,False,
ME-00129,Ultrasound,22053.0,Agakhan Medical Centre-Busia,Busia,2026-02-09,0.0,0.7,0.0,False,
ME-00129,Ultrasound,22053.0,Agakhan Medical Centre-Busia,Busia,2026-02-16,0.0,0.0,0.0,False,
ME-00129,Ultrasound,22053.0,Agakhan Medical Centre-Busia,Busia,2026-02-23,0.0,0.83,0.0,False,
ME-00129,Ultrasound,22053.0,Agakhan Medical Centre-Busia,Busia,2026-03-02,0.0,0.0,0.0,False,
ME-00129,Ultrasound,22053.0,Agakhan Medical Centre-Busia,Busia,2026-03-09,0.36,0.84,-1.3333,False,
ME-00129,Ultrasound,22053.0,Agakhan Medical Centre-Busia,Busia,2026-03-16,0.0,0.0,0.0,False,
ME-00129,Ultrasound,22053.0,Agakhan Medical Centre-Busia,Busia,2026-03-23,0.0,0.0,0.0,False,
ME-00129,Ultrasound,22053.0,Agakhan Medical Centre-Busia,Busia,2026-03-30,0.0,0.0,0.0,False,
ME-00130,Ultrasound,15181.0,Meteitei Sub-District Hospital,Nandi,2025-12-29,0.88,0.7,0.2045,True,"Usage-reporting discrepancy modeled on the 2026 national MES dialysis audit finding: machine usage counters showed materially more work performed than hospitals' paper registers recorded, by more than 30% in some cases."
ME-00130,Ultrasound,15181.0,Meteitei Sub-District Hospital,Nandi,2026-01-05,1.3,1.03,0.2077,True,"Usage-reporting discrepancy modeled on the 2026 national MES dialysis audit finding: machine usage counters showed materially more work performed than hospitals' paper registers recorded, by more than 30% in some cases."
ME-00130,Ultrasound,15181.0,Meteitei Sub-District Hospital,Nandi,2026-01-12,1.36,1.1,0.1912,True,"Usage-reporting discrepancy modeled on the 2026 national MES dialysis audit finding: machine usage counters showed materially more work performed than hospitals' paper registers recorded, by more than 30% in some cases."
ME-00130,Ultrasound,15181.0,Meteitei Sub-District Hospital,Nandi,2026-01-19,1.07,0.76,0.2897,True,"Usage-reporting discrepancy modeled on the 2026 national MES dialysis audit finding: machine usage counters showed materially more work performed than hospitals' paper registers recorded, by more than 30% in some cases."
ME-00130,Ultrasound,15181.0,Meteitei Sub-District Hospital,Nandi,2026-01-26,1.08,0.87,0.1944,True,"Usage-reporting discrepancy modeled on the 2026 national MES dialysis audit finding: machine usage counters showed materially more work performed than hospitals' paper registers recorded, by more than 30% in some cases."
ME-00130,Ultrasound,15181.0,Meteitei Sub-District Hospital,Nandi,2026-02-02,9.33,7.25,0.2229,True,"Usage-reporting discrepancy modeled on the 2026 national MES dialysis audit finding: machine usage counters showed materially more work performed than hospitals' paper registers recorded, by more than 30% in some cases."
ME-00130,Ultrasound,15181.0,Meteitei Sub-District Hospital,Nandi,2026-02-09,0.0,0.0,0.0,True,"Usage-reporting discrepancy modeled on the 2026 national MES dialysis audit finding: machine usage counters showed materially more work performed than hospitals' paper registers recorded, by more than 30% in some cases."
ME-00130,Ultrasound,15181.0,Meteitei Sub-District Hospital,Nandi,2026-02-16,3.21,2.6,0.19,True,"Usage-reporting discrepancy modeled on the 2026 national MES dialysis audit finding: machine usage counters showed materially more work performed than hospitals' paper registers recorded, by more than 30% in some cases."
ME-00130,Ultrasound,15181.0,Meteitei Sub-District Hospital,Nandi,2026-02-23,10.94,8.8,0.1956,True,"Usage-reporting discrepancy modeled on the 2026 national MES dialysis audit finding: machine usage counters showed materially more work performed than hospitals' paper registers recorded, by more than 30% in some cases."
ME-00130,Ultrasound,15181.0,Meteitei Sub-District Hospital,Nandi,2026-03-02,0.0,0.0,0.0,True,"Usage-reporting discrepancy modeled on the 2026 national MES dialysis audit finding: machine usage counters showed materially more work performed than hospitals' paper registers recorded, by more than 30% in some cases."
ME-00130,Ultrasound,15181.0,Meteitei Sub-District Hospital,Nandi,2026-03-09,0.0,0.0,0.0,True,"Usage-reporting discrepancy modeled on the 2026 national MES dialysis audit finding: machine usage counters showed materially more work performed than hospitals' paper registers recorded, by more than 30% in some cases."
ME-00130,Ultrasound,15181.0,Meteitei Sub-District Hospital,Nandi,2026-03-16,25.56,19.68,0.23,True,"Usage-reporting discrepancy modeled on the 2026 national MES dialysis audit finding: machine usage counters showed materially more work performed than hospitals' paper registers recorded, by more than 30% in some cases."
ME-00130,Ultrasound,15181.0,Meteitei Sub-District Hospital,Nandi,2026-03-23,0.0,0.0,0.0,True,"Usage-reporting discrepancy modeled on the 2026 national MES dialysis audit finding: machine usage counters showed materially more work performed than hospitals' paper registers recorded, by more than 30% in some cases."
ME-00130,Ultrasound,15181.0,Meteitei Sub-District Hospital,Nandi,2026-03-30,0.0,0.0,0.0,True,"Usage-reporting discrepancy modeled on the 2026 national MES dialysis audit finding: machine usage counters showed materially more work performed than hospitals' paper registers recorded, by more than 30% in some cases."
ME-00131,Anesthesia,10162.0,Eddiana Hospital,Kiambu,2025-12-29,0.88,0.0,1.0,False,
ME-00131,Anesthesia,10162.0,Eddiana Hospital,Kiambu,2026-01-05,1.62,0.67,0.5864,False,
ME-00131,Anesthesia,10162.0,Eddiana Hospital,Kiambu,2026-01-12,0.0,0.95,0.0,False,
ME-00131,Anesthesia,10162.0,Eddiana Hospital,Kiambu,2026-01-19,0.0,0.0,0.0,False,
ME-00131,Anesthesia,10162.0,Eddiana Hospital,Kiambu,2026-01-26,5.19,4.82,0.0713,False,
ME-00131,Anesthesia,10162.0,Eddiana Hospital,Kiambu,2026-02-02,0.0,0.0,0.0,False,
ME-00131,Anesthesia,10162.0,Eddiana Hospital,Kiambu,2026-02-09,1.32,0.56,0.5758,False,
ME-00131,Anesthesia,10162.0,Eddiana Hospital,Kiambu,2026-02-16,0.0,0.0,0.0,False,
ME-00131,Anesthesia,10162.0,Eddiana Hospital,Kiambu,2026-02-23,0.0,0.0,0.0,False,
ME-00131,Anesthesia,10162.0,Eddiana Hospital,Kiambu,2026-03-02,0.0,0.0,0.0,False,
ME-00131,Anesthesia,10162.0,Eddiana Hospital,Kiambu,2026-03-09,0.0,0.2,0.0,False,
ME-00131,Anesthesia,10162.0,Eddiana Hospital,Kiambu,2026-03-16,0.0,0.0,0.0,False,
ME-00131,Anesthesia,10162.0,Eddiana Hospital,Kiambu,2026-03-23,13.63,12.82,0.0594,False,
ME-00131,Anesthesia,10162.0,Eddiana Hospital,Kiambu,2026-03-30,0.0,0.0,0.0,False,
ME-00132,Patient Monitor,17111.0,Mashambani Health Centre,Kisumu,2025-12-29,1.21,1.86,-0.5372,False,
ME-00132,Patient Monitor,17111.0,Mashambani Health Centre,Kisumu,2026-01-05,1.72,1.35,0.2151,False,
ME-00132,Patient Monitor,17111.0,Mashambani Health Centre,Kisumu,2026-01-12,0.22,3.45,-14.6818,False,
ME-00132,Patient Monitor,17111.0,Mashambani Health Centre,Kisumu,2026-01-19,5.91,6.76,-0.1438,False,
ME-00132,Patient Monitor,17111.0,Mashambani Health Centre,Kisumu,2026-01-26,0.0,0.0,0.0,False,
ME-00132,Patient Monitor,17111.0,Mashambani Health Centre,Kisumu,2026-02-02,3.03,1.59,0.4752,False,
ME-00132,Patient Monitor,17111.0,Mashambani Health Centre,Kisumu,2026-02-09,2.53,3.5,-0.3834,False,
ME-00132,Patient Monitor,17111.0,Mashambani Health Centre,Kisumu,2026-02-16,12.75,12.15,0.0471,False,
ME-00132,Patient Monitor,17111.0,Mashambani Health Centre,Kisumu,2026-02-23,7.35,7.83,-0.0653,False,
ME-00132,Patient Monitor,17111.0,Mashambani Health Centre,Kisumu,2026-03-02,10.57,13.69,-0.2952,False,
ME-00132,Patient Monitor,17111.0,Mashambani Health Centre,Kisumu,2026-03-09,5.12,3.37,0.3418,False,
ME-00132,Patient Monitor,17111.0,Mashambani Health Centre,Kisumu,2026-03-16,0.0,0.08,0.0,False,
ME-00132,Patient Monitor,17111.0,Mashambani Health Centre,Kisumu,2026-03-23,0.0,0.0,0.0,False,
ME-00132,Patient Monitor,17111.0,Mashambani Health Centre,Kisumu,2026-03-30,0.0,0.0,0.0,False,
ME-00133,X-Ray,14040.0,Ratta Health Centre,Kisumu,2025-12-29,1.04,1.51,-0.4519,False,
ME-00133,X-Ray,14040.0,Ratta Health Centre,Kisumu,2026-01-05,2.2,1.38,0.3727,False,
ME-00133,X-Ray,14040.0,Ratta Health Centre,Kisumu,2026-01-12,0.0,0.0,0.0,False,
ME-00133,X-Ray,14040.0,Ratta Health Centre,Kisumu,2026-01-19,0.0,0.0,0.0,False,
ME-00133,X-Ray,14040.0,Ratta Health Centre,Kisumu,2026-01-26,0.0,0.0,0.0,False,
ME-00133,X-Ray,14040.0,Ratta Health Centre,Kisumu,2026-02-02,0.0,0.0,0.0,False,
ME-00133,X-Ray,14040.0,Ratta Health Centre,Kisumu,2026-02-09,10.51,9.67,0.0799,False,
ME-00133,X-Ray,14040.0,Ratta Health Centre,Kisumu,2026-02-16,0.0,0.0,0.0,False,
ME-00133,X-Ray,14040.0,Ratta Health Centre,Kisumu,2026-02-23,0.0,0.09,0.0,False,
ME-00133,X-Ray,14040.0,Ratta Health Centre,Kisumu,2026-03-02,0.0,0.69,0.0,False,
ME-00133,X-Ray,14040.0,Ratta Health Centre,Kisumu,2026-03-09,5.77,6.73,-0.1664,False,
ME-00133,X-Ray,14040.0,Ratta Health Centre,Kisumu,2026-03-16,0.0,0.65,0.0,False,
ME-00133,X-Ray,14040.0,Ratta Health Centre,Kisumu,2026-03-23,0.0,1.26,0.0,False,
ME-00133,X-Ray,14040.0,Ratta Health Centre,Kisumu,2026-03-30,0.0,0.62,0.0,False,
ME-00134,CT,13346.0,Garissa County Referral Hospital,Garissa,2025-12-29,2.19,1.82,0.1689,False,
ME-00134,CT,13346.0,Garissa County Referral Hospital,Garissa,2026-01-05,2.65,1.98,0.2528,False,
ME-00134,CT,13346.0,Garissa County Referral Hospital,Garissa,2026-01-12,0.74,0.85,-0.1486,False,
ME-00134,CT,13346.0,Garissa County Referral Hospital,Garissa,2026-01-19,0.0,0.0,0.0,False,
ME-00134,CT,13346.0,Garissa County Referral Hospital,Garissa,2026-01-26,4.51,4.56,-0.0111,False,
ME-00134,CT,13346.0,Garissa County Referral Hospital,Garissa,2026-02-02,1.26,0.55,0.5635,False,
ME-00134,CT,13346.0,Garissa County Referral Hospital,Garissa,2026-02-09,3.6,3.61,-0.0028,False,
ME-00134,CT,13346.0,Garissa County Referral Hospital,Garissa,2026-02-16,0.0,0.0,0.0,False,
ME-00134,CT,13346.0,Garissa County Referral Hospital,Garissa,2026-02-23,16.92,16.01,0.0538,False,
ME-00134,CT,13346.0,Garissa County Referral Hospital,Garissa,2026-03-02,0.0,0.0,0.0,False,
ME-00134,CT,13346.0,Garissa County Referral Hospital,Garissa,2026-03-09,0.0,0.53,0.0,False,
ME-00134,CT,13346.0,Garissa County Referral Hospital,Garissa,2026-03-16,0.0,0.91,0.0,False,
ME-00134,CT,13346.0,Garissa County Referral Hospital,Garissa,2026-03-23,0.0,0.0,0.0,False,
ME-00134,CT,13346.0,Garissa County Referral Hospital,Garissa,2026-03-30,2.66,1.49,0.4398,False,
ME-00135,Ventilator,11381.0,Galana Hospital,Kilifi,2025-12-29,1.11,1.46,-0.3153,False,
ME-00135,Ventilator,11381.0,Galana Hospital,Kilifi,2026-01-05,0.0,1.54,0.0,False,
ME-00135,Ventilator,11381.0,Galana Hospital,Kilifi,2026-01-12,0.0,0.0,0.0,False,
ME-00135,Ventilator,11381.0,Galana Hospital,Kilifi,2026-01-19,0.0,0.0,0.0,False,
ME-00135,Ventilator,11381.0,Galana Hospital,Kilifi,2026-01-26,1.61,1.98,-0.2298,False,
ME-00135,Ventilator,11381.0,Galana Hospital,Kilifi,2026-02-02,1.27,0.0,1.0,False,
ME-00135,Ventilator,11381.0,Galana Hospital,Kilifi,2026-02-09,0.0,0.0,0.0,False,
ME-00135,Ventilator,11381.0,Galana Hospital,Kilifi,2026-02-16,2.68,4.25,-0.5858,False,
ME-00135,Ventilator,11381.0,Galana Hospital,Kilifi,2026-02-23,2.03,1.9,0.064,False,
ME-00135,Ventilator,11381.0,Galana Hospital,Kilifi,2026-03-02,0.0,0.0,0.0,False,
ME-00135,Ventilator,11381.0,Galana Hospital,Kilifi,2026-03-09,0.0,0.0,0.0,False,
ME-00135,Ventilator,11381.0,Galana Hospital,Kilifi,2026-03-16,0.0,0.73,0.0,False,
ME-00135,Ventilator,11381.0,Galana Hospital,Kilifi,2026-03-23,4.86,4.63,0.0473,False,
ME-00135,Ventilator,11381.0,Galana Hospital,Kilifi,2026-03-30,0.0,0.66,0.0,False,
ME-00136,Patient Monitor,22591.0,Cheptobot,Trans Nzoia,2025-12-29,0.54,0.0,1.0,False,
ME-00136,Patient Monitor,22591.0,Cheptobot,Trans Nzoia,2026-01-05,0.84,0.0,1.0,False,
ME-00136,Patient Monitor,22591.0,Cheptobot,Trans Nzoia,2026-01-12,2.98,2.0,0.3289,False,
ME-00136,Patient Monitor,22591.0,Cheptobot,Trans Nzoia,2026-01-19,0.0,0.0,0.0,False,
ME-00136,Patient Monitor,22591.0,Cheptobot,Trans Nzoia,2026-01-26,1.25,1.41,-0.128,False,
ME-00136,Patient Monitor,22591.0,Cheptobot,Trans Nzoia,2026-02-02,1.76,2.0,-0.1364,False,
ME-00136,Patient Monitor,22591.0,Cheptobot,Trans Nzoia,2026-02-09,0.0,0.0,0.0,False,
ME-00136,Patient Monitor,22591.0,Cheptobot,Trans Nzoia,2026-02-16,6.73,8.89,-0.321,False,
ME-00136,Patient Monitor,22591.0,Cheptobot,Trans Nzoia,2026-02-23,2.96,5.28,-0.7838,False,
ME-00136,Patient Monitor,22591.0,Cheptobot,Trans Nzoia,2026-03-02,1.51,1.17,0.2252,False,
ME-00136,Patient Monitor,22591.0,Cheptobot,Trans Nzoia,2026-03-09,0.0,1.32,0.0,False,
ME-00136,Patient Monitor,22591.0,Cheptobot,Trans Nzoia,2026-03-16,0.0,0.77,0.0,False,
ME-00136,Patient Monitor,22591.0,Cheptobot,Trans Nzoia,2026-03-23,0.0,0.0,0.0,False,
ME-00136,Patient Monitor,22591.0,Cheptobot,Trans Nzoia,2026-03-30,0.0,0.0,0.0,False,
ME-00137,Ventilator,15081.0,Lopiding Sub County Hospital,Turkana,2025-12-29,0.54,0.1,0.8148,False,
ME-00137,Ventilator,15081.0,Lopiding Sub County Hospital,Turkana,2026-01-05,0.65,0.0,1.0,False,
ME-00137,Ventilator,15081.0,Lopiding Sub County Hospital,Turkana,2026-01-12,2.36,1.21,0.4873,False,
ME-00137,Ventilator,15081.0,Lopiding Sub County Hospital,Turkana,2026-01-19,1.01,0.73,0.2772,False,
ME-00137,Ventilator,15081.0,Lopiding Sub County Hospital,Turkana,2026-01-26,0.0,0.41,0.0,False,
ME-00137,Ventilator,15081.0,Lopiding Sub County Hospital,Turkana,2026-02-02,2.22,2.64,-0.1892,False,
ME-00137,Ventilator,15081.0,Lopiding Sub County Hospital,Turkana,2026-02-09,3.32,4.4,-0.3253,False,
ME-00137,Ventilator,15081.0,Lopiding Sub County Hospital,Turkana,2026-02-16,4.99,4.6,0.0782,False,
ME-00137,Ventilator,15081.0,Lopiding Sub County Hospital,Turkana,2026-02-23,0.0,0.18,0.0,False,
ME-00137,Ventilator,15081.0,Lopiding Sub County Hospital,Turkana,2026-03-02,0.0,2.56,0.0,False,
ME-00137,Ventilator,15081.0,Lopiding Sub County Hospital,Turkana,2026-03-09,0.0,0.0,0.0,False,
ME-00137,Ventilator,15081.0,Lopiding Sub County Hospital,Turkana,2026-03-16,0.0,0.1,0.0,False,
ME-00137,Ventilator,15081.0,Lopiding Sub County Hospital,Turkana,2026-03-23,0.0,0.0,0.0,False,
ME-00137,Ventilator,15081.0,Lopiding Sub County Hospital,Turkana,2026-03-30,0.43,0.0,1.0,False,
ME-00138,Anesthesia,13856.0,Nightingale Medical Centre,Kisumu,2025-12-29,1.17,1.13,0.0342,False,
ME-00138,Anesthesia,13856.0,Nightingale Medical Centre,Kisumu,2026-01-05,2.01,0.7,0.6517,False,
ME-00138,Anesthesia,13856.0,Nightingale Medical Centre,Kisumu,2026-01-12,4.15,3.83,0.0771,False,
ME-00138,Anesthesia,13856.0,Nightingale Medical Centre,Kisumu,2026-01-19,3.01,4.95,-0.6445,False,
ME-00138,Anesthesia,13856.0,Nightingale Medical Centre,Kisumu,2026-01-26,1.71,0.26,0.848,False,
ME-00138,Anesthesia,13856.0,Nightingale Medical Centre,Kisumu,2026-02-02,5.38,5.29,0.0167,False,
ME-00138,Anesthesia,13856.0,Nightingale Medical Centre,Kisumu,2026-02-09,0.0,0.0,0.0,False,
ME-00138,Anesthesia,13856.0,Nightingale Medical Centre,Kisumu,2026-02-16,7.05,7.44,-0.0553,False,
ME-00138,Anesthesia,13856.0,Nightingale Medical Centre,Kisumu,2026-02-23,2.24,1.47,0.3438,False,
ME-00138,Anesthesia,13856.0,Nightingale Medical Centre,Kisumu,2026-03-02,6.14,7.14,-0.1629,False,
ME-00138,Anesthesia,13856.0,Nightingale Medical Centre,Kisumu,2026-03-09,6.1,5.89,0.0344,False,
ME-00138,Anesthesia,13856.0,Nightingale Medical Centre,Kisumu,2026-03-16,7.96,7.24,0.0905,False,
ME-00138,Anesthesia,13856.0,Nightingale Medical Centre,Kisumu,2026-03-23,0.0,1.92,0.0,False,
ME-00138,Anesthesia,13856.0,Nightingale Medical Centre,Kisumu,2026-03-30,0.0,0.0,0.0,False,
ME-00139,CT,25045.0,Mwai Kibaki Teaching and Referral Hospital,Nyeri,2025-12-29,0.19,0.31,-0.6316,False,
ME-00139,CT,25045.0,Mwai Kibaki Teaching and Referral Hospital,Nyeri,2026-01-05,0.23,0.0,1.0,False,
ME-00139,CT,25045.0,Mwai Kibaki Teaching and Referral Hospital,Nyeri,2026-01-12,0.0,0.0,0.0,False,
ME-00139,CT,25045.0,Mwai Kibaki Teaching and Referral Hospital,Nyeri,2026-01-19,0.0,0.0,0.0,False,
ME-00139,CT,25045.0,Mwai Kibaki Teaching and Referral Hospital,Nyeri,2026-01-26,4.75,4.12,0.1326,False,
ME-00139,CT,25045.0,Mwai Kibaki Teaching and Referral Hospital,Nyeri,2026-02-02,1.51,2.95,-0.9536,False,
ME-00139,CT,25045.0,Mwai Kibaki Teaching and Referral Hospital,Nyeri,2026-02-09,3.28,3.52,-0.0732,False,
ME-00139,CT,25045.0,Mwai Kibaki Teaching and Referral Hospital,Nyeri,2026-02-16,0.0,0.0,0.0,False,
ME-00139,CT,25045.0,Mwai Kibaki Teaching and Referral Hospital,Nyeri,2026-02-23,0.0,1.75,0.0,False,
ME-00139,CT,25045.0,Mwai Kibaki Teaching and Referral Hospital,Nyeri,2026-03-02,5.48,4.62,0.1569,False,
ME-00139,CT,25045.0,Mwai Kibaki Teaching and Referral Hospital,Nyeri,2026-03-09,0.0,0.99,0.0,False,
ME-00139,CT,25045.0,Mwai Kibaki Teaching and Referral Hospital,Nyeri,2026-03-16,0.0,0.0,0.0,False,
ME-00139,CT,25045.0,Mwai Kibaki Teaching and Referral Hospital,Nyeri,2026-03-23,0.0,0.0,0.0,False,
ME-00139,CT,25045.0,Mwai Kibaki Teaching and Referral Hospital,Nyeri,2026-03-30,0.0,2.23,0.0,False,
ME-00140,MRI,13346.0,Garissa County Referral Hospital,Garissa,2025-12-29,0.19,0.16,0.1579,True,"Usage-reporting discrepancy modeled on the 2026 national MES dialysis audit finding: machine usage counters showed materially more work performed than hospitals' paper registers recorded, by more than 30% in some cases."
ME-00140,MRI,13346.0,Garissa County Referral Hospital,Garissa,2026-01-05,0.0,0.0,0.0,True,"Usage-reporting discrepancy modeled on the 2026 national MES dialysis audit finding: machine usage counters showed materially more work performed than hospitals' paper registers recorded, by more than 30% in some cases."
ME-00140,MRI,13346.0,Garissa County Referral Hospital,Garissa,2026-01-12,2.98,2.44,0.1812,True,"Usage-reporting discrepancy modeled on the 2026 national MES dialysis audit finding: machine usage counters showed materially more work performed than hospitals' paper registers recorded, by more than 30% in some cases."
ME-00140,MRI,13346.0,Garissa County Referral Hospital,Garissa,2026-01-19,0.0,0.0,0.0,True,"Usage-reporting discrepancy modeled on the 2026 national MES dialysis audit finding: machine usage counters showed materially more work performed than hospitals' paper registers recorded, by more than 30% in some cases."
ME-00140,MRI,13346.0,Garissa County Referral Hospital,Garissa,2026-01-26,2.57,2.24,0.1284,True,"Usage-reporting discrepancy modeled on the 2026 national MES dialysis audit finding: machine usage counters showed materially more work performed than hospitals' paper registers recorded, by more than 30% in some cases."
ME-00140,MRI,13346.0,Garissa County Referral Hospital,Garissa,2026-02-02,0.0,0.0,0.0,True,"Usage-reporting discrepancy modeled on the 2026 national MES dialysis audit finding: machine usage counters showed materially more work performed than hospitals' paper registers recorded, by more than 30% in some cases."
ME-00140,MRI,13346.0,Garissa County Referral Hospital,Garissa,2026-02-09,0.0,0.0,0.0,True,"Usage-reporting discrepancy modeled on the 2026 national MES dialysis audit finding: machine usage counters showed materially more work performed than hospitals' paper registers recorded, by more than 30% in some cases."
ME-00140,MRI,13346.0,Garissa County Referral Hospital,Garissa,2026-02-16,3.02,2.55,0.1556,True,"Usage-reporting discrepancy modeled on the 2026 national MES dialysis audit finding: machine usage counters showed materially more work performed than hospitals' paper registers recorded, by more than 30% in some cases."
ME-00140,MRI,13346.0,Garissa County Referral Hospital,Garissa,2026-02-23,1.07,0.93,0.1308,True,"Usage-reporting discrepancy modeled on the 2026 national MES dialysis audit finding: machine usage counters showed materially more work performed than hospitals' paper registers recorded, by more than 30% in some cases."
ME-00140,MRI,13346.0,Garissa County Referral Hospital,Garissa,2026-03-02,3.51,2.85,0.188,True,"Usage-reporting discrepancy modeled on the 2026 national MES dialysis audit finding: machine usage counters showed materially more work performed than hospitals' paper registers recorded, by more than 30% in some cases."
ME-00140,MRI,13346.0,Garissa County Referral Hospital,Garissa,2026-03-09,0.0,0.0,0.0,True,"Usage-reporting discrepancy modeled on the 2026 national MES dialysis audit finding: machine usage counters showed materially more work performed than hospitals' paper registers recorded, by more than 30% in some cases."
ME-00140,MRI,13346.0,Garissa County Referral Hospital,Garissa,2026-03-16,6.17,5.08,0.1767,True,"Usage-reporting discrepancy modeled on the 2026 national MES dialysis audit finding: machine usage counters showed materially more work performed than hospitals' paper registers recorded, by more than 30% in some cases."
ME-00140,MRI,13346.0,Garissa County Referral Hospital,Garissa,2026-03-23,0.0,0.0,0.0,True,"Usage-reporting discrepancy modeled on the 2026 national MES dialysis audit finding: machine usage counters showed materially more work performed than hospitals' paper registers recorded, by more than 30% in some cases."
ME-00140,MRI,13346.0,Garissa County Referral Hospital,Garissa,2026-03-30,0.38,0.31,0.1842,True,"Usage-reporting discrepancy modeled on the 2026 national MES dialysis audit finding: machine usage counters showed materially more work performed than hospitals' paper registers recorded, by more than 30% in some cases."
ME-00141,Ventilator,19237.0,Mutuati Catholic Hospital,Meru,2025-12-29,1.24,0.97,0.2177,True,"Usage-reporting discrepancy modeled on the 2026 national MES dialysis audit finding: machine usage counters showed materially more work performed than hospitals' paper registers recorded, by more than 30% in some cases."
ME-00141,Ventilator,19237.0,Mutuati Catholic Hospital,Meru,2026-01-05,2.55,2.13,0.1647,True,"Usage-reporting discrepancy modeled on the 2026 national MES dialysis audit finding: machine usage counters showed materially more work performed than hospitals' paper registers recorded, by more than 30% in some cases."
ME-00141,Ventilator,19237.0,Mutuati Catholic Hospital,Meru,2026-01-12,0.44,0.38,0.1364,True,"Usage-reporting discrepancy modeled on the 2026 national MES dialysis audit finding: machine usage counters showed materially more work performed than hospitals' paper registers recorded, by more than 30% in some cases."
ME-00141,Ventilator,19237.0,Mutuati Catholic Hospital,Meru,2026-01-19,2.47,1.99,0.1943,True,"Usage-reporting discrepancy modeled on the 2026 national MES dialysis audit finding: machine usage counters showed materially more work performed than hospitals' paper registers recorded, by more than 30% in some cases."
ME-00141,Ventilator,19237.0,Mutuati Catholic Hospital,Meru,2026-01-26,5.81,4.95,0.148,True,"Usage-reporting discrepancy modeled on the 2026 national MES dialysis audit finding: machine usage counters showed materially more work performed than hospitals' paper registers recorded, by more than 30% in some cases."
ME-00141,Ventilator,19237.0,Mutuati Catholic Hospital,Meru,2026-02-02,0.0,0.0,0.0,True,"Usage-reporting discrepancy modeled on the 2026 national MES dialysis audit finding: machine usage counters showed materially more work performed than hospitals' paper registers recorded, by more than 30% in some cases."
ME-00141,Ventilator,19237.0,Mutuati Catholic Hospital,Meru,2026-02-09,0.0,0.0,0.0,True,"Usage-reporting discrepancy modeled on the 2026 national MES dialysis audit finding: machine usage counters showed materially more work performed than hospitals' paper registers recorded, by more than 30% in some cases."
ME-00141,Ventilator,19237.0,Mutuati Catholic Hospital,Meru,2026-02-16,5.62,4.62,0.1779,True,"Usage-reporting discrepancy modeled on the 2026 national MES dialysis audit finding: machine usage counters showed materially more work performed than hospitals' paper registers recorded, by more than 30% in some cases."
ME-00141,Ventilator,19237.0,Mutuati Catholic Hospital,Meru,2026-02-23,0.34,0.27,0.2059,True,"Usage-reporting discrepancy modeled on the 2026 national MES dialysis audit finding: machine usage counters showed materially more work performed than hospitals' paper registers recorded, by more than 30% in some cases."
ME-00141,Ventilator,19237.0,Mutuati Catholic Hospital,Meru,2026-03-02,0.0,0.0,0.0,True,"Usage-reporting discrepancy modeled on the 2026 national MES dialysis audit finding: machine usage counters showed materially more work performed than hospitals' paper registers recorded, by more than 30% in some cases."
ME-00141,Ventilator,19237.0,Mutuati Catholic Hospital,Meru,2026-03-09,0.0,0.0,0.0,True,"Usage-reporting discrepancy modeled on the 2026 national MES dialysis audit finding: machine usage counters showed materially more work performed than hospitals' paper registers recorded, by more than 30% in some cases."
ME-00141,Ventilator,19237.0,Mutuati Catholic Hospital,Meru,2026-03-16,0.0,0.0,0.0,True,"Usage-reporting discrepancy modeled on the 2026 national MES dialysis audit finding: machine usage counters showed materially more work performed than hospitals' paper registers recorded, by more than 30% in some cases."
ME-00141,Ventilator,19237.0,Mutuati Catholic Hospital,Meru,2026-03-23,0.0,0.0,0.0,True,"Usage-reporting discrepancy modeled on the 2026 national MES dialysis audit finding: machine usage counters showed materially more work performed than hospitals' paper registers recorded, by more than 30% in some cases."
ME-00141,Ventilator,19237.0,Mutuati Catholic Hospital,Meru,2026-03-30,0.0,0.0,0.0,True,"Usage-reporting discrepancy modeled on the 2026 national MES dialysis audit finding: machine usage counters showed materially more work performed than hospitals' paper registers recorded, by more than 30% in some cases."
ME-00142,Ventilator,15565.0,Sigor Sub-District Hospital,Bomet,2025-12-29,1.62,1.26,0.2222,False,
ME-00142,Ventilator,15565.0,Sigor Sub-District Hospital,Bomet,2026-01-05,3.15,4.28,-0.3587,False,
ME-00142,Ventilator,15565.0,Sigor Sub-District Hospital,Bomet,2026-01-12,3.01,2.69,0.1063,False,
ME-00142,Ventilator,15565.0,Sigor Sub-District Hospital,Bomet,2026-01-19,5.22,4.2,0.1954,False,
ME-00142,Ventilator,15565.0,Sigor Sub-District Hospital,Bomet,2026-01-26,7.7,10.22,-0.3273,False,
ME-00142,Ventilator,15565.0,Sigor Sub-District Hospital,Bomet,2026-02-02,11.39,12.04,-0.0571,False,
ME-00142,Ventilator,15565.0,Sigor Sub-District Hospital,Bomet,2026-02-09,5.36,4.73,0.1175,False,
ME-00142,Ventilator,15565.0,Sigor Sub-District Hospital,Bomet,2026-02-16,2.04,1.88,0.0784,False,
ME-00142,Ventilator,15565.0,Sigor Sub-District Hospital,Bomet,2026-02-23,18.1,19.18,-0.0597,False,
ME-00142,Ventilator,15565.0,Sigor Sub-District Hospital,Bomet,2026-03-02,3.63,4.7,-0.2948,False,
ME-00142,Ventilator,15565.0,Sigor Sub-District Hospital,Bomet,2026-03-09,0.0,0.0,0.0,False,
ME-00142,Ventilator,15565.0,Sigor Sub-District Hospital,Bomet,2026-03-16,0.0,0.0,0.0,False,
ME-00142,Ventilator,15565.0,Sigor Sub-District Hospital,Bomet,2026-03-23,0.0,0.75,0.0,False,
ME-00142,Ventilator,15565.0,Sigor Sub-District Hospital,Bomet,2026-03-30,0.0,0.0,0.0,False,
ME-00143,Ventilator,24143.0,Tenwek Hospital Annex-Bomet,Bomet,2025-12-29,1.12,0.76,0.3214,False,
ME-00143,Ventilator,24143.0,Tenwek Hospital Annex-Bomet,Bomet,2026-01-05,0.53,1.53,-1.8868,False,
ME-00143,Ventilator,24143.0,Tenwek Hospital Annex-Bomet,Bomet,2026-01-12,1.4,0.28,0.8,False,
ME-00143,Ventilator,24143.0,Tenwek Hospital Annex-Bomet,Bomet,2026-01-19,0.29,0.69,-1.3793,False,
ME-00143,Ventilator,24143.0,Tenwek Hospital Annex-Bomet,Bomet,2026-01-26,0.0,0.38,0.0,False,
ME-00143,Ventilator,24143.0,Tenwek Hospital Annex-Bomet,Bomet,2026-02-02,6.93,8.31,-0.1991,False,
ME-00143,Ventilator,24143.0,Tenwek Hospital Annex-Bomet,Bomet,2026-02-09,0.0,0.6,0.0,False,
ME-00143,Ventilator,24143.0,Tenwek Hospital Annex-Bomet,Bomet,2026-02-16,0.0,0.0,0.0,False,
ME-00143,Ventilator,24143.0,Tenwek Hospital Annex-Bomet,Bomet,2026-02-23,0.23,1.49,-5.4783,False,
ME-00143,Ventilator,24143.0,Tenwek Hospital Annex-Bomet,Bomet,2026-03-02,1.81,2.32,-0.2818,False,
ME-00143,Ventilator,24143.0,Tenwek Hospital Annex-Bomet,Bomet,2026-03-09,0.0,0.0,0.0,False,
ME-00143,Ventilator,24143.0,Tenwek Hospital Annex-Bomet,Bomet,2026-03-16,1.11,0.94,0.1532,False,
ME-00143,Ventilator,24143.0,Tenwek Hospital Annex-Bomet,Bomet,2026-03-23,0.0,0.0,0.0,False,
ME-00143,Ventilator,24143.0,Tenwek Hospital Annex-Bomet,Bomet,2026-03-30,0.0,3.46,0.0,False,
ME-00144,Ventilator,10154.0,Vineyard Hospital,Kiambu,2025-12-29,1.17,0.81,0.3077,False,
ME-00144,Ventilator,10154.0,Vineyard Hospital,Kiambu,2026-01-05,1.93,1.96,-0.0155,False,
ME-00144,Ventilator,10154.0,Vineyard Hospital,Kiambu,2026-01-12,2.24,2.05,0.0848,False,
ME-00144,Ventilator,10154.0,Vineyard Hospital,Kiambu,2026-01-19,3.36,2.69,0.1994,False,
ME-00144,Ventilator,10154.0,Vineyard Hospital,Kiambu,2026-01-26,4.97,6.87,-0.3823,False,
ME-00144,Ventilator,10154.0,Vineyard Hospital,Kiambu,2026-02-02,8.49,7.38,0.1307,False,
ME-00144,Ventilator,10154.0,Vineyard Hospital,Kiambu,2026-02-09,2.33,3.35,-0.4378,False,
ME-00144,Ventilator,10154.0,Vineyard Hospital,Kiambu,2026-02-16,1.53,3.12,-1.0392,False,
ME-00144,Ventilator,10154.0,Vineyard Hospital,Kiambu,2026-02-23,11.43,12.37,-0.0822,False,
ME-00144,Ventilator,10154.0,Vineyard Hospital,Kiambu,2026-03-02,0.0,0.47,0.0,False,
ME-00144,Ventilator,10154.0,Vineyard Hospital,Kiambu,2026-03-09,0.0,0.0,0.0,False,
ME-00144,Ventilator,10154.0,Vineyard Hospital,Kiambu,2026-03-16,0.1,0.0,1.0,False,
ME-00144,Ventilator,10154.0,Vineyard Hospital,Kiambu,2026-03-23,18.24,19.51,-0.0696,False,
ME-00144,Ventilator,10154.0,Vineyard Hospital,Kiambu,2026-03-30,6.86,4.81,0.2988,False,
ME-00145,Patient Monitor,23559.0,The Nairobi Hospital Warwick Outpatient Center,Nairobi,2025-12-29,1.07,0.73,0.3178,True,"Usage-reporting discrepancy modeled on the 2026 national MES dialysis audit finding: machine usage counters showed materially more work performed than hospitals' paper registers recorded, by more than 30% in some cases."
ME-00145,Patient Monitor,23559.0,The Nairobi Hospital Warwick Outpatient Center,Nairobi,2026-01-05,2.28,1.59,0.3026,True,"Usage-reporting discrepancy modeled on the 2026 national MES dialysis audit finding: machine usage counters showed materially more work performed than hospitals' paper registers recorded, by more than 30% in some cases."
ME-00145,Patient Monitor,23559.0,The Nairobi Hospital Warwick Outpatient Center,Nairobi,2026-01-12,0.0,0.0,0.0,True,"Usage-reporting discrepancy modeled on the 2026 national MES dialysis audit finding: machine usage counters showed materially more work performed than hospitals' paper registers recorded, by more than 30% in some cases."
ME-00145,Patient Monitor,23559.0,The Nairobi Hospital Warwick Outpatient Center,Nairobi,2026-01-19,3.99,2.66,0.3333,True,"Usage-reporting discrepancy modeled on the 2026 national MES dialysis audit finding: machine usage counters showed materially more work performed than hospitals' paper registers recorded, by more than 30% in some cases."
ME-00145,Patient Monitor,23559.0,The Nairobi Hospital Warwick Outpatient Center,Nairobi,2026-01-26,3.28,2.37,0.2774,True,"Usage-reporting discrepancy modeled on the 2026 national MES dialysis audit finding: machine usage counters showed materially more work performed than hospitals' paper registers recorded, by more than 30% in some cases."
ME-00145,Patient Monitor,23559.0,The Nairobi Hospital Warwick Outpatient Center,Nairobi,2026-02-02,0.0,0.0,0.0,True,"Usage-reporting discrepancy modeled on the 2026 national MES dialysis audit finding: machine usage counters showed materially more work performed than hospitals' paper registers recorded, by more than 30% in some cases."
ME-00145,Patient Monitor,23559.0,The Nairobi Hospital Warwick Outpatient Center,Nairobi,2026-02-09,0.0,0.0,0.0,True,"Usage-reporting discrepancy modeled on the 2026 national MES dialysis audit finding: machine usage counters showed materially more work performed than hospitals' paper registers recorded, by more than 30% in some cases."
ME-00145,Patient Monitor,23559.0,The Nairobi Hospital Warwick Outpatient Center,Nairobi,2026-02-16,0.0,0.0,0.0,True,"Usage-reporting discrepancy modeled on the 2026 national MES dialysis audit finding: machine usage counters showed materially more work performed than hospitals' paper registers recorded, by more than 30% in some cases."
ME-00145,Patient Monitor,23559.0,The Nairobi Hospital Warwick Outpatient Center,Nairobi,2026-02-23,0.0,0.0,0.0,True,"Usage-reporting discrepancy modeled on the 2026 national MES dialysis audit finding: machine usage counters showed materially more work performed than hospitals' paper registers recorded, by more than 30% in some cases."
ME-00145,Patient Monitor,23559.0,The Nairobi Hospital Warwick Outpatient Center,Nairobi,2026-03-02,0.0,0.0,0.0,True,"Usage-reporting discrepancy modeled on the 2026 national MES dialysis audit finding: machine usage counters showed materially more work performed than hospitals' paper registers recorded, by more than 30% in some cases."
ME-00145,Patient Monitor,23559.0,The Nairobi Hospital Warwick Outpatient Center,Nairobi,2026-03-09,0.0,0.0,0.0,True,"Usage-reporting discrepancy modeled on the 2026 national MES dialysis audit finding: machine usage counters showed materially more work performed than hospitals' paper registers recorded, by more than 30% in some cases."
ME-00145,Patient Monitor,23559.0,The Nairobi Hospital Warwick Outpatient Center,Nairobi,2026-03-16,13.69,9.13,0.3331,True,"Usage-reporting discrepancy modeled on the 2026 national MES dialysis audit finding: machine usage counters showed materially more work performed than hospitals' paper registers recorded, by more than 30% in some cases."
ME-00145,Patient Monitor,23559.0,The Nairobi Hospital Warwick Outpatient Center,Nairobi,2026-03-23,3.63,2.58,0.2893,True,"Usage-reporting discrepancy modeled on the 2026 national MES dialysis audit finding: machine usage counters showed materially more work performed than hospitals' paper registers recorded, by more than 30% in some cases."
ME-00145,Patient Monitor,23559.0,The Nairobi Hospital Warwick Outpatient Center,Nairobi,2026-03-30,0.0,0.0,0.0,True,"Usage-reporting discrepancy modeled on the 2026 national MES dialysis audit finding: machine usage counters showed materially more work performed than hospitals' paper registers recorded, by more than 30% in some cases."
ME-00146,Patient Monitor,14366.0,Cheptalal Sub-County Hospital,Bomet,2025-12-29,1.28,1.74,-0.3594,False,
ME-00146,Patient Monitor,14366.0,Cheptalal Sub-County Hospital,Bomet,2026-01-05,2.11,0.37,0.8246,False,
ME-00146,Patient Monitor,14366.0,Cheptalal Sub-County Hospital,Bomet,2026-01-12,0.0,0.42,0.0,False,
ME-00146,Patient Monitor,14366.0,Cheptalal Sub-County Hospital,Bomet,2026-01-19,5.15,5.52,-0.0718,False,
ME-00146,Patient Monitor,14366.0,Cheptalal Sub-County Hospital,Bomet,2026-01-26,3.52,2.61,0.2585,False,
ME-00146,Patient Monitor,14366.0,Cheptalal Sub-County Hospital,Bomet,2026-02-02,0.0,0.32,0.0,False,
ME-00146,Patient Monitor,14366.0,Cheptalal Sub-County Hospital,Bomet,2026-02-09,0.0,0.12,0.0,False,
ME-00146,Patient Monitor,14366.0,Cheptalal Sub-County Hospital,Bomet,2026-02-16,0.0,0.0,0.0,False,
ME-00146,Patient Monitor,14366.0,Cheptalal Sub-County Hospital,Bomet,2026-02-23,9.29,9.68,-0.042,False,
ME-00146,Patient Monitor,14366.0,Cheptalal Sub-County Hospital,Bomet,2026-03-02,6.67,4.94,0.2594,False,
ME-00146,Patient Monitor,14366.0,Cheptalal Sub-County Hospital,Bomet,2026-03-09,2.93,2.11,0.2799,False,
ME-00146,Patient Monitor,14366.0,Cheptalal Sub-County Hospital,Bomet,2026-03-16,0.0,2.14,0.0,False,
ME-00146,Patient Monitor,14366.0,Cheptalal Sub-County Hospital,Bomet,2026-03-23,5.53,7.02,-0.2694,False,
ME-00146,Patient Monitor,14366.0,Cheptalal Sub-County Hospital,Bomet,2026-03-30,5.58,5.74,-0.0287,False,
ME-00147,Ventilator,23523.0,Bliss Medical Centre,Kirinyaga,2025-12-29,1.27,2.33,-0.8346,False,
ME-00147,Ventilator,23523.0,Bliss Medical Centre,Kirinyaga,2026-01-05,0.0,0.61,0.0,False,
ME-00147,Ventilator,23523.0,Bliss Medical Centre,Kirinyaga,2026-01-12,0.0,0.0,0.0,False,
ME-00147,Ventilator,23523.0,Bliss Medical Centre,Kirinyaga,2026-01-19,0.0,0.06,0.0,False,
ME-00147,Ventilator,23523.0,Bliss Medical Centre,Kirinyaga,2026-01-26,0.0,1.09,0.0,False,
ME-00147,Ventilator,23523.0,Bliss Medical Centre,Kirinyaga,2026-02-02,0.61,2.57,-3.2131,False,
ME-00147,Ventilator,23523.0,Bliss Medical Centre,Kirinyaga,2026-02-09,0.0,0.53,0.0,False,
ME-00147,Ventilator,23523.0,Bliss Medical Centre,Kirinyaga,2026-02-16,0.0,0.0,0.0,False,
ME-00147,Ventilator,23523.0,Bliss Medical Centre,Kirinyaga,2026-02-23,0.0,0.78,0.0,False,
ME-00147,Ventilator,23523.0,Bliss Medical Centre,Kirinyaga,2026-03-02,0.0,0.0,0.0,False,
ME-00147,Ventilator,23523.0,Bliss Medical Centre,Kirinyaga,2026-03-09,0.0,0.54,0.0,False,
ME-00147,Ventilator,23523.0,Bliss Medical Centre,Kirinyaga,2026-03-16,12.28,12.09,0.0155,False,
ME-00147,Ventilator,23523.0,Bliss Medical Centre,Kirinyaga,2026-03-23,0.0,1.12,0.0,False,
ME-00147,Ventilator,23523.0,Bliss Medical Centre,Kirinyaga,2026-03-30,15.56,15.22,0.0219,False,
ME-00148,Ventilator,11757.0,Riflot Medical Centre,Taita Taveta,2025-12-29,1.15,0.0,1.0,False,
ME-00148,Ventilator,11757.0,Riflot Medical Centre,Taita Taveta,2026-01-05,1.5,0.94,0.3733,False,
ME-00148,Ventilator,11757.0,Riflot Medical Centre,Taita Taveta,2026-01-12,3.19,2.9,0.0909,False,
ME-00148,Ventilator,11757.0,Riflot Medical Centre,Taita Taveta,2026-01-19,0.0,0.17,0.0,False,
ME-00148,Ventilator,11757.0,Riflot Medical Centre,Taita Taveta,2026-01-26,0.24,0.0,1.0,False,
ME-00148,Ventilator,11757.0,Riflot Medical Centre,Taita Taveta,2026-02-02,4.64,4.7,-0.0129,False,
ME-00148,Ventilator,11757.0,Riflot Medical Centre,Taita Taveta,2026-02-09,5.38,4.49,0.1654,False,
ME-00148,Ventilator,11757.0,Riflot Medical Centre,Taita Taveta,2026-02-16,0.36,0.04,0.8889,False,
ME-00148,Ventilator,11757.0,Riflot Medical Centre,Taita Taveta,2026-02-23,4.01,4.77,-0.1895,False,
ME-00148,Ventilator,11757.0,Riflot Medical Centre,Taita Taveta,2026-03-02,0.74,0.0,1.0,False,
ME-00148,Ventilator,11757.0,Riflot Medical Centre,Taita Taveta,2026-03-09,9.75,7.94,0.1856,False,
ME-00148,Ventilator,11757.0,Riflot Medical Centre,Taita Taveta,2026-03-16,6.73,6.17,0.0832,False,
ME-00148,Ventilator,11757.0,Riflot Medical Centre,Taita Taveta,2026-03-23,8.81,8.85,-0.0045,False,
ME-00148,Ventilator,11757.0,Riflot Medical Centre,Taita Taveta,2026-03-30,0.52,0.65,-0.25,False,
ME-00149,Ventilator,14511.0,Gilgil Military Regional Hospital,Nakuru,2025-12-29,1.47,0.96,0.3469,True,"Usage-reporting discrepancy modeled on the 2026 national MES dialysis audit finding: machine usage counters showed materially more work performed than hospitals' paper registers recorded, by more than 30% in some cases. Maintenance-neglect-to-breakdown pattern modeled on the MES 125-hospital equipment-halt case, where machines across facilities ground to a halt due to lack of maintenance."
ME-00149,Ventilator,14511.0,Gilgil Military Regional Hospital,Nakuru,2026-01-05,0.76,0.46,0.3947,True,"Usage-reporting discrepancy modeled on the 2026 national MES dialysis audit finding: machine usage counters showed materially more work performed than hospitals' paper registers recorded, by more than 30% in some cases. Maintenance-neglect-to-breakdown pattern modeled on the MES 125-hospital equipment-halt case, where machines across facilities ground to a halt due to lack of maintenance."
ME-00149,Ventilator,14511.0,Gilgil Military Regional Hospital,Nakuru,2026-01-12,0.0,0.0,0.0,True,"Usage-reporting discrepancy modeled on the 2026 national MES dialysis audit finding: machine usage counters showed materially more work performed than hospitals' paper registers recorded, by more than 30% in some cases. Maintenance-neglect-to-breakdown pattern modeled on the MES 125-hospital equipment-halt case, where machines across facilities ground to a halt due to lack of maintenance."
ME-00149,Ventilator,14511.0,Gilgil Military Regional Hospital,Nakuru,2026-01-19,1.5,0.94,0.3733,True,"Usage-reporting discrepancy modeled on the 2026 national MES dialysis audit finding: machine usage counters showed materially more work performed than hospitals' paper registers recorded, by more than 30% in some cases. Maintenance-neglect-to-breakdown pattern modeled on the MES 125-hospital equipment-halt case, where machines across facilities ground to a halt due to lack of maintenance."
ME-00149,Ventilator,14511.0,Gilgil Military Regional Hospital,Nakuru,2026-01-26,3.49,2.3,0.341,True,"Usage-reporting discrepancy modeled on the 2026 national MES dialysis audit finding: machine usage counters showed materially more work performed than hospitals' paper registers recorded, by more than 30% in some cases. Maintenance-neglect-to-breakdown pattern modeled on the MES 125-hospital equipment-halt case, where machines across facilities ground to a halt due to lack of maintenance."
ME-00149,Ventilator,14511.0,Gilgil Military Regional Hospital,Nakuru,2026-02-02,5.39,3.44,0.3618,True,"Usage-reporting discrepancy modeled on the 2026 national MES dialysis audit finding: machine usage counters showed materially more work performed than hospitals' paper registers recorded, by more than 30% in some cases. Maintenance-neglect-to-breakdown pattern modeled on the MES 125-hospital equipment-halt case, where machines across facilities ground to a halt due to lack of maintenance."
ME-00149,Ventilator,14511.0,Gilgil Military Regional Hospital,Nakuru,2026-02-09,4.02,2.87,0.2861,True,"Usage-reporting discrepancy modeled on the 2026 national MES dialysis audit finding: machine usage counters showed materially more work performed than hospitals' paper registers recorded, by more than 30% in some cases. Maintenance-neglect-to-breakdown pattern modeled on the MES 125-hospital equipment-halt case, where machines across facilities ground to a halt due to lack of maintenance."
ME-00149,Ventilator,14511.0,Gilgil Military Regional Hospital,Nakuru,2026-02-16,6.19,3.82,0.3829,True,"Usage-reporting discrepancy modeled on the 2026 national MES dialysis audit finding: machine usage counters showed materially more work performed than hospitals' paper registers recorded, by more than 30% in some cases. Maintenance-neglect-to-breakdown pattern modeled on the MES 125-hospital equipment-halt case, where machines across facilities ground to a halt due to lack of maintenance."
ME-00149,Ventilator,14511.0,Gilgil Military Regional Hospital,Nakuru,2026-02-23,4.84,3.17,0.345,True,"Usage-reporting discrepancy modeled on the 2026 national MES dialysis audit finding: machine usage counters showed materially more work performed than hospitals' paper registers recorded, by more than 30% in some cases. Maintenance-neglect-to-breakdown pattern modeled on the MES 125-hospital equipment-halt case, where machines across facilities ground to a halt due to lack of maintenance."
ME-00149,Ventilator,14511.0,Gilgil Military Regional Hospital,Nakuru,2026-03-02,10.86,7.01,0.3545,True,"Usage-reporting discrepancy modeled on the 2026 national MES dialysis audit finding: machine usage counters showed materially more work performed than hospitals' paper registers recorded, by more than 30% in some cases. Maintenance-neglect-to-breakdown pattern modeled on the MES 125-hospital equipment-halt case, where machines across facilities ground to a halt due to lack of maintenance."
ME-00149,Ventilator,14511.0,Gilgil Military Regional Hospital,Nakuru,2026-03-09,19.45,11.1,0.4293,True,"Usage-reporting discrepancy modeled on the 2026 national MES dialysis audit finding: machine usage counters showed materially more work performed than hospitals' paper registers recorded, by more than 30% in some cases. Maintenance-neglect-to-breakdown pattern modeled on the MES 125-hospital equipment-halt case, where machines across facilities ground to a halt due to lack of maintenance."
ME-00149,Ventilator,14511.0,Gilgil Military Regional Hospital,Nakuru,2026-03-16,4.77,3.16,0.3375,True,"Usage-reporting discrepancy modeled on the 2026 national MES dialysis audit finding: machine usage counters showed materially more work performed than hospitals' paper registers recorded, by more than 30% in some cases. Maintenance-neglect-to-breakdown pattern modeled on the MES 125-hospital equipment-halt case, where machines across facilities ground to a halt due to lack of maintenance."
ME-00149,Ventilator,14511.0,Gilgil Military Regional Hospital,Nakuru,2026-03-23,0.0,0.0,0.0,True,"Usage-reporting discrepancy modeled on the 2026 national MES dialysis audit finding: machine usage counters showed materially more work performed than hospitals' paper registers recorded, by more than 30% in some cases. Maintenance-neglect-to-breakdown pattern modeled on the MES 125-hospital equipment-halt case, where machines across facilities ground to a halt due to lack of maintenance."
ME-00149,Ventilator,14511.0,Gilgil Military Regional Hospital,Nakuru,2026-03-30,5.98,3.89,0.3495,True,"Usage-reporting discrepancy modeled on the 2026 national MES dialysis audit finding: machine usage counters showed materially more work performed than hospitals' paper registers recorded, by more than 30% in some cases. Maintenance-neglect-to-breakdown pattern modeled on the MES 125-hospital equipment-halt case, where machines across facilities ground to a halt due to lack of maintenance."
ME-00150,Hemodialysis,15946.0,Kima Mission Hospital,Vihiga,2025-12-29,0.83,1.01,-0.2169,False,
ME-00150,Hemodialysis,15946.0,Kima Mission Hospital,Vihiga,2026-01-05,1.8,1.26,0.3,False,
ME-00150,Hemodialysis,15946.0,Kima Mission Hospital,Vihiga,2026-01-12,3.6,3.41,0.0528,False,
ME-00150,Hemodialysis,15946.0,Kima Mission Hospital,Vihiga,2026-01-19,3.32,4.41,-0.3283,False,
ME-00150,Hemodialysis,15946.0,Kima Mission Hospital,Vihiga,2026-01-26,2.98,1.64,0.4497,False,
ME-00150,Hemodialysis,15946.0,Kima Mission Hospital,Vihiga,2026-02-02,5.86,5.46,0.0683,False,
ME-00150,Hemodialysis,15946.0,Kima Mission Hospital,Vihiga,2026-02-09,0.0,1.55,0.0,False,
ME-00150,Hemodialysis,15946.0,Kima Mission Hospital,Vihiga,2026-02-16,14.94,17.41,-0.1653,False,
ME-00150,Hemodialysis,15946.0,Kima Mission Hospital,Vihiga,2026-02-23,0.0,0.68,0.0,False,
ME-00150,Hemodialysis,15946.0,Kima Mission Hospital,Vihiga,2026-03-02,4.69,3.55,0.2431,False,
ME-00150,Hemodialysis,15946.0,Kima Mission Hospital,Vihiga,2026-03-09,0.69,1.03,-0.4928,False,
ME-00150,Hemodialysis,15946.0,Kima Mission Hospital,Vihiga,2026-03-16,5.44,6.1,-0.1213,False,
ME-00150,Hemodialysis,15946.0,Kima Mission Hospital,Vihiga,2026-03-23,3.91,3.1,0.2072,False,
ME-00150,Hemodialysis,15946.0,Kima Mission Hospital,Vihiga,2026-03-30,5.83,4.79,0.1784,False,
